ticker,date,close
3IN.L,2026-09-29,390.0
3IN.L,2026-09-30,394.5
3IN.L,2026-10-01,389.0
3IN.L,2026-10-02,387.5
3IN.L,2026-10-05,386.455
A,2026-09-28,175.21
A,2026-09-29,175.03
A,2026-09-30,172.31
A,2026-10-01,166.68
A,2026-10-02,167.78
A2A.MI,2026-09-29,2.252
A2A.MI,2026-09-30,2.263
A2A.MI,2026-10-01,2.232
A2A.MI,2026-10-02,2.245
A2A.MI,2026-10-05,2.239
AAF.L,2026-09-29,311.0
AAF.L,2026-09-30,300.6
AAF.L,2026-10-01,304.6
AAF.L,2026-10-02,307.6
AAF.L,2026-10-05,311.2
AAL.L,2026-09-29,3992.0
AAL.L,2026-09-30,4060.0
AAL.L,2026-10-01,3979.0
AAL.L,2026-10-02,4097.0
AAL.L,2026-10-05,4160.5
AAPL,2026-09-28,338.4
AAPL,2026-09-29,329.4
AAPL,2026-09-30,333.02
AAPL,2026-10-01,330.32
AAPL,2026-10-02,333.69
AAS.L,2026-09-29,463.0
AAS.L,2026-09-30,462.0
AAS.L,2026-10-01,463.0
AAS.L,2026-10-02,468.0
AAS.L,2026-10-05,474.3005
ABBV,2026-09-28,266.28
ABBV,2026-09-29,263.29
ABBV,2026-09-30,261.59
ABBV,2026-10-01,259.93
ABBV,2026-10-02,262.82
ABDN.L,2026-09-29,246.0
ABDN.L,2026-09-30,248.4
ABDN.L,2026-10-01,242.4
ABDN.L,2026-10-02,243.2
ABDN.L,2026-10-05,243.8
ABF.L,2026-09-29,1860.0
ABF.L,2026-09-30,1858.0
ABF.L,2026-10-01,1831.0
ABF.L,2026-10-02,1826.0
ABF.L,2026-10-05,1830.0
ABI.BR,2026-09-29,65.4
ABI.BR,2026-09-30,65.32
ABI.BR,2026-10-01,64.56
ABI.BR,2026-10-02,64.88
ABI.BR,2026-10-05,66.66
ABNB,2026-09-28,156.08
ABNB,2026-09-29,156.96
ABNB,2026-09-30,160.65
ABNB,2026-10-01,160.47
ABNB,2026-10-02,162.43
ABT,2026-09-28,100.98
ABT,2026-09-29,100.95
ABT,2026-09-30,98.83
ABT,2026-10-01,96.69
ABT,2026-10-02,97.5
AC.PA,2026-09-29,46.15
AC.PA,2026-09-30,45.85
AC.PA,2026-10-01,44.01
AC.PA,2026-10-02,44.2
AC.PA,2026-10-05,43.89
ACA.PA,2026-09-29,17.83
ACA.PA,2026-09-30,17.57
ACA.PA,2026-10-01,16.92
ACA.PA,2026-10-02,16.885
ACA.PA,2026-10-05,16.875
ACGL,2026-09-28,94.9
ACGL,2026-09-29,95.12
ACGL,2026-09-30,92.36
ACGL,2026-10-01,94.26
ACGL,2026-10-02,93.6
ACN,2026-09-28,174.47
ACN,2026-09-29,177.12
ACN,2026-09-30,183.37
ACN,2026-10-01,212.3
ACN,2026-10-02,198.9
AD.AS,2026-09-29,31.98
AD.AS,2026-09-30,31.85
AD.AS,2026-10-01,31.65
AD.AS,2026-10-02,31.5
AD.AS,2026-10-05,31.76
ADBE,2026-09-28,231.01
ADBE,2026-09-29,233.17
ADBE,2026-09-30,239.94
ADBE,2026-10-01,241.28
ADBE,2026-10-02,237.69
ADI,2026-09-28,395.43
ADI,2026-09-29,398.22
ADI,2026-09-30,396.71
ADI,2026-10-01,404.6
ADI,2026-10-02,417.15
ADM,2026-09-28,80.38
ADM,2026-09-29,79.4
ADM,2026-09-30,79.38
ADM,2026-10-01,79.52
ADM,2026-10-02,80.45
ADM.L,2026-09-29,3626.0
ADM.L,2026-09-30,3616.0
ADM.L,2026-10-01,3586.0
ADM.L,2026-10-02,3588.0
ADM.L,2026-10-05,3612.0
ADP,2026-09-28,261.8
ADP,2026-09-29,261.8
ADP,2026-09-30,258.06
ADP,2026-10-01,263.96
ADP,2026-10-02,257.68
ADS.DE,2026-09-29,145.75
ADS.DE,2026-09-30,145.3
ADS.DE,2026-10-01,142.65
ADS.DE,2026-10-02,144.05
ADS.DE,2026-10-05,142.45
ADSK,2026-09-28,207.19
ADSK,2026-09-29,203.18
ADSK,2026-09-30,209.0
ADSK,2026-10-01,211.31
ADSK,2026-10-02,212.0
ADYEN.AS,2026-09-29,870.0
ADYEN.AS,2026-09-30,876.6
ADYEN.AS,2026-10-01,855.6
ADYEN.AS,2026-10-02,859.4
ADYEN.AS,2026-10-05,849.8
AEE,2026-09-28,99.39
AEE,2026-09-29,100.25
AEE,2026-09-30,99.38
AEE,2026-10-01,99.64
AEE,2026-10-02,99.94
AEP,2026-09-28,118.2
AEP,2026-09-29,119.3
AEP,2026-09-30,118.64
AEP,2026-10-01,119.75
AEP,2026-10-02,119.57
AEP.L,2026-09-29,205.5
AEP.L,2026-09-30,205.0
AEP.L,2026-10-01,198.2
AEP.L,2026-10-02,197.2
AEP.L,2026-10-05,195.0
AES,2026-09-28,14.87
AES,2026-09-29,14.86
AES,2026-09-30,14.9
AES,2026-10-01,14.92
AES,2026-10-02,14.91
AFL,2026-09-28,113.55
AFL,2026-09-29,113.66
AFL,2026-09-30,111.78
AFL,2026-10-01,111.18
AFL,2026-10-02,111.54
AGT.L,2026-09-29,257.0
AGT.L,2026-09-30,256.0
AGT.L,2026-10-01,254.0
AGT.L,2026-10-02,255.5
AGT.L,2026-10-05,254.0
AI.PA,2026-09-29,168.88
AI.PA,2026-09-30,170.88
AI.PA,2026-10-01,166.44
AI.PA,2026-10-02,170.16
AI.PA,2026-10-05,173.84
AIE.L,2026-09-29,247.5
AIE.L,2026-09-30,247.0
AIE.L,2026-10-01,244.5
AIE.L,2026-10-02,243.5
AIE.L,2026-10-05,242.333
AIG,2026-09-28,72.78
AIG,2026-09-29,75.27
AIG,2026-09-30,74.42
AIG,2026-10-01,75.43
AIG,2026-10-02,74.93
AIR.PA,2026-09-29,190.48
AIR.PA,2026-09-30,190.62
AIR.PA,2026-10-01,185.6
AIR.PA,2026-10-02,189.3
AIR.PA,2026-10-05,189.84
AIZ,2026-09-28,263.53
AIZ,2026-09-29,263.65
AIZ,2026-09-30,263.5
AIZ,2026-10-01,266.24
AIZ,2026-10-02,267.32
AJB.L,2026-09-29,577.5
AJB.L,2026-09-30,584.0
AJB.L,2026-10-01,576.0
AJB.L,2026-10-02,581.5
AJB.L,2026-10-05,583.2425
AJG,2026-09-28,229.46
AJG,2026-09-29,227.75
AJG,2026-09-30,228.11
AJG,2026-10-01,231.82
AJG,2026-10-02,226.11
AKAM,2026-09-28,108.99
AKAM,2026-09-29,108.45
AKAM,2026-09-30,106.35
AKAM,2026-10-01,106.93
AKAM,2026-10-02,108.92
ALB,2026-09-28,107.39
ALB,2026-09-29,107.62
ALB,2026-09-30,105.78
ALB,2026-10-01,105.03
ALB,2026-10-02,104.59
ALFA.L,2026-09-29,154.6
ALFA.L,2026-09-30,156.8
ALFA.L,2026-10-01,155.6
ALFA.L,2026-10-02,155.0
ALFA.L,2026-10-05,156.28
ALGN,2026-09-28,145.0
ALGN,2026-09-29,144.01
ALGN,2026-09-30,145.35
ALGN,2026-10-01,145.35
ALGN,2026-10-02,143.74
ALL,2026-09-28,227.55
ALL,2026-09-29,225.42
ALL,2026-09-30,221.86
ALL,2026-10-01,224.41
ALL,2026-10-02,223.74
ALLE,2026-09-28,155.38
ALLE,2026-09-29,155.43
ALLE,2026-09-30,153.77
ALLE,2026-10-01,154.28
ALLE,2026-10-02,154.21
ALV.DE,2026-09-29,422.8
ALV.DE,2026-09-30,416.3
ALV.DE,2026-10-01,412.0
ALV.DE,2026-10-02,416.2
ALV.DE,2026-10-05,419.0
ALW.L,2026-09-29,1380.0
ALW.L,2026-09-30,1380.0
ALW.L,2026-10-01,1373.0
ALW.L,2026-10-02,1387.0
ALW.L,2026-10-05,1390.0
AMAT,2026-09-28,486.76
AMAT,2026-09-29,512.01
AMAT,2026-09-30,511.38
AMAT,2026-10-01,529.3
AMAT,2026-10-02,540.04
AMCR,2026-09-28,42.79
AMCR,2026-09-29,42.46
AMCR,2026-09-30,41.86
AMCR,2026-10-01,41.81
AMCR,2026-10-02,41.86
AMD,2026-09-28,607.87
AMD,2026-09-29,607.57
AMD,2026-09-30,611.76
AMD,2026-10-01,615.73
AMD,2026-10-02,633.91
AME,2026-09-28,251.67
AME,2026-09-29,250.78
AME,2026-09-30,247.73
AME,2026-10-01,249.09
AME,2026-10-02,251.93
AMGN,2026-09-28,418.13
AMGN,2026-09-29,423.64
AMGN,2026-09-30,421.51
AMGN,2026-10-01,407.27
AMGN,2026-10-02,403.04
AMP,2026-09-28,496.16
AMP,2026-09-29,497.32
AMP,2026-09-30,492.35
AMP,2026-10-01,494.82
AMP,2026-10-02,490.91
AMP.MI,2026-09-29,11.96
AMP.MI,2026-09-30,12.1
AMP.MI,2026-10-01,11.785
AMP.MI,2026-10-02,11.555
AMP.MI,2026-10-05,12.055
AMT,2026-09-28,168.0
AMT,2026-09-29,167.35
AMT,2026-09-30,163.69
AMT,2026-10-01,161.06
AMT,2026-10-02,162.2
AMZN,2026-09-28,246.15
AMZN,2026-09-29,246.67
AMZN,2026-09-30,249.15
AMZN,2026-10-01,248.23
AMZN,2026-10-02,251.52
ANET,2026-09-28,204.92
ANET,2026-09-29,202.86
ANET,2026-09-30,203.59
ANET,2026-10-01,204.49
ANET,2026-10-02,207.35
ANTO.L,2026-09-29,3650.0
ANTO.L,2026-09-30,3766.0
ANTO.L,2026-10-01,3690.0
ANTO.L,2026-10-02,3802.0
ANTO.L,2026-10-05,3821.0
AO.L,2026-09-29,88.9
AO.L,2026-09-30,89.5
AO.L,2026-10-01,88.0
AO.L,2026-10-02,88.2
AO.L,2026-10-05,88.5
AON,2026-09-28,272.1
AON,2026-09-29,275.9
AON,2026-09-30,276.77
AON,2026-10-01,275.95
AON,2026-10-02,269.45
AOS,2026-09-28,58.38
AOS,2026-09-29,58.02
AOS,2026-09-30,56.37
AOS,2026-10-01,56.67
AOS,2026-10-02,56.75
APA,2026-09-28,42.33
APA,2026-09-29,42.19
APA,2026-09-30,41.54
APA,2026-10-01,43.34
APA,2026-10-02,43.68
APD,2026-09-28,278.75
APD,2026-09-29,279.19
APD,2026-09-30,278.23
APD,2026-10-01,273.33
APD,2026-10-02,277.57
APH,2026-09-28,84.62
APH,2026-09-29,84.34
APH,2026-09-30,84.3
APH,2026-10-01,85.67
APH,2026-10-02,86.96
APN.L,2026-09-29,273.0
APN.L,2026-09-30,274.0
APN.L,2026-10-01,267.5
APN.L,2026-10-02,265.5
APN.L,2026-10-05,267.0
APO,2026-09-28,119.0
APO,2026-09-29,119.0
APO,2026-09-30,116.06
APO,2026-10-01,114.34
APO,2026-10-02,114.02
APP,2026-09-28,308.24
APP,2026-09-29,305.66
APP,2026-09-30,290.43
APP,2026-10-01,281.31
APP,2026-10-02,268.22
APTV,2026-09-28,43.64
APTV,2026-09-29,43.37
APTV,2026-09-30,43.02
APTV,2026-10-01,43.97
APTV,2026-10-02,43.54
ARE,2026-09-28,48.66
ARE,2026-09-29,48.47
ARE,2026-09-30,47.46
ARE,2026-10-01,47.03
ARE,2026-10-02,47.37
ARES,2026-09-28,118.34
ARES,2026-09-29,118.97
ARES,2026-09-30,116.17
ARES,2026-10-01,116.57
ARES,2026-10-02,117.55
ARGX,2026-09-28,972.25
ARGX,2026-09-29,970.66
ARGX,2026-09-30,958.91
ARGX,2026-10-01,936.0
ARGX,2026-10-02,919.21
ARGX.BR,2026-09-29,848.4
ARGX.BR,2026-09-30,846.8
ARGX.BR,2026-10-01,841.6
ARGX.BR,2026-10-02,815.4
ARGX.BR,2026-10-05,825.0
ASHM.L,2026-09-29,215.8
ASHM.L,2026-09-30,217.0
ASHM.L,2026-10-01,213.0
ASHM.L,2026-10-02,217.6
ASHM.L,2026-10-05,216.0
ASL.L,2026-09-29,1800.0
ASL.L,2026-09-30,1818.0
ASL.L,2026-10-01,1802.0
ASL.L,2026-10-02,1794.0
ASL.L,2026-10-05,1797.5
ASML,2026-09-28,1771.41
ASML,2026-09-29,1834.39
ASML,2026-09-30,1811.67
ASML,2026-10-01,1808.49
ASML,2026-10-02,1867.3101
ASML.AS,2026-09-29,1601.2
ASML.AS,2026-09-30,1596.8
ASML.AS,2026-10-01,1597.0
ASML.AS,2026-10-02,1653.0
ASML.AS,2026-10-05,1651.0
ATG.L,2026-09-29,439.6
ATG.L,2026-09-30,461.8
ATG.L,2026-10-01,458.8
ATG.L,2026-10-02,457.4
ATG.L,2026-10-05,453.88
ATO,2026-09-28,157.05
ATO,2026-09-29,157.6
ATO,2026-09-30,156.44
ATO,2026-10-01,156.38
ATO,2026-10-02,157.17
ATR.L,2026-09-29,729.0
ATR.L,2026-09-30,722.0
ATR.L,2026-10-01,718.0
ATR.L,2026-10-02,718.0
ATR.L,2026-10-05,721.0
ATT.L,2026-09-29,759.0
ATT.L,2026-09-30,771.0
ATT.L,2026-10-01,763.0
ATT.L,2026-10-02,775.0
ATT.L,2026-10-05,771.7019
ATYM.L,2026-09-29,1055.0
ATYM.L,2026-09-30,1080.0
ATYM.L,2026-10-01,1042.0
ATYM.L,2026-10-02,1043.0
ATYM.L,2026-10-05,1063.0
AUTO.L,2026-09-29,448.1
AUTO.L,2026-09-30,452.8
AUTO.L,2026-10-01,460.4
AUTO.L,2026-10-02,461.7
AUTO.L,2026-10-05,462.8
AV.L,2026-09-29,694.8
AV.L,2026-09-30,686.4
AV.L,2026-10-01,672.4
AV.L,2026-10-02,678.4
AV.L,2026-10-05,680.2
AVGO,2026-09-28,349.57
AVGO,2026-09-29,355.1
AVGO,2026-09-30,351.19
AVGO,2026-10-01,343.64
AVGO,2026-10-02,355.14
AVIO.MI,2026-09-29,29.56
AVIO.MI,2026-09-30,29.36
AVIO.MI,2026-10-01,29.33
AVIO.MI,2026-10-02,29.18
AVIO.MI,2026-10-05,30.1
AVON.L,2026-09-29,1802.0
AVON.L,2026-09-30,1844.0
AVON.L,2026-10-01,1838.0
AVON.L,2026-10-02,1882.0
AVON.L,2026-10-05,1880.0
AVY,2026-09-28,171.89
AVY,2026-09-29,170.78
AVY,2026-09-30,170.67
AVY,2026-10-01,171.62
AVY,2026-10-02,169.87
AWK,2026-09-28,128.93
AWK,2026-09-29,129.8
AWK,2026-09-30,129.47
AWK,2026-10-01,127.86
AWK,2026-10-02,130.25
AXON,2026-09-28,424.75
AXON,2026-09-29,419.58
AXON,2026-09-30,422.52
AXON,2026-10-01,422.21
AXON,2026-10-02,413.35
AXP,2026-09-28,306.33
AXP,2026-09-29,305.4
AXP,2026-09-30,304.1
AXP,2026-10-01,302.09
AXP,2026-10-02,302.78
AZM.MI,2026-09-29,39.43
AZM.MI,2026-09-30,38.9
AZM.MI,2026-10-01,37.87
AZM.MI,2026-10-02,37.88
AZM.MI,2026-10-05,38.07
AZN,2026-09-28,166.15
AZN,2026-09-29,164.21
AZN,2026-09-30,161.47
AZN,2026-10-01,157.7
AZN,2026-10-02,156.9
AZN.L,2026-09-29,12428.0
AZN.L,2026-09-30,12280.0
AZN.L,2026-10-01,12032.0
AZN.L,2026-10-02,11870.0
AZN.L,2026-10-05,11928.0
AZO,2026-09-28,2913.28
AZO,2026-09-29,2875.97
AZO,2026-09-30,2830.02
AZO,2026-10-01,2819.03
AZO,2026-10-02,2792.03
BA,2026-09-28,184.39
BA,2026-09-29,187.68
BA,2026-09-30,186.05
BA,2026-10-01,192.28
BA,2026-10-02,193.56
BA.L,2026-09-29,1947.5
BA.L,2026-09-30,1957.5
BA.L,2026-10-01,1943.0
BA.L,2026-10-02,1921.0
BA.L,2026-10-05,1937.5
BAB.L,2026-09-29,999.0
BAB.L,2026-09-30,987.0
BAB.L,2026-10-01,949.2
BAB.L,2026-10-02,922.2
BAB.L,2026-10-05,936.2
BAC,2026-09-28,55.47
BAC,2026-09-29,54.96
BAC,2026-09-30,54.43
BAC,2026-10-01,53.73
BAC,2026-10-02,53.75
BAG.L,2026-09-29,578.0
BAG.L,2026-09-30,576.0
BAG.L,2026-10-01,547.0
BAG.L,2026-10-02,542.0
BAG.L,2026-10-05,550.486
BALL,2026-09-28,57.13
BALL,2026-09-29,56.65
BALL,2026-09-30,56.03
BALL,2026-10-01,56.5
BALL,2026-10-02,56.37
BAMI.MI,2026-09-29,16.255
BAMI.MI,2026-09-30,15.92
BAMI.MI,2026-10-01,15.34
BAMI.MI,2026-10-02,15.225
BAMI.MI,2026-10-05,15.315
BARC.L,2026-09-29,459.0
BARC.L,2026-09-30,457.55
BARC.L,2026-10-01,438.95
BARC.L,2026-10-02,443.65
BARC.L,2026-10-05,447.05
BAS.DE,2026-09-29,49.94
BAS.DE,2026-09-30,50.18
BAS.DE,2026-10-01,49.4
BAS.DE,2026-10-02,49.925
BAS.DE,2026-10-05,50.13
BATS.L,2026-09-29,4144.0
BATS.L,2026-09-30,4129.0
BATS.L,2026-10-01,3984.0
BATS.L,2026-10-02,3960.0
BATS.L,2026-10-05,4002.0
BAX,2026-09-28,23.49
BAX,2026-09-29,23.48
BAX,2026-09-30,24.0
BAX,2026-10-01,23.64
BAX,2026-10-02,23.49
BAYN.DE,2026-09-29,48.88
BAYN.DE,2026-09-30,47.95
BAYN.DE,2026-10-01,45.4
BAYN.DE,2026-10-02,44.94
BAYN.DE,2026-10-05,44.58
BBOX.L,2026-09-29,146.3
BBOX.L,2026-09-30,146.0
BBOX.L,2026-10-01,140.9
BBOX.L,2026-10-02,140.8
BBOX.L,2026-10-05,140.9
BBVA,2026-09-28,28.8
BBVA,2026-09-29,28.64
BBVA,2026-09-30,27.87
BBVA,2026-10-01,26.87
BBVA,2026-10-02,26.98
BBVA.MC,2026-09-29,25.18
BBVA.MC,2026-09-30,24.81
BBVA.MC,2026-10-01,23.81
BBVA.MC,2026-10-02,23.73
BBVA.MC,2026-10-05,23.98
BBY,2026-09-28,89.91
BBY,2026-09-29,88.75
BBY,2026-09-30,88.24
BBY,2026-10-01,87.7
BBY,2026-10-02,87.97
BBY.L,2026-09-29,930.5
BBY.L,2026-09-30,922.0
BBY.L,2026-10-01,920.0
BBY.L,2026-10-02,937.5
BBY.L,2026-10-05,922.5
BC.MI,2026-09-29,82.88
BC.MI,2026-09-30,81.22
BC.MI,2026-10-01,79.0
BC.MI,2026-10-02,80.18
BC.MI,2026-10-05,80.54
BCG.L,2026-09-29,2.04
BCG.L,2026-09-30,2.03
BCG.L,2026-10-01,2.04
BCG.L,2026-10-02,2.056
BCG.L,2026-10-05,2.012
BCS,2026-09-28,24.61
BCS,2026-09-29,24.49
BCS,2026-09-30,24.27
BCS,2026-10-01,23.64
BCS,2026-10-02,23.71
BDX,2026-09-28,183.83
BDX,2026-09-29,181.97
BDX,2026-09-30,179.0
BDX,2026-10-01,178.07
BDX,2026-10-02,176.8
BE,2026-09-28,262.87
BE,2026-09-29,291.25
BE,2026-09-30,276.98
BE,2026-10-01,277.58
BE,2026-10-02,289.15
BEI.DE,2026-09-29,77.58
BEI.DE,2026-09-30,76.94
BEI.DE,2026-10-01,75.76
BEI.DE,2026-10-02,75.4
BEI.DE,2026-10-05,76.2
BEN,2026-09-28,32.68
BEN,2026-09-29,32.67
BEN,2026-09-30,32.12
BEN,2026-10-01,32.5
BEN,2026-10-02,32.81
BEZ.L,2026-09-29,1308.0
BEZ.L,2026-09-30,1308.5
BEZ.L,2026-10-01,1308.5
BEZ.L,2026-10-02,1308.5
BF-B,2026-09-28,26.03
BF-B,2026-09-29,26.29
BF-B,2026-09-30,26.2
BF-B,2026-10-01,25.97
BF-B,2026-10-02,26.16
BG,2026-09-28,109.06
BG,2026-09-29,108.14
BG,2026-09-30,106.95
BG,2026-10-01,106.61
BG,2026-10-02,106.72
BGEO.L,2026-09-29,14380.0
BGEO.L,2026-09-30,14370.0
BGEO.L,2026-10-01,13540.0
BGEO.L,2026-10-02,13260.0
BGEO.L,2026-10-05,13330.0
BGFD.L,2026-09-29,1082.0
BGFD.L,2026-09-30,1098.0
BGFD.L,2026-10-01,1090.0
BGFD.L,2026-10-02,1096.0
BGFD.L,2026-10-05,1089.0
BHMG.L,2026-09-29,412.0
BHMG.L,2026-09-30,413.0
BHMG.L,2026-10-01,411.5
BHMG.L,2026-10-02,411.5
BHMG.L,2026-10-05,411.7
BIIB,2026-09-28,228.69
BIIB,2026-09-29,227.07
BIIB,2026-09-30,225.88
BIIB,2026-10-01,222.82
BIIB,2026-10-02,219.88
BKG.L,2026-09-29,3356.0
BKG.L,2026-09-30,3348.0
BKG.L,2026-10-01,3190.0
BKG.L,2026-10-02,3248.0
BKG.L,2026-10-05,3206.0
BKNG,2026-09-28,163.87
BKNG,2026-09-29,162.34
BKNG,2026-09-30,162.91
BKNG,2026-10-01,160.28
BKNG,2026-10-02,159.02
BKR,2026-09-28,57.12
BKR,2026-09-29,55.92
BKR,2026-09-30,54.9
BKR,2026-10-01,55.62
BKR,2026-10-02,56.0
BLK,2026-09-28,1071.25
BLK,2026-09-29,1067.9399
BLK,2026-09-30,1058.29
BLK,2026-10-01,1064.36
BLK,2026-10-02,1059.63
BLND.L,2026-09-29,393.2
BLND.L,2026-09-30,398.4
BLND.L,2026-10-01,381.2
BLND.L,2026-10-02,389.4
BLND.L,2026-10-05,390.6
BME.L,2026-09-29,252.0
BME.L,2026-09-30,255.4
BME.L,2026-10-01,251.8
BME.L,2026-10-02,250.8
BME.L,2026-10-05,246.0
BMED.MI,2026-09-29,23.56
BMED.MI,2026-09-30,23.97
BMED.MI,2026-10-01,22.94
BMED.MI,2026-10-02,23.2
BMED.MI,2026-10-05,23.31
BMPS.MI,2026-09-29,11.916
BMPS.MI,2026-09-30,11.752
BMPS.MI,2026-10-01,11.312
BMPS.MI,2026-10-02,11.278
BMPS.MI,2026-10-05,11.39
BMW.DE,2026-09-29,54.5
BMW.DE,2026-09-30,55.32
BMW.DE,2026-10-01,54.82
BMW.DE,2026-10-02,54.32
BMW.DE,2026-10-05,54.56
BMY,2026-09-28,63.88
BMY,2026-09-29,62.86
BMY,2026-09-30,62.4
BMY,2026-10-01,61.46
BMY,2026-10-02,61.15
BMY.L,2026-09-29,637.0
BMY.L,2026-09-30,635.0
BMY.L,2026-10-01,639.0
BMY.L,2026-10-02,637.0
BMY.L,2026-10-05,627.497
BN.PA,2026-09-29,58.76
BN.PA,2026-09-30,58.7
BN.PA,2026-10-01,57.58
BN.PA,2026-10-02,59.12
BN.PA,2026-10-05,58.28
BNKR.L,2026-09-29,154.0
BNKR.L,2026-09-30,154.6
BNKR.L,2026-10-01,153.4
BNKR.L,2026-10-02,154.8
BNKR.L,2026-10-05,154.9052
BNP.PA,2026-09-29,97.4
BNP.PA,2026-09-30,95.0
BNP.PA,2026-10-01,91.54
BNP.PA,2026-10-02,92.06
BNP.PA,2026-10-05,92.14
BNR.DE,2026-09-29,59.28
BNR.DE,2026-09-30,59.18
BNR.DE,2026-10-01,58.54
BNR.DE,2026-10-02,58.6
BNR.DE,2026-10-05,58.84
BNY,2026-09-28,148.44
BNY,2026-09-29,146.98
BNY,2026-09-30,144.63
BNY,2026-10-01,143.92
BNY,2026-10-02,145.4
BNZL.L,2026-09-29,2618.0
BNZL.L,2026-09-30,2612.0
BNZL.L,2026-10-01,2582.0
BNZL.L,2026-10-02,2614.0
BNZL.L,2026-10-05,2620.0
BOWL.L,2026-09-29,249.5
BOWL.L,2026-09-30,252.5
BOWL.L,2026-10-01,246.0
BOWL.L,2026-10-02,248.5
BOWL.L,2026-10-05,248.9
BOY.L,2026-09-29,917.5
BOY.L,2026-09-30,917.0
BOY.L,2026-10-01,909.5
BOY.L,2026-10-02,910.5
BOY.L,2026-10-05,910.049
BP,2026-09-28,44.43
BP,2026-09-29,43.52
BP,2026-09-30,43.99
BP,2026-10-01,44.5
BP,2026-10-02,44.79
BP.L,2026-09-29,550.7
BP.L,2026-09-30,549.4
BP.L,2026-10-01,557.1
BP.L,2026-10-02,557.8
BP.L,2026-10-05,561.2
BPCR.L,2026-09-29,0.984
BPCR.L,2026-09-30,0.98
BPCR.L,2026-10-01,0.978
BPCR.L,2026-10-02,0.98
BPCR.L,2026-10-05,0.976
BPE.MI,2026-09-29,14.196
BPE.MI,2026-09-30,14.146
BPE.MI,2026-10-01,13.644
BPE.MI,2026-10-02,13.502
BPE.MI,2026-10-05,13.816
BPT.L,2026-09-29,321.6
BPT.L,2026-09-30,336.0
BPT.L,2026-10-01,336.8
BPT.L,2026-10-02,331.6
BPT.L,2026-10-05,332.8
BR,2026-09-28,162.92
BR,2026-09-29,160.95
BR,2026-09-30,161.1
BR,2026-10-01,161.15
BR,2026-10-02,156.93
BRBY.L,2026-09-29,1028.5
BRBY.L,2026-09-30,1020.0
BRBY.L,2026-10-01,1015.0
BRBY.L,2026-10-02,1010.5
BRBY.L,2026-10-05,1000.0
BREE.L,2026-09-29,332.2
BREE.L,2026-09-30,328.0
BREE.L,2026-10-01,317.0
BREE.L,2026-10-02,314.0
BREE.L,2026-10-05,312.8
BRGE.L,2026-09-29,595.0
BRGE.L,2026-09-30,593.0
BRGE.L,2026-10-01,582.0
BRGE.L,2026-10-02,585.0
BRGE.L,2026-10-05,586.0
BRK-B,2026-09-28,503.09
BRK-B,2026-09-29,502.35
BRK-B,2026-09-30,497.95
BRK-B,2026-10-01,500.5
BRK-B,2026-10-02,502.65
BRO,2026-09-28,60.24
BRO,2026-09-29,60.6
BRO,2026-09-30,60.9
BRO,2026-10-01,61.77
BRO,2026-10-02,59.91
BRSC.L,2026-09-29,266.5
BRSC.L,2026-09-30,268.0
BRSC.L,2026-10-01,262.0
BRSC.L,2026-10-02,263.0
BRSC.L,2026-10-05,263.5
BRWM.L,2026-09-29,954.0
BRWM.L,2026-09-30,964.0
BRWM.L,2026-10-01,932.0
BRWM.L,2026-10-02,939.0
BRWM.L,2026-10-05,949.0
BSX,2026-09-28,44.11
BSX,2026-09-29,43.88
BSX,2026-09-30,43.65
BSX,2026-10-01,43.23
BSX,2026-10-02,42.6
BT-A.L,2026-09-29,196.0
BT-A.L,2026-09-30,192.0
BT-A.L,2026-10-01,190.85
BT-A.L,2026-10-02,196.3
BT-A.L,2026-10-05,199.25
BTI,2026-09-28,56.05
BTI,2026-09-29,54.85
BTI,2026-09-30,54.4
BTI,2026-10-01,53.19
BTI,2026-10-02,52.64
BTRW.L,2026-09-29,340.4
BTRW.L,2026-09-30,332.2
BTRW.L,2026-10-01,317.7
BTRW.L,2026-10-02,318.2
BTRW.L,2026-10-05,312.8
BUD,2026-09-28,77.1
BUD,2026-09-29,74.29
BUD,2026-09-30,73.47
BUD,2026-10-01,73.02
BUD,2026-10-02,73.43
BUT.L,2026-09-29,1558.0
BUT.L,2026-09-30,1562.0
BUT.L,2026-10-01,1538.0
BUT.L,2026-10-02,1558.0
BUT.L,2026-10-05,1549.2841
BVI.PA,2026-09-29,27.07
BVI.PA,2026-09-30,26.86
BVI.PA,2026-10-01,26.6
BVI.PA,2026-10-02,26.57
BVI.PA,2026-10-05,26.53
BWY.L,2026-09-29,2242.0
BWY.L,2026-09-30,2212.0
BWY.L,2026-10-01,2094.0
BWY.L,2026-10-02,2104.0
BWY.L,2026-10-05,2070.0
BX,2026-09-28,114.56
BX,2026-09-29,114.0
BX,2026-09-30,112.09
BX,2026-10-01,112.24
BX,2026-10-02,111.75
BXP,2026-09-28,62.43
BXP,2026-09-29,61.71
BXP,2026-09-30,61.11
BXP,2026-10-01,60.24
BXP,2026-10-02,60.45
BYG.L,2026-09-29,820.5
BYG.L,2026-09-30,829.0
BYG.L,2026-10-01,798.0
BYG.L,2026-10-02,797.5
BYG.L,2026-10-05,797.0
BYIT.L,2026-09-29,443.6
BYIT.L,2026-09-30,444.0
BYIT.L,2026-10-01,446.0
BYIT.L,2026-10-02,445.0
BYIT.L,2026-10-05,443.0
BZU.MI,2026-09-29,37.5
BZU.MI,2026-09-30,37.53
BZU.MI,2026-10-01,37.27
BZU.MI,2026-10-02,37.86
BZU.MI,2026-10-05,37.78
C,2026-09-28,131.31
C,2026-09-29,130.8
C,2026-09-30,129.48
C,2026-10-01,127.0
C,2026-10-02,128.5
CA.PA,2026-09-29,16.265
CA.PA,2026-09-30,15.91
CA.PA,2026-10-01,15.65
CA.PA,2026-10-02,15.325
CA.PA,2026-10-05,15.47
CAH,2026-09-28,220.29
CAH,2026-09-29,223.91
CAH,2026-09-30,222.5
CAH,2026-10-01,230.09
CAH,2026-10-02,228.3
CAP.PA,2026-09-29,103.5
CAP.PA,2026-09-30,104.4
CAP.PA,2026-10-01,112.1
CAP.PA,2026-10-02,108.9
CAP.PA,2026-10-05,106.95
CARR,2026-09-28,55.87
CARR,2026-09-29,55.38
CARR,2026-09-30,54.86
CARR,2026-10-01,55.22
CARR,2026-10-02,55.12
CASY,2026-09-28,606.24
CASY,2026-09-29,599.9
CASY,2026-09-30,608.46
CASY,2026-10-01,619.5
CASY,2026-10-02,617.76
CAT,2026-09-28,819.95
CAT,2026-09-29,826.64
CAT,2026-09-30,810.79
CAT,2026-10-01,826.35
CAT,2026-10-02,845.42
CB,2026-09-28,331.37
CB,2026-09-29,332.08
CB,2026-09-30,325.25
CB,2026-10-01,331.3
CB,2026-10-02,330.89
CBG.L,2026-09-29,445.8
CBG.L,2026-09-30,416.4
CBG.L,2026-10-01,397.8
CBG.L,2026-10-02,399.0
CBG.L,2026-10-05,396.4
CBK.DE,2026-09-29,41.99
CBK.DE,2026-09-30,40.31
CBK.DE,2026-10-01,39.4
CBK.DE,2026-10-02,39.15
CBK.DE,2026-10-05,39.51
CBOE,2026-09-28,253.26
CBOE,2026-09-29,261.75
CBOE,2026-09-30,275.29
CBOE,2026-10-01,277.19
CBOE,2026-10-02,271.26
CBRE,2026-09-28,130.35
CBRE,2026-09-29,130.84
CBRE,2026-09-30,128.47
CBRE,2026-10-01,130.53
CBRE,2026-10-02,129.58
CCC.L,2026-09-29,5320.0
CCC.L,2026-09-30,5405.0
CCC.L,2026-10-01,5470.0
CCC.L,2026-10-02,5405.0
CCC.L,2026-10-05,5415.0
CCEP.L,2026-09-29,7740.0
CCEP.L,2026-09-30,7685.0
CCEP.L,2026-10-01,7650.0
CCEP.L,2026-10-02,7675.0
CCEP.L,2026-10-05,7685.0
CCH.L,2026-09-29,4348.0
CCH.L,2026-09-30,4354.0
CCH.L,2026-10-01,4206.0
CCH.L,2026-10-02,4242.0
CCH.L,2026-10-05,4286.0
CCI,2026-09-28,67.1
CCI,2026-09-29,67.07
CCI,2026-09-30,66.65
CCI,2026-10-01,66.12
CCI,2026-10-02,66.44
CCL,2026-09-28,22.14
CCL,2026-09-29,25.11
CCL,2026-09-30,24.54
CCL,2026-10-01,25.07
CCL,2026-10-02,25.76
CDNS,2026-09-28,326.7
CDNS,2026-09-29,324.17
CDNS,2026-09-30,330.19
CDNS,2026-10-01,350.73
CDNS,2026-10-02,351.35
CDW,2026-09-28,130.33
CDW,2026-09-29,129.71
CDW,2026-09-30,128.16
CDW,2026-10-01,135.83
CDW,2026-10-02,133.29
CEG,2026-09-28,260.43
CEG,2026-09-29,264.58
CEG,2026-09-30,254.02
CEG,2026-10-01,258.92
CEG,2026-10-02,257.49
CF,2026-09-28,115.51
CF,2026-09-29,115.71
CF,2026-09-30,115.2
CF,2026-10-01,114.54
CF,2026-10-02,115.01
CFG,2026-09-28,64.8
CFG,2026-09-29,63.89
CFG,2026-09-30,63.76
CFG,2026-10-01,63.7
CFG,2026-10-02,64.33
CGT.L,2026-09-29,515.0
CGT.L,2026-09-30,518.0
CGT.L,2026-10-01,511.0
CGT.L,2026-10-02,511.0
CGT.L,2026-10-05,512.099
CHD,2026-09-28,95.62
CHD,2026-09-29,94.95
CHD,2026-09-30,94.22
CHD,2026-10-01,94.11
CHD,2026-10-02,94.31
CHG.L,2026-09-29,537.5
CHG.L,2026-09-30,545.5
CHG.L,2026-10-01,540.0
CHG.L,2026-10-02,529.0
CHG.L,2026-10-05,533.0
CHRW,2026-09-28,148.24
CHRW,2026-09-29,149.71
CHRW,2026-09-30,147.96
CHRW,2026-10-01,153.14
CHRW,2026-10-02,157.72
CHTR,2026-09-28,111.4
CHTR,2026-09-29,110.67
CHTR,2026-09-30,110.9
CHTR,2026-10-01,111.37
CHTR,2026-10-02,109.29
CI,2026-09-28,271.83
CI,2026-09-29,275.26
CI,2026-09-30,271.83
CI,2026-10-01,267.96
CI,2026-10-02,270.53
CIEN,2026-09-28,344.19
CIEN,2026-09-29,354.92
CIEN,2026-09-30,351.82
CIEN,2026-10-01,379.14
CIEN,2026-10-02,391.34
CINF,2026-09-28,161.92
CINF,2026-09-29,161.13
CINF,2026-09-30,159.37
CINF,2026-10-01,162.15
CINF,2026-10-02,161.95
CKN.L,2026-09-29,5100.0
CKN.L,2026-09-30,5060.0
CKN.L,2026-10-01,4972.0
CKN.L,2026-10-02,5030.0
CKN.L,2026-10-05,5065.0
CL,2026-09-28,86.52
CL,2026-09-29,86.46
CL,2026-09-30,85.32
CL,2026-10-01,84.53
CL,2026-10-02,84.26
CLDN.L,2026-09-29,377.5
CLDN.L,2026-09-30,382.5
CLDN.L,2026-10-01,379.5
CLDN.L,2026-10-02,385.0
CLDN.L,2026-10-05,381.0
CLX,2026-09-28,81.42
CLX,2026-09-29,81.6
CLX,2026-09-30,81.01
CLX,2026-10-01,80.65
CLX,2026-10-02,80.41
CMCSA,2026-09-28,21.79
CMCSA,2026-09-29,21.6
CMCSA,2026-09-30,21.76
CMCSA,2026-10-01,21.7
CMCSA,2026-10-02,21.57
CMCX.L,2026-09-29,661.0
CMCX.L,2026-09-30,668.0
CMCX.L,2026-10-01,658.0
CMCX.L,2026-10-02,632.0
CMCX.L,2026-10-05,648.0
CME,2026-09-28,263.24
CME,2026-09-29,263.22
CME,2026-09-30,261.98
CME,2026-10-01,265.1
CME,2026-10-02,263.14
CMG,2026-09-28,31.85
CMG,2026-09-29,31.88
CMG,2026-09-30,31.95
CMG,2026-10-01,32.32
CMG,2026-10-02,32.36
CMI,2026-09-28,517.84
CMI,2026-09-29,521.37
CMI,2026-09-30,516.57
CMI,2026-10-01,517.0
CMI,2026-10-02,528.32
CMS,2026-09-28,62.6
CMS,2026-09-29,63.45
CMS,2026-09-30,63.08
CMS,2026-10-01,63.64
CMS,2026-10-02,63.74
CNA.L,2026-09-29,146.6
CNA.L,2026-09-30,147.7
CNA.L,2026-10-01,147.25
CNA.L,2026-10-02,149.05
CNA.L,2026-10-05,148.75
CNC,2026-09-28,62.53
CNC,2026-09-29,62.21
CNC,2026-09-30,62.12
CNC,2026-10-01,60.99
CNC,2026-10-02,62.99
CNP,2026-09-28,36.62
CNP,2026-09-29,36.94
CNP,2026-09-30,36.8
CNP,2026-10-01,37.21
CNP,2026-10-02,37.79
COA.L,2026-09-29,81.7
COA.L,2026-09-30,82.5
COA.L,2026-10-01,81.6
COA.L,2026-10-02,80.45
COA.L,2026-10-05,80.35
COF,2026-09-28,196.46
COF,2026-09-29,196.46
COF,2026-09-30,193.07
COF,2026-10-01,194.48
COF,2026-10-02,194.72
COHR,2026-09-28,282.45
COHR,2026-09-29,292.21
COHR,2026-09-30,287.81
COHR,2026-10-01,319.19
COHR,2026-10-02,337.04
COIN,2026-09-28,191.79
COIN,2026-09-29,190.02
COIN,2026-09-30,186.41
COIN,2026-10-01,189.29
COIN,2026-10-02,183.0
CON.DE,2026-09-29,68.3
CON.DE,2026-09-30,67.12
CON.DE,2026-10-01,67.4
CON.DE,2026-10-02,68.1
CON.DE,2026-10-05,69.94
COO,2026-09-28,56.57
COO,2026-09-29,56.63
COO,2026-09-30,56.53
COO,2026-10-01,57.41
COO,2026-10-02,56.91
COP,2026-09-28,126.04
COP,2026-09-29,125.44
COP,2026-09-30,125.15
COP,2026-10-01,127.06
COP,2026-10-02,126.75
COR,2026-09-28,303.81
COR,2026-09-29,307.6
COR,2026-09-30,300.25
COR,2026-10-01,309.78
COR,2026-10-02,309.05
CORD.L,2026-09-29,124.0
CORD.L,2026-09-30,125.0
CORD.L,2026-10-01,123.0
CORD.L,2026-10-02,122.5
CORD.L,2026-10-05,120.0968
COST,2026-09-28,922.92
COST,2026-09-29,924.59
COST,2026-09-30,910.34
COST,2026-10-01,914.94
COST,2026-10-02,920.65
COST.L,2026-09-29,260.5
COST.L,2026-09-30,260.0
COST.L,2026-10-01,257.5
COST.L,2026-10-02,262.0
COST.L,2026-10-05,256.0
CPAY,2026-09-28,396.23
CPAY,2026-09-29,392.7
CPAY,2026-09-30,388.6
CPAY,2026-10-01,389.73
CPAY,2026-10-02,394.6
CPG.L,2026-09-29,29.45
CPG.L,2026-09-30,29.48
CPG.L,2026-10-01,29.18
CPG.L,2026-10-02,29.73
CPG.L,2026-10-05,29.75
CPR.MI,2026-09-29,6.01
CPR.MI,2026-09-30,6.128
CPR.MI,2026-10-01,6.018
CPR.MI,2026-10-02,6.036
CPR.MI,2026-10-05,6.128
CPRT,2026-09-28,27.22
CPRT,2026-09-29,27.14
CPRT,2026-09-30,27.28
CPRT,2026-10-01,27.29
CPRT,2026-10-02,27.22
CPT,2026-09-28,98.4
CPT,2026-09-29,98.46
CPT,2026-09-30,96.73
CPT,2026-10-01,96.62
CPT,2026-10-02,95.96
CRDA.L,2026-09-29,3276.0
CRDA.L,2026-09-30,3333.0
CRDA.L,2026-10-01,3274.0
CRDA.L,2026-10-02,3278.0
CRDA.L,2026-10-05,3293.0
CRH,2026-09-28,83.75
CRH,2026-09-29,84.53
CRH,2026-09-30,82.8
CRH,2026-10-01,81.7
CRH,2026-10-02,81.94
CRL,2026-09-28,294.59
CRL,2026-09-29,295.96
CRL,2026-09-30,295.01
CRL,2026-10-01,286.83
CRL,2026-10-02,290.19
CRM,2026-09-28,227.27
CRM,2026-09-29,225.31
CRM,2026-09-30,229.57
CRM,2026-10-01,236.69
CRM,2026-10-02,234.69
CRWD,2026-09-28,259.25
CRWD,2026-09-29,262.74
CRWD,2026-09-30,264.75
CRWD,2026-10-01,266.09
CRWD,2026-10-02,270.04
CS.PA,2026-09-29,43.49
CS.PA,2026-09-30,42.54
CS.PA,2026-10-01,41.9
CS.PA,2026-10-02,42.07
CS.PA,2026-10-05,42.25
CSCO,2026-09-28,106.74
CSCO,2026-09-29,106.94
CSCO,2026-09-30,107.63
CSCO,2026-10-01,108.76
CSCO,2026-10-02,112.2
CSGP,2026-09-28,27.02
CSGP,2026-09-29,26.95
CSGP,2026-09-30,27.4
CSGP,2026-10-01,27.72
CSGP,2026-10-02,27.38
CSN.L,2026-09-29,356.5
CSN.L,2026-09-30,351.0
CSN.L,2026-10-01,340.5
CSN.L,2026-10-02,338.5
CSN.L,2026-10-05,339.0
CSX,2026-09-28,46.76
CSX,2026-09-29,46.93
CSX,2026-09-30,46.51
CSX,2026-10-01,46.54
CSX,2026-10-02,47.43
CTAS,2026-09-28,200.58
CTAS,2026-09-29,197.74
CTAS,2026-09-30,195.06
CTAS,2026-10-01,195.6
CTAS,2026-10-02,193.02
CTEC.L,2026-09-29,217.0
CTEC.L,2026-09-30,217.0
CTEC.L,2026-10-01,216.8
CTEC.L,2026-10-02,216.6
CTEC.L,2026-10-05,219.0
CTSH,2026-09-28,56.75
CTSH,2026-09-29,56.84
CTSH,2026-09-30,57.44
CTSH,2026-10-01,60.88
CTSH,2026-10-02,58.51
CTVA,2026-09-28,77.74
CTVA,2026-09-29,77.87
CTVA,2026-09-30,77.65
CTVA,2026-10-01,12.57
CTVA,2026-10-02,11.92
CTY.L,2026-09-29,578.0
CTY.L,2026-09-30,579.0
CTY.L,2026-10-01,567.0
CTY.L,2026-10-02,567.0
CTY.L,2026-10-05,568.98
CURY.L,2026-09-29,146.4
CURY.L,2026-09-30,150.6
CURY.L,2026-10-01,145.7
CURY.L,2026-10-02,146.8
CURY.L,2026-10-05,147.1
CVNA,2026-09-28,60.47
CVNA,2026-09-29,63.62
CVNA,2026-09-30,62.54
CVNA,2026-10-01,63.04
CVNA,2026-10-02,63.77
CVS,2026-09-28,87.85
CVS,2026-09-29,87.1
CVS,2026-09-30,85.69
CVS,2026-10-01,85.2
CVS,2026-10-02,86.46
CVSG.L,2026-09-29,1240.0
CVSG.L,2026-09-30,1219.0
CVSG.L,2026-10-01,1160.0
CVSG.L,2026-10-02,1140.0
CVSG.L,2026-10-05,1161.0
CVX,2026-09-28,206.37
CVX,2026-09-29,204.38
CVX,2026-09-30,204.21
CVX,2026-10-01,207.1
CVX,2026-10-02,206.69
CWK.L,2026-09-29,5060.0
CWK.L,2026-09-30,5100.0
CWK.L,2026-10-01,5030.0
CWK.L,2026-10-02,5000.0
CWK.L,2026-10-05,5020.0
CWR.L,2026-09-29,393.0
CWR.L,2026-09-30,407.6
CWR.L,2026-10-01,412.6
CWR.L,2026-10-02,430.0
CWR.L,2026-10-05,409.2
D,2026-09-28,60.28
D,2026-09-29,60.64
D,2026-09-30,60.52
D,2026-10-01,60.76
D,2026-10-02,61.31
DAL,2026-09-28,84.03
DAL,2026-09-29,84.87
DAL,2026-09-30,83.46
DAL,2026-10-01,84.13
DAL,2026-10-02,84.09
DASH,2026-09-28,178.39
DASH,2026-09-29,187.1
DASH,2026-09-30,183.55
DASH,2026-10-01,182.175
DASH,2026-10-02,189.15
DASTY,2026-09-28,23.82
DASTY,2026-09-29,23.39
DASTY,2026-09-30,22.92
DASTY,2026-10-01,23.12
DASTY,2026-10-02,23.19
DATA.L,2026-09-29,57.6
DATA.L,2026-09-30,58.8
DATA.L,2026-10-01,60.1
DATA.L,2026-10-02,59.3
DATA.L,2026-10-05,59.1
DB,2026-09-28,36.08
DB,2026-09-29,36.11
DB,2026-09-30,35.89
DB,2026-10-01,35.13
DB,2026-10-02,34.97
DB1.DE,2026-09-29,287.1
DB1.DE,2026-09-30,286.1
DB1.DE,2026-10-01,286.7
DB1.DE,2026-10-02,287.3
DB1.DE,2026-10-05,288.1
DBK.DE,2026-09-29,31.75
DBK.DE,2026-09-30,31.865
DBK.DE,2026-10-01,31.03
DBK.DE,2026-10-02,30.94
DBK.DE,2026-10-05,31.16
DCC.L,2026-09-29,6435.0
DCC.L,2026-09-30,6430.0
DCC.L,2026-10-01,6430.0
DCC.L,2026-10-02,6435.0
DCC.L,2026-10-05,6440.0
DD,2026-09-28,130.98
DD,2026-09-29,130.12
DD,2026-09-30,129.89
DD,2026-10-01,129.2
DD,2026-10-02,129.98
DDOG,2026-09-28,268.7
DDOG,2026-09-29,268.56
DDOG,2026-09-30,273.85
DDOG,2026-10-01,276.46
DDOG,2026-10-02,277.22
DE,2026-09-28,689.59
DE,2026-09-29,680.5
DE,2026-09-30,671.55
DE,2026-10-01,667.26
DE,2026-10-02,687.0
DECK,2026-09-28,78.36
DECK,2026-09-29,77.68
DECK,2026-09-30,78.14
DECK,2026-10-01,79.57
DECK,2026-10-02,79.12
DELL,2026-09-28,543.43
DELL,2026-09-29,539.59
DELL,2026-09-30,537.95
DELL,2026-10-01,541.74
DELL,2026-10-02,562.52
DEO,2026-09-28,86.24
DEO,2026-09-29,85.34
DEO,2026-09-30,85.6
DEO,2026-10-01,84.42
DEO,2026-10-02,84.75
DG,2026-09-28,124.37
DG,2026-09-29,122.64
DG,2026-09-30,119.58
DG,2026-10-01,118.93
DG,2026-10-02,118.94
DG.PA,2026-09-29,108.5
DG.PA,2026-09-30,106.95
DG.PA,2026-10-01,105.6
DG.PA,2026-10-02,106.8
DG.PA,2026-10-05,106.25
DGE.L,2026-09-29,1610.0
DGE.L,2026-09-30,1624.0
DGE.L,2026-10-01,1598.0
DGE.L,2026-10-02,1601.5
DGE.L,2026-10-05,1601.0
DGX,2026-09-28,237.62
DGX,2026-09-29,231.97
DGX,2026-09-30,233.07
DGX,2026-10-01,231.09
DGX,2026-10-02,233.33
DHI,2026-09-28,139.42
DHI,2026-09-29,139.4
DHI,2026-09-30,136.65
DHI,2026-10-01,137.06
DHI,2026-10-02,135.0
DHL.DE,2026-09-29,56.96
DHL.DE,2026-09-30,57.0
DHL.DE,2026-10-01,55.74
DHL.DE,2026-10-02,56.72
DHL.DE,2026-10-05,56.52
DHR,2026-09-28,227.33
DHR,2026-09-29,226.11
DHR,2026-09-30,221.55
DHR,2026-10-01,211.76
DHR,2026-10-02,214.06
DIA.MI,2026-09-29,78.5
DIA.MI,2026-09-30,76.8
DIA.MI,2026-10-01,74.0
DIA.MI,2026-10-02,74.9
DIA.MI,2026-10-05,76.08
DIS,2026-09-28,105.59
DIS,2026-09-29,105.41
DIS,2026-09-30,104.9
DIS,2026-10-01,101.33
DIS,2026-10-02,102.19
DLN.L,2026-09-29,1804.0
DLN.L,2026-09-30,1821.0
DLN.L,2026-10-01,1767.0
DLN.L,2026-10-02,1778.0
DLN.L,2026-10-05,1764.0
DLR,2026-09-28,177.18
DLR,2026-09-29,176.56
DLR,2026-09-30,175.53
DLR,2026-10-01,176.49
DLR,2026-10-02,178.55
DLTR,2026-09-28,116.02
DLTR,2026-09-29,113.3
DLTR,2026-09-30,114.02
DLTR,2026-10-01,114.43
DLTR,2026-10-02,112.16
DNLM.L,2026-09-29,801.5
DNLM.L,2026-09-30,804.5
DNLM.L,2026-10-01,778.0
DNLM.L,2026-10-02,780.0
DNLM.L,2026-10-05,777.5
DOC,2026-09-28,20.1
DOC,2026-09-29,20.13
DOC,2026-09-30,19.97
DOC,2026-10-01,19.44
DOC,2026-10-02,19.49
DOCS.L,2026-09-29,69.2
DOCS.L,2026-09-30,70.1
DOCS.L,2026-10-01,67.1
DOCS.L,2026-10-02,66.6
DOCS.L,2026-10-05,66.7
DOM.L,2026-09-29,212.8
DOM.L,2026-09-30,213.8
DOM.L,2026-10-01,211.6
DOM.L,2026-10-02,213.4
DOM.L,2026-10-05,213.0
DOV,2026-09-28,191.48
DOV,2026-09-29,189.7
DOV,2026-09-30,187.05
DOV,2026-10-01,188.06
DOV,2026-10-02,189.69
DOW,2026-09-28,27.89
DOW,2026-09-29,27.61
DOW,2026-09-30,27.54
DOW,2026-10-01,27.59
DOW,2026-10-02,27.97
DPLM.L,2026-09-29,7825.0
DPLM.L,2026-09-30,7725.0
DPLM.L,2026-10-01,7690.0
DPLM.L,2026-10-02,7775.0
DPLM.L,2026-10-05,7855.0
DPZ,2026-09-28,292.27
DPZ,2026-09-29,301.81
DPZ,2026-09-30,299.61
DPZ,2026-10-01,295.0
DPZ,2026-10-02,297.62
DRI,2026-09-28,197.02
DRI,2026-09-29,195.11
DRI,2026-09-30,193.25
DRI,2026-10-01,197.41
DRI,2026-10-02,200.33
DRX.L,2026-09-29,808.0
DRX.L,2026-09-30,815.5
DRX.L,2026-10-01,804.5
DRX.L,2026-10-02,812.0
DRX.L,2026-10-05,812.5
DSCV.L,2026-09-29,822.0
DSCV.L,2026-09-30,836.0
DSCV.L,2026-10-01,825.0
DSCV.L,2026-10-02,850.0
DSCV.L,2026-10-05,862.0
DSY.PA,2026-09-29,20.64
DSY.PA,2026-09-30,20.49
DSY.PA,2026-10-01,20.57
DSY.PA,2026-10-02,20.63
DSY.PA,2026-10-05,21.34
DTE,2026-09-28,120.83
DTE,2026-09-29,122.39
DTE,2026-09-30,121.8
DTE,2026-10-01,123.27
DTE,2026-10-02,124.45
DTE.DE,2026-09-29,26.4
DTE.DE,2026-09-30,26.11
DTE.DE,2026-10-01,26.07
DTE.DE,2026-10-02,26.56
DTE.DE,2026-10-05,26.79
DTG.DE,2026-09-29,42.16
DTG.DE,2026-09-30,41.83
DTG.DE,2026-10-01,41.51
DTG.DE,2026-10-02,40.68
DTG.DE,2026-10-05,40.92
DUK,2026-09-28,113.41
DUK,2026-09-29,114.21
DUK,2026-09-30,114.01
DUK,2026-10-01,113.74
DUK,2026-10-02,114.13
DVA,2026-09-28,178.07
DVA,2026-09-29,175.19
DVA,2026-09-30,174.92
DVA,2026-10-01,176.35
DVA,2026-10-02,178.69
DVN,2026-09-28,46.73
DVN,2026-09-29,46.6
DVN,2026-09-30,46.04
DVN,2026-10-01,47.16
DVN,2026-10-02,47.65
DXCM,2026-09-28,86.68
DXCM,2026-09-29,86.64
DXCM,2026-09-30,86.29
DXCM,2026-10-01,86.23
DXCM,2026-10-02,85.36
E,2026-09-28,55.62
E,2026-09-29,54.65
E,2026-09-30,54.3
E,2026-10-01,54.39
E,2026-10-02,54.73
EBAY,2026-09-28,107.32
EBAY,2026-09-29,105.21
EBAY,2026-09-30,106.05
EBAY,2026-10-01,105.89
EBAY,2026-10-02,106.4
ECHO,2026-09-28,89.22
ECHO,2026-09-29,89.89
ECHO,2026-09-30,89.41
ECHO,2026-10-01,88.25
ECHO,2026-10-02,94.25
ECL,2026-09-28,280.23
ECL,2026-09-29,277.87
ECL,2026-09-30,274.58
ECL,2026-10-01,271.26
ECL,2026-10-02,273.7
ED,2026-09-28,102.83
ED,2026-09-29,103.33
ED,2026-09-30,102.21
ED,2026-10-01,103.5
ED,2026-10-02,103.39
EDEN.PA,2026-09-29,28.22
EDEN.PA,2026-09-30,27.59
EDEN.PA,2026-10-01,26.84
EDEN.PA,2026-10-02,27.1
EDEN.PA,2026-10-05,27.31
EDIN.L,2026-09-29,829.0
EDIN.L,2026-09-30,830.0
EDIN.L,2026-10-01,813.0
EDIN.L,2026-10-02,814.0
EDIN.L,2026-10-05,817.0
EDV.L,2026-09-29,4284.0
EDV.L,2026-09-30,4245.0
EDV.L,2026-10-01,4244.0
EDV.L,2026-10-02,4250.0
EDV.L,2026-10-05,4306.0
EFX,2026-09-28,145.78
EFX,2026-09-29,140.83
EFX,2026-09-30,137.24
EFX,2026-10-01,139.73
EFX,2026-10-02,140.0
EG,2026-09-28,369.8
EG,2026-09-29,368.81
EG,2026-09-30,365.17
EG,2026-10-01,368.72
EG,2026-10-02,368.27
EIX,2026-09-28,51.47
EIX,2026-09-29,53.56
EIX,2026-09-30,53.73
EIX,2026-10-01,53.8
EIX,2026-10-02,53.89
EL,2026-09-28,95.57
EL,2026-09-29,94.37
EL,2026-09-30,92.77
EL,2026-10-01,90.19
EL,2026-10-02,91.97
EL.PA,2026-09-29,144.6
EL.PA,2026-09-30,145.6
EL.PA,2026-10-01,144.6
EL.PA,2026-10-02,142.8
EL.PA,2026-10-05,145.15
ELM.L,2026-09-29,174.2
ELM.L,2026-09-30,179.0
ELM.L,2026-10-01,175.0
ELM.L,2026-10-02,176.6
ELM.L,2026-10-05,180.4
ELV,2026-09-28,394.59
ELV,2026-09-29,392.73
ELV,2026-09-30,388.82
ELV,2026-10-01,381.67
ELV,2026-10-02,386.43
EME,2026-09-28,765.52
EME,2026-09-29,762.03
EME,2026-09-30,754.49
EME,2026-10-01,769.03
EME,2026-10-02,786.61
EMG.L,2026-09-29,324.6
EMG.L,2026-09-30,330.0
EMG.L,2026-10-01,316.4
EMG.L,2026-10-02,322.2
EMG.L,2026-10-05,321.2
EMR,2026-09-28,159.39
EMR,2026-09-29,157.24
EMR,2026-09-30,155.1
EMR,2026-10-01,158.57
EMR,2026-10-02,161.61
EN.PA,2026-09-29,42.61
EN.PA,2026-09-30,41.63
EN.PA,2026-10-01,40.87
EN.PA,2026-10-02,40.7
EN.PA,2026-10-05,40.61
ENEL.MI,2026-09-29,8.779
ENEL.MI,2026-09-30,8.747
ENEL.MI,2026-10-01,8.668
ENEL.MI,2026-10-02,8.799
ENEL.MI,2026-10-05,8.809
ENGI.PA,2026-09-29,23.02
ENGI.PA,2026-09-30,22.81
ENGI.PA,2026-10-01,22.52
ENGI.PA,2026-10-02,22.78
ENGI.PA,2026-10-05,22.82
ENI.MI,2026-09-29,24.29
ENI.MI,2026-09-30,24.02
ENI.MI,2026-10-01,24.03
ENI.MI,2026-10-02,24.19
ENI.MI,2026-10-05,24.35
ENOG.L,2026-09-29,711.0
ENOG.L,2026-09-30,709.0
ENOG.L,2026-10-01,702.5
ENOG.L,2026-10-02,696.0
ENOG.L,2026-10-05,708.0
ENR.DE,2026-09-29,145.82
ENR.DE,2026-09-30,142.6
ENR.DE,2026-10-01,142.52
ENR.DE,2026-10-02,145.42
ENR.DE,2026-10-05,144.9
ENT.L,2026-09-29,424.5
ENT.L,2026-09-30,417.1
ENT.L,2026-10-01,411.0
ENT.L,2026-10-02,413.4
ENT.L,2026-10-05,422.7
EOAN.DE,2026-09-29,16.905
EOAN.DE,2026-09-30,16.86
EOAN.DE,2026-10-01,16.765
EOAN.DE,2026-10-02,17.02
EOAN.DE,2026-10-05,17.025
EOG,2026-09-28,140.63
EOG,2026-09-29,139.66
EOG,2026-09-30,137.76
EOG,2026-10-01,141.31
EOG,2026-10-02,141.38
EQIX,2026-09-28,1011.07
EQIX,2026-09-29,1015.27
EQIX,2026-09-30,1011.58
EQIX,2026-10-01,1012.33
EQIX,2026-10-02,1025.72
EQT,2026-09-28,49.87
EQT,2026-09-29,48.88
EQT,2026-09-30,48.56
EQT,2026-10-01,50.09
EQT,2026-10-02,50.17
ERF.PA,2026-09-29,76.2
ERF.PA,2026-09-30,75.0
ERF.PA,2026-10-01,74.54
ERF.PA,2026-10-02,74.86
ERF.PA,2026-10-05,76.3
ERIE,2026-09-28,221.92
ERIE,2026-09-29,222.43
ERIE,2026-09-30,219.15
ERIE,2026-10-01,222.11
ERIE,2026-10-02,221.09
ES,2026-09-28,63.28
ES,2026-09-29,63.9
ES,2026-09-30,64.16
ES,2026-10-01,64.31
ES,2026-10-02,64.5
ESCT.L,2026-09-29,233.5
ESCT.L,2026-09-30,233.0
ESCT.L,2026-10-01,231.0
ESCT.L,2026-10-02,231.0
ESCT.L,2026-10-05,230.75
ESS,2026-09-28,273.01
ESS,2026-09-29,273.93
ESS,2026-09-30,269.39
ESS,2026-10-01,269.51
ESS,2026-10-02,268.65
ETN,2026-09-28,431.41
ETN,2026-09-29,433.27
ETN,2026-09-30,429.71
ETN,2026-10-01,437.28
ETN,2026-10-02,436.11
ETR,2026-09-28,98.1
ETR,2026-09-29,99.76
ETR,2026-09-30,99.26
ETR,2026-10-01,100.4
ETR,2026-10-02,100.91
EVRG,2026-09-28,77.91
EVRG,2026-09-29,78.73
EVRG,2026-09-30,78.44
EVRG,2026-10-01,78.79
EVRG,2026-10-02,79.17
EW,2026-09-28,86.83
EW,2026-09-29,88.08
EW,2026-09-30,86.32
EW,2026-10-01,85.19
EW,2026-10-02,85.15
EWG.L,2026-09-29,95.1
EWG.L,2026-09-30,95.7
EWG.L,2026-10-01,93.3
EWG.L,2026-10-02,96.4
EWG.L,2026-10-05,94.8
EWI.L,2026-09-29,278.5
EWI.L,2026-09-30,280.0
EWI.L,2026-10-01,280.0
EWI.L,2026-10-02,281.0
EWI.L,2026-10-05,280.617
EXC,2026-09-28,40.32
EXC,2026-09-29,40.65
EXC,2026-09-30,40.4
EXC,2026-10-01,40.47
EXC,2026-10-02,40.73
EXE,2026-09-28,85.31
EXE,2026-09-29,84.18
EXE,2026-09-30,84.09
EXE,2026-10-01,85.96
EXE,2026-10-02,85.52
EXPD,2026-09-28,188.58
EXPD,2026-09-29,188.16
EXPD,2026-09-30,184.64
EXPD,2026-10-01,187.74
EXPD,2026-10-02,192.47
EXPE,2026-09-28,264.23
EXPE,2026-09-29,266.33
EXPE,2026-09-30,263.36
EXPE,2026-10-01,262.67
EXPE,2026-10-02,265.0
EXPN.L,2026-09-29,2472.0
EXPN.L,2026-09-30,2465.0
EXPN.L,2026-10-01,2427.0
EXPN.L,2026-10-02,2457.0
EXPN.L,2026-10-05,2462.0
EXR,2026-09-28,131.68
EXR,2026-09-29,133.49
EXR,2026-09-30,131.51
EXR,2026-10-01,133.08
EXR,2026-10-02,133.25
EZJ.L,2026-09-29,677.8
EZJ.L,2026-09-30,677.6
EZJ.L,2026-10-01,677.2
EZJ.L,2026-10-02,680.6
EZJ.L,2026-10-05,676.6
F,2026-09-28,12.38
F,2026-09-29,12.3
F,2026-09-30,12.06
F,2026-10-01,12.27
F,2026-10-02,12.1
FAN.L,2026-09-29,654.0
FAN.L,2026-09-30,653.0
FAN.L,2026-10-01,638.0
FAN.L,2026-10-02,639.0
FAN.L,2026-10-05,644.0
FANG,2026-09-28,185.23
FANG,2026-09-29,183.95
FANG,2026-09-30,183.81
FANG,2026-10-01,185.51
FANG,2026-10-02,184.71
FAST,2026-09-28,50.49
FAST,2026-09-29,49.96
FAST,2026-09-30,49.53
FAST,2026-10-01,50.23
FAST,2026-10-02,50.75
FBK.MI,2026-09-29,22.0
FBK.MI,2026-09-30,22.13
FBK.MI,2026-10-01,21.26
FBK.MI,2026-10-02,21.73
FBK.MI,2026-10-05,21.53
FCH.L,2026-09-29,184.6
FCH.L,2026-09-30,188.2
FCH.L,2026-10-01,183.4
FCH.L,2026-10-02,185.4
FCH.L,2026-10-05,185.4
FCIT.L,2026-09-29,345.6
FCIT.L,2026-09-30,346.4
FCIT.L,2026-10-01,343.6
FCIT.L,2026-10-02,347.0
FCIT.L,2026-10-05,347.0
FCSS.L,2026-09-29,251.0
FCSS.L,2026-09-30,252.0
FCSS.L,2026-10-01,251.5
FCSS.L,2026-10-02,247.5
FCSS.L,2026-10-05,248.278
FCT.MI,2026-09-29,12.16
FCT.MI,2026-09-30,12.04
FCT.MI,2026-10-01,12.365
FCT.MI,2026-10-02,12.12
FCT.MI,2026-10-05,12.46
FCX,2026-09-28,71.96
FCX,2026-09-29,70.79
FCX,2026-09-30,70.0
FCX,2026-10-01,69.28
FCX,2026-10-02,72.04
FDS,2026-09-28,267.67
FDS,2026-09-29,259.97
FDS,2026-09-30,269.95
FDS,2026-10-01,277.61
FDS,2026-10-02,266.0
FDX,2026-09-28,289.65
FDX,2026-09-29,287.47
FDX,2026-09-30,285.09
FDX,2026-10-01,287.07
FDX,2026-10-02,290.36
FDXF,2026-09-28,112.3
FDXF,2026-09-29,112.06
FDXF,2026-09-30,109.38
FDXF,2026-10-01,110.67
FDXF,2026-10-02,112.89
FE,2026-09-28,43.02
FE,2026-09-29,43.64
FE,2026-09-30,43.33
FE,2026-10-01,43.39
FE,2026-10-02,43.34
FEML.L,2026-09-29,1486.0
FEML.L,2026-09-30,1472.0
FEML.L,2026-10-01,1468.0
FEML.L,2026-10-02,1500.0
FEML.L,2026-10-05,1520.0
FERG,2026-09-28,227.3
FERG,2026-09-29,223.87
FERG,2026-09-30,222.62
FERG,2026-10-01,221.49
FERG,2026-10-02,223.33
FEV.L,2026-09-29,426.0
FEV.L,2026-09-30,424.5
FEV.L,2026-10-01,417.5
FEV.L,2026-10-02,421.0
FEV.L,2026-10-05,418.0
FFIV,2026-09-28,435.56
FFIV,2026-09-29,438.07
FFIV,2026-09-30,445.18
FFIV,2026-10-01,443.68
FFIV,2026-10-02,454.04
FGEN.L,2026-09-29,87.6
FGEN.L,2026-09-30,88.3
FGEN.L,2026-10-01,88.3
FGEN.L,2026-10-02,87.8
FGEN.L,2026-10-05,86.507
FGP.L,2026-09-29,180.3
FGP.L,2026-09-30,182.7
FGP.L,2026-10-01,181.1
FGP.L,2026-10-02,181.4
FGP.L,2026-10-05,183.5
FGT.L,2026-09-29,767.0
FGT.L,2026-09-30,771.0
FGT.L,2026-10-01,764.0
FGT.L,2026-10-02,763.0
FGT.L,2026-10-05,767.0
FICO,2026-09-28,840.89
FICO,2026-09-29,617.87
FICO,2026-09-30,592.47
FICO,2026-10-01,661.75
FICO,2026-10-02,661.25
FIS,2026-09-28,34.31
FIS,2026-09-29,33.35
FIS,2026-09-30,32.9
FIS,2026-10-01,33.1
FIS,2026-10-02,32.44
FISV,2026-09-28,46.02
FISV,2026-09-29,45.36
FISV,2026-09-30,45.18
FISV,2026-10-01,45.38
FISV,2026-10-02,44.36
FITB,2026-09-28,51.57
FITB,2026-09-29,50.97
FITB,2026-09-30,50.58
FITB,2026-10-01,50.41
FITB,2026-10-02,50.87
FIX,2026-09-28,1658.3
FIX,2026-09-29,1665.05
FIX,2026-09-30,1654.09
FIX,2026-10-01,1685.29
FIX,2026-10-02,1728.01
FLEX,2026-09-28,113.04
FLEX,2026-09-29,113.83
FLEX,2026-09-30,109.99
FLEX,2026-10-01,112.78
FLEX,2026-10-02,116.61
FME.DE,2026-09-29,39.2
FME.DE,2026-09-30,39.57
FME.DE,2026-10-01,39.68
FME.DE,2026-10-02,39.55
FME.DE,2026-10-05,40.24
FMS,2026-09-28,22.95
FMS,2026-09-29,22.27
FMS,2026-09-30,22.38
FMS,2026-10-01,22.26
FMS,2026-10-02,22.25
FOUR.L,2026-09-29,4496.0
FOUR.L,2026-09-30,4516.0
FOUR.L,2026-10-01,4416.0
FOUR.L,2026-10-02,4352.0
FOUR.L,2026-10-05,4318.0
FOX,2026-09-28,56.55
FOX,2026-09-29,55.83
FOX,2026-09-30,56.3
FOX,2026-10-01,54.92
FOX,2026-10-02,55.89
FOXA,2026-09-28,63.06
FOXA,2026-09-29,62.48
FOXA,2026-09-30,62.65
FOXA,2026-10-01,61.28
FOXA,2026-10-02,62.28
FRAS.L,2026-09-29,803.5
FRAS.L,2026-09-30,805.0
FRAS.L,2026-10-01,811.5
FRAS.L,2026-10-02,805.0
FRAS.L,2026-10-05,809.0
FRE.DE,2026-09-29,44.2
FRE.DE,2026-09-30,44.75
FRE.DE,2026-10-01,43.8
FRE.DE,2026-10-02,43.635
FRE.DE,2026-10-05,44.355
FRES.L,2026-09-29,2724.0
FRES.L,2026-09-30,2728.0
FRES.L,2026-10-01,2680.0
FRES.L,2026-10-02,2696.0
FRES.L,2026-10-05,2747.0
FRT,2026-09-28,109.83
FRT,2026-09-29,109.39
FRT,2026-09-30,108.29
FRT,2026-10-01,108.03
FRT,2026-10-02,106.69
FSG.L,2026-09-29,434.0
FSG.L,2026-09-30,449.0
FSG.L,2026-10-01,464.0
FSG.L,2026-10-02,456.0
FSG.L,2026-10-05,451.0
FSLR,2026-09-28,172.97
FSLR,2026-09-29,176.93
FSLR,2026-09-30,175.16
FSLR,2026-10-01,172.11
FSLR,2026-10-02,174.61
FSV.L,2026-09-29,467.0
FSV.L,2026-09-30,472.0
FSV.L,2026-10-01,463.0
FSV.L,2026-10-02,461.5
FSV.L,2026-10-05,462.6631
FTNT,2026-09-28,176.33
FTNT,2026-09-29,175.96
FTNT,2026-09-30,178.76
FTNT,2026-10-01,178.72
FTNT,2026-10-02,180.95
FTSEMIB.MI,2026-09-29,51805.0
FTSEMIB.MI,2026-09-30,51372.0
FTSEMIB.MI,2026-10-01,50238.0
FTSEMIB.MI,2026-10-02,50483.0
FTSEMIB.MI,2026-10-05,50721.1094
FTV,2026-09-28,55.76
FTV,2026-09-29,55.41
FTV,2026-09-30,54.81
FTV,2026-10-01,55.84
FTV,2026-10-02,57.47
G.MI,2026-09-29,43.51
G.MI,2026-09-30,42.75
G.MI,2026-10-01,41.86
G.MI,2026-10-02,41.46
G.MI,2026-10-05,41.63
G1A.DE,2026-09-29,66.75
G1A.DE,2026-09-30,66.3
G1A.DE,2026-10-01,65.8
G1A.DE,2026-10-02,66.45
G1A.DE,2026-10-05,67.5
G24.DE,2026-09-29,67.1
G24.DE,2026-09-30,67.0
G24.DE,2026-10-01,67.6
G24.DE,2026-10-02,68.55
G24.DE,2026-10-05,68.1
GAMA.L,2026-09-29,1125.0
GAMA.L,2026-09-30,1124.0
GAMA.L,2026-10-01,1098.0
GAMA.L,2026-10-02,1095.0
GAMA.L,2026-10-05,1092.478
GAW.L,2026-09-29,17670.0
GAW.L,2026-09-30,17990.0
GAW.L,2026-10-01,16870.0
GAW.L,2026-10-02,17190.0
GAW.L,2026-10-05,17160.0
GCP.L,2026-09-29,83.2
GCP.L,2026-09-30,83.1
GCP.L,2026-10-01,82.7
GCP.L,2026-10-02,82.2
GCP.L,2026-10-05,81.709
GD,2026-09-28,334.16
GD,2026-09-29,332.34
GD,2026-09-30,331.83
GD,2026-10-01,332.72
GD,2026-10-02,330.09
GDDY,2026-09-28,93.71
GDDY,2026-09-29,94.06
GDDY,2026-09-30,95.51
GDDY,2026-10-01,96.98
GDDY,2026-10-02,97.21
GDWN.L,2026-09-29,14420.0
GDWN.L,2026-09-30,13280.0
GDWN.L,2026-10-01,13500.0
GDWN.L,2026-10-02,14220.0
GDWN.L,2026-10-05,13820.0
GE,2026-09-28,318.24
GE,2026-09-29,317.89
GE,2026-09-30,312.29
GE,2026-10-01,312.39
GE,2026-10-02,309.56
GEHC,2026-09-28,66.78
GEHC,2026-09-29,66.46
GEHC,2026-09-30,65.37
GEHC,2026-10-01,63.98
GEHC,2026-10-02,64.29
GEN,2026-09-28,20.85
GEN,2026-09-29,20.85
GEN,2026-09-30,22.02
GEN,2026-10-01,22.25
GEN,2026-10-02,21.99
GEN.L,2026-09-29,290.8
GEN.L,2026-09-30,292.0
GEN.L,2026-10-01,282.0
GEN.L,2026-10-02,283.8
GEN.L,2026-10-05,285.6
GEV,2026-09-28,949.77
GEV,2026-09-29,962.49
GEV,2026-09-30,950.49
GEV,2026-10-01,987.45
GEV,2026-10-02,988.7
GFRD.L,2026-09-29,692.0
GFRD.L,2026-09-30,706.0
GFRD.L,2026-10-01,706.0
GFRD.L,2026-10-02,709.0
GFRD.L,2026-10-05,702.0
GFTU.L,2026-09-29,988.0
GFTU.L,2026-09-30,979.2
GFTU.L,2026-10-01,945.2
GFTU.L,2026-10-02,934.3
GFTU.L,2026-10-05,933.9
GILD,2026-09-28,152.21
GILD,2026-09-29,151.28
GILD,2026-09-30,149.05
GILD,2026-10-01,147.5
GILD,2026-10-02,144.74
GIS,2026-09-28,33.6
GIS,2026-09-29,33.82
GIS,2026-09-30,32.16
GIS,2026-10-01,31.67
GIS,2026-10-02,32.01
GL,2026-09-28,166.69
GL,2026-09-29,166.08
GL,2026-09-30,165.65
GL,2026-10-01,165.83
GL,2026-10-02,165.68
GLE.PA,2026-09-29,70.63
GLE.PA,2026-09-30,69.56
GLE.PA,2026-10-01,66.08
GLE.PA,2026-10-02,66.3
GLE.PA,2026-10-05,65.46
GLEN.L,2026-09-29,551.8
GLEN.L,2026-09-30,555.2
GLEN.L,2026-10-01,545.3
GLEN.L,2026-10-02,561.4
GLEN.L,2026-10-05,566.0
GLW,2026-09-28,151.59
GLW,2026-09-29,158.71
GLW,2026-09-30,153.76
GLW,2026-10-01,160.42
GLW,2026-10-02,164.19
GM,2026-09-28,80.64
GM,2026-09-29,80.47
GM,2026-09-30,77.0
GM,2026-10-01,79.31
GM,2026-10-02,78.27
GNC.L,2026-09-29,246.0
GNC.L,2026-09-30,254.0
GNC.L,2026-10-01,249.0
GNC.L,2026-10-02,244.4
GNC.L,2026-10-05,246.0
GNRC,2026-09-28,205.21
GNRC,2026-09-29,212.22
GNRC,2026-09-30,206.95
GNRC,2026-10-01,207.91
GNRC,2026-10-02,216.8
GNS.L,2026-09-29,2186.0
GNS.L,2026-09-30,2142.0
GNS.L,2026-10-01,2150.0
GNS.L,2026-10-02,2144.0
GNS.L,2026-10-05,2148.0
GOOG,2026-09-28,339.16
GOOG,2026-09-29,337.32
GOOG,2026-09-30,340.74
GOOG,2026-10-01,334.93
GOOG,2026-10-02,340.35
GOOGL,2026-09-28,342.75
GOOGL,2026-09-29,340.92
GOOGL,2026-09-30,344.08
GOOGL,2026-10-01,338.24
GOOGL,2026-10-02,343.5
GPC,2026-09-28,128.13
GPC,2026-09-29,126.95
GPC,2026-09-30,125.74
GPC,2026-10-01,125.12
GPC,2026-10-02,127.24
GPE.L,2026-09-29,313.2
GPE.L,2026-09-30,311.0
GPE.L,2026-10-01,301.0
GPE.L,2026-10-02,307.0
GPE.L,2026-10-05,307.4
GPN,2026-09-28,84.7
GPN,2026-09-29,83.33
GPN,2026-09-30,81.67
GPN,2026-10-01,80.29
GPN,2026-10-02,78.38
GRG.L,2026-09-29,1875.0
GRG.L,2026-09-30,2028.0
GRG.L,2026-10-01,1988.0
GRG.L,2026-10-02,2026.0
GRG.L,2026-10-05,2028.0
GRI.L,2026-09-29,167.5
GRI.L,2026-09-30,167.2
GRI.L,2026-10-01,162.6
GRI.L,2026-10-02,163.0
GRI.L,2026-10-05,163.36
GRMN,2026-09-28,294.05
GRMN,2026-09-29,290.23
GRMN,2026-09-30,286.84
GRMN,2026-10-01,282.46
GRMN,2026-10-02,281.16
GROW.L,2026-09-29,686.5
GROW.L,2026-09-30,700.0
GROW.L,2026-10-01,675.0
GROW.L,2026-10-02,674.5
GROW.L,2026-10-05,669.5
GS,2026-09-28,916.28
GS,2026-09-29,916.24
GS,2026-09-30,900.36
GS,2026-10-01,896.67
GS,2026-10-02,902.56
GSCT.L,2026-09-29,190.0
GSCT.L,2026-09-30,190.6
GSCT.L,2026-10-01,189.0
GSCT.L,2026-10-02,190.6
GSCT.L,2026-10-05,187.2
GSK,2026-09-28,49.7
GSK,2026-09-29,49.35
GSK,2026-09-30,48.17
GSK,2026-10-01,47.18
GSK,2026-10-02,47.03
GSK.L,2026-09-29,1856.0
GSK.L,2026-09-30,1832.0
GSK.L,2026-10-01,1795.0
GSK.L,2026-10-02,1779.5
GSK.L,2026-10-05,1782.0
GWW,2026-09-28,1255.6899
GWW,2026-09-29,1248.67
GWW,2026-09-30,1245.76
GWW,2026-10-01,1281.6801
GWW,2026-10-02,1280.3
HAL,2026-09-28,32.43
HAL,2026-09-29,31.54
HAL,2026-09-30,31.8
HAL,2026-10-01,31.88
HAL,2026-10-02,31.85
HANA.L,2026-09-29,333.0
HANA.L,2026-09-30,330.0
HANA.L,2026-10-01,336.0
HANA.L,2026-10-02,334.0
HANA.L,2026-10-05,338.0
HAS,2026-09-28,89.45
HAS,2026-09-29,88.26
HAS,2026-09-30,87.68
HAS,2026-10-01,89.98
HAS,2026-10-02,89.54
HAS.L,2026-09-29,63.75
HAS.L,2026-09-30,63.25
HAS.L,2026-10-01,63.65
HAS.L,2026-10-02,64.3
HAS.L,2026-10-05,64.0
HBAN,2026-09-28,15.3
HBAN,2026-09-29,15.27
HBAN,2026-09-30,15.26
HBAN,2026-10-01,15.19
HBAN,2026-10-02,15.33
HBR.L,2026-09-29,261.6
HBR.L,2026-09-30,263.0
HBR.L,2026-10-01,276.2
HBR.L,2026-10-02,269.2
HBR.L,2026-10-05,271.8
HCA,2026-09-28,432.6
HCA,2026-09-29,431.63
HCA,2026-09-30,426.74
HCA,2026-10-01,423.39
HCA,2026-10-02,426.69
HD,2026-09-28,289.89
HD,2026-09-29,288.04
HD,2026-09-30,284.49
HD,2026-10-01,282.46
HD,2026-10-02,282.85
HEI.DE,2026-09-29,144.5
HEI.DE,2026-09-30,141.75
HEI.DE,2026-10-01,145.7
HEI.DE,2026-10-02,148.4
HEI.DE,2026-10-05,147.5
HEN3.DE,2026-09-29,73.82
HEN3.DE,2026-09-30,73.02
HEN3.DE,2026-10-01,71.92
HEN3.DE,2026-10-02,72.3
HEN3.DE,2026-10-05,72.54
HER.MI,2026-09-29,3.52
HER.MI,2026-09-30,3.538
HER.MI,2026-10-01,3.502
HER.MI,2026-10-02,3.534
HER.MI,2026-10-05,3.522
HFD.L,2026-09-29,261.5
HFD.L,2026-09-30,267.5
HFD.L,2026-10-01,263.0
HFD.L,2026-10-02,258.0
HFD.L,2026-10-05,258.5
HFEL.L,2026-09-29,273.0
HFEL.L,2026-09-30,272.5
HFEL.L,2026-10-01,272.0
HFEL.L,2026-10-02,273.0
HFEL.L,2026-10-05,272.885
HFG.L,2026-09-29,719.0
HFG.L,2026-09-30,719.0
HFG.L,2026-10-01,702.0
HFG.L,2026-10-02,698.5
HFG.L,2026-10-05,705.5
HGT.L,2026-09-29,382.0
HGT.L,2026-09-30,385.5
HGT.L,2026-10-01,376.0
HGT.L,2026-10-02,373.0
HGT.L,2026-10-05,370.9031
HICL.L,2026-09-29,133.4
HICL.L,2026-09-30,134.2
HICL.L,2026-10-01,132.2
HICL.L,2026-10-02,131.2
HICL.L,2026-10-05,130.55
HIG,2026-09-28,126.04
HIG,2026-09-29,125.85
HIG,2026-09-30,122.36
HIG,2026-10-01,125.74
HIG,2026-10-02,126.05
HII,2026-09-28,257.05
HII,2026-09-29,259.64
HII,2026-09-30,267.07
HII,2026-10-01,274.33
HII,2026-10-02,268.54
HIK.L,2026-09-29,1609.0
HIK.L,2026-09-30,1618.0
HIK.L,2026-10-01,1571.0
HIK.L,2026-10-02,1580.0
HIK.L,2026-10-05,1579.0
HILS.L,2026-09-29,3275.0
HILS.L,2026-09-30,3320.0
HILS.L,2026-10-01,3245.0
HILS.L,2026-10-02,3270.0
HILS.L,2026-10-05,3260.0
HLMA.L,2026-09-29,3528.0
HLMA.L,2026-09-30,3502.0
HLMA.L,2026-10-01,3464.0
HLMA.L,2026-10-02,3600.0
HLMA.L,2026-10-05,3542.0
HLN,2026-09-28,9.17
HLN,2026-09-29,9.07
HLN,2026-09-30,9.0
HLN,2026-10-01,8.72
HLN,2026-10-02,8.8
HLN.L,2026-09-29,337.1
HLN.L,2026-09-30,337.6
HLN.L,2026-10-01,327.8
HLN.L,2026-10-02,328.3
HLN.L,2026-10-05,333.7
HLT,2026-09-28,320.28
HLT,2026-09-29,323.44
HLT,2026-09-30,318.12
HLT,2026-10-01,315.44
HLT,2026-10-02,319.36
HMSO.L,2026-09-29,342.2
HMSO.L,2026-09-30,344.8
HMSO.L,2026-10-01,329.6
HMSO.L,2026-10-02,334.2
HMSO.L,2026-10-05,332.8
HNR1.DE,2026-09-29,256.2
HNR1.DE,2026-09-30,252.4
HNR1.DE,2026-10-01,250.8
HNR1.DE,2026-10-02,255.0
HNR1.DE,2026-10-05,255.4
HO.PA,2026-09-29,226.6
HO.PA,2026-09-30,224.5
HO.PA,2026-10-01,225.3
HO.PA,2026-10-02,222.7
HO.PA,2026-10-05,227.7
HOC.L,2026-09-29,519.5
HOC.L,2026-09-30,530.5
HOC.L,2026-10-01,532.0
HOC.L,2026-10-02,540.5
HOC.L,2026-10-05,540.5
HON,2026-09-28,211.52
HON,2026-09-29,210.13
HON,2026-09-30,210.94
HON,2026-10-01,213.8
HON,2026-10-02,213.99
HONA,2026-09-28,152.32
HONA,2026-09-29,155.44
HONA,2026-09-30,154.97
HONA,2026-10-01,154.07
HONA,2026-10-02,154.63
HOOD,2026-09-28,116.46
HOOD,2026-09-29,116.22
HOOD,2026-09-30,112.5
HOOD,2026-10-01,111.15
HOOD,2026-10-02,112.74
HPE,2026-09-28,62.63
HPE,2026-09-29,61.49
HPE,2026-09-30,63.89
HPE,2026-10-01,64.58
HPE,2026-10-02,69.33
HPQ,2026-09-28,31.32
HPQ,2026-09-29,30.73
HPQ,2026-09-30,31.28
HPQ,2026-10-01,32.15
HPQ,2026-10-02,32.12
HRI.L,2026-09-29,2950.0
HRI.L,2026-09-30,2965.0
HRI.L,2026-10-01,2950.0
HRI.L,2026-10-02,2990.0
HRI.L,2026-10-05,2955.0
HRL,2026-09-28,19.97
HRL,2026-09-29,19.85
HRL,2026-09-30,19.94
HRL,2026-10-01,19.96
HRL,2026-10-02,20.25
HSBA.L,2026-09-29,1510.0
HSBA.L,2026-09-30,1497.6
HSBA.L,2026-10-01,1437.0
HSBA.L,2026-10-02,1442.2
HSBA.L,2026-10-05,1452.8
HSBC,2026-09-28,101.18
HSBC,2026-09-29,100.72
HSBC,2026-09-30,99.31
HSBC,2026-10-01,95.82
HSBC,2026-10-02,96.14
HSIC,2026-09-28,85.99
HSIC,2026-09-29,84.97
HSIC,2026-09-30,83.97
HSIC,2026-10-01,84.93
HSIC,2026-10-02,84.88
HSL.L,2026-09-29,971.0
HSL.L,2026-09-30,983.0
HSL.L,2026-10-01,951.0
HSL.L,2026-10-02,955.0
HSL.L,2026-10-05,952.0
HST,2026-09-28,22.66
HST,2026-09-29,22.44
HST,2026-09-30,22.39
HST,2026-10-01,22.51
HST,2026-10-02,22.56
HSX.L,2026-09-29,1880.0
HSX.L,2026-09-30,1854.0
HSX.L,2026-10-01,1848.0
HSX.L,2026-10-02,1861.0
HSX.L,2026-10-05,1867.0
HSY,2026-09-28,164.41
HSY,2026-09-29,161.41
HSY,2026-09-30,157.61
HSY,2026-10-01,159.3
HSY,2026-10-02,160.19
HTG.L,2026-09-29,392.5
HTG.L,2026-09-30,397.0
HTG.L,2026-10-01,389.5
HTG.L,2026-10-02,383.0
HTG.L,2026-10-05,390.416
HTWS.L,2026-09-29,214.0
HTWS.L,2026-09-30,212.8
HTWS.L,2026-10-01,210.0
HTWS.L,2026-10-02,214.4
HTWS.L,2026-10-05,218.0
HUBB,2026-09-28,465.72
HUBB,2026-09-29,459.09
HUBB,2026-09-30,453.6
HUBB,2026-10-01,466.98
HUBB,2026-10-02,475.52
HUM,2026-09-28,389.63
HUM,2026-09-29,386.87
HUM,2026-09-30,381.57
HUM,2026-10-01,379.68
HUM,2026-10-02,388.36
HVPE.L,2026-09-29,3320.0
HVPE.L,2026-09-30,3315.0
HVPE.L,2026-10-01,3300.0
HVPE.L,2026-10-02,3295.0
HVPE.L,2026-10-05,3283.0161
HWDN.L,2026-09-29,769.0
HWDN.L,2026-09-30,762.0
HWDN.L,2026-10-01,749.0
HWDN.L,2026-10-02,752.5
HWDN.L,2026-10-05,753.0
HWG.L,2026-09-29,187.0
HWG.L,2026-09-30,187.0
HWG.L,2026-10-01,187.0
HWG.L,2026-10-02,187.0
HWG.L,2026-10-05,187.0488
HWM,2026-09-28,228.32
HWM,2026-09-29,230.94
HWM,2026-09-30,226.18
HWM,2026-10-01,228.38
HWM,2026-10-02,231.27
IAD.L,2026-09-29,505.0
IAD.L,2026-09-30,504.0
IAD.L,2026-10-01,496.0
IAD.L,2026-10-02,501.0
IAD.L,2026-10-05,501.2825
IAG.L,2026-09-29,438.0
IAG.L,2026-09-30,437.7
IAG.L,2026-10-01,432.2
IAG.L,2026-10-02,441.2
IAG.L,2026-10-05,436.4
IBE.MC,2026-09-29,20.49
IBE.MC,2026-09-30,20.61
IBE.MC,2026-10-01,20.73
IBE.MC,2026-10-02,20.82
IBE.MC,2026-10-05,20.99
IBKR,2026-09-28,87.08
IBKR,2026-09-29,86.18
IBKR,2026-09-30,85.42
IBKR,2026-10-01,85.81
IBKR,2026-10-02,88.3
IBM,2026-09-28,220.67
IBM,2026-09-29,219.99
IBM,2026-09-30,219.93
IBM,2026-10-01,225.62
IBM,2026-10-02,222.64
ICE,2026-09-28,152.91
ICE,2026-09-29,152.19
ICE,2026-09-30,152.03
ICE,2026-10-01,151.47
ICE,2026-10-02,150.15
ICG.L,2026-09-29,1831.0
ICG.L,2026-09-30,1849.0
ICG.L,2026-10-01,1795.0
ICG.L,2026-10-02,1763.0
ICG.L,2026-10-05,1771.5
ICGT.L,2026-09-29,1386.0
ICGT.L,2026-09-30,1400.0
ICGT.L,2026-10-01,1382.0
ICGT.L,2026-10-02,1370.0
ICGT.L,2026-10-05,1378.0
IDXX,2026-09-28,529.06
IDXX,2026-09-29,533.44
IDXX,2026-09-30,522.19
IDXX,2026-10-01,517.75
IDXX,2026-10-02,518.39
IEX,2026-09-28,231.15
IEX,2026-09-29,230.43
IEX,2026-09-30,227.98
IEX,2026-10-01,229.85
IEX,2026-10-02,232.99
IFF,2026-09-28,85.72
IFF,2026-09-29,85.25
IFF,2026-09-30,83.48
IFF,2026-10-01,83.12
IFF,2026-10-02,82.42
IFX.DE,2026-09-29,59.3
IFX.DE,2026-09-30,59.5
IFX.DE,2026-10-01,59.42
IFX.DE,2026-10-02,64.64
IFX.DE,2026-10-05,64.32
IG.MI,2026-09-29,8.386
IG.MI,2026-09-30,8.408
IG.MI,2026-10-01,8.238
IG.MI,2026-10-02,8.256
IG.MI,2026-10-05,8.226
IGG.L,2026-09-29,1315.0
IGG.L,2026-09-30,1325.0
IGG.L,2026-10-01,1279.0
IGG.L,2026-10-02,990.0
IGG.L,2026-10-05,974.0
IHG,2026-09-28,161.11
IHG,2026-09-29,163.1
IHG,2026-09-30,160.8
IHG,2026-10-01,161.44
IHG,2026-10-02,161.74
IHG.L,2026-09-29,161.5
IHG.L,2026-09-30,161.55
IHG.L,2026-10-01,159.75
IHG.L,2026-10-02,160.85
IHG.L,2026-10-05,161.1
IHP.L,2026-09-29,370.0
IHP.L,2026-09-30,377.5
IHP.L,2026-10-01,365.5
IHP.L,2026-10-02,362.0
IHP.L,2026-10-05,363.5
III.L,2026-09-29,2652.0
III.L,2026-09-30,2624.0
III.L,2026-10-01,2544.0
III.L,2026-10-02,2555.0
III.L,2026-10-05,2446.5015
ILMN,2026-09-28,271.9
ILMN,2026-09-29,272.0
ILMN,2026-09-30,273.68
ILMN,2026-10-01,265.72
ILMN,2026-10-02,273.04
IMB.L,2026-09-29,2447.0
IMB.L,2026-09-30,2445.0
IMB.L,2026-10-01,2424.0
IMB.L,2026-10-02,2443.0
IMB.L,2026-10-05,2463.0
IMI.L,2026-09-29,3134.0
IMI.L,2026-09-30,3136.0
IMI.L,2026-10-01,3066.0
IMI.L,2026-10-02,3130.0
IMI.L,2026-10-05,3140.0
INCH.L,2026-09-29,746.5
INCH.L,2026-09-30,748.0
INCH.L,2026-10-01,743.0
INCH.L,2026-10-02,739.5
INCH.L,2026-10-05,738.0
INCY,2026-09-28,124.82
INCY,2026-09-29,123.2
INCY,2026-09-30,121.35
INCY,2026-10-01,117.14
INCY,2026-10-02,115.3
INF.L,2026-09-29,873.8
INF.L,2026-09-30,868.0
INF.L,2026-10-01,860.4
INF.L,2026-10-02,857.6
INF.L,2026-10-05,863.4
ING,2026-09-28,36.38
ING,2026-09-29,36.08
ING,2026-09-30,35.5
ING,2026-10-01,34.25
ING,2026-10-02,34.78
INGA.AS,2026-09-29,31.725
INGA.AS,2026-09-30,31.485
INGA.AS,2026-10-01,30.25
INGA.AS,2026-10-02,30.685
INGA.AS,2026-10-05,30.98
INPP.L,2026-09-29,138.6
INPP.L,2026-09-30,138.8
INPP.L,2026-10-01,137.0
INPP.L,2026-10-02,135.4
INPP.L,2026-10-05,135.0
INTC,2026-09-28,116.03
INTC,2026-09-29,115.93
INTC,2026-09-30,120.23
INTC,2026-10-01,120.0
INTC,2026-10-02,119.33
INTU,2026-09-28,269.4
INTU,2026-09-29,268.03
INTU,2026-09-30,275.71
INTU,2026-10-01,282.78
INTU,2026-10-02,281.08
INVH,2026-09-28,26.54
INVH,2026-09-29,26.57
INVH,2026-09-30,26.33
INVH,2026-10-01,26.4
INVH,2026-10-02,26.04
INVP.L,2026-09-29,614.0
INVP.L,2026-09-30,623.5
INVP.L,2026-10-01,610.0
INVP.L,2026-10-02,605.0
INVP.L,2026-10-05,602.5
INW.MI,2026-09-29,6.355
INW.MI,2026-09-30,6.44
INW.MI,2026-10-01,6.355
INW.MI,2026-10-02,6.5
INW.MI,2026-10-05,6.475
IP,2026-09-28,34.0
IP,2026-09-29,33.32
IP,2026-09-30,33.17
IP,2026-10-01,32.52
IP,2026-10-02,31.97
IPO.L,2026-09-29,73.6
IPO.L,2026-09-30,75.4
IPO.L,2026-10-01,73.1
IPO.L,2026-10-02,74.0
IPO.L,2026-10-05,71.869
IQV,2026-09-28,270.97
IQV,2026-09-29,268.99
IQV,2026-09-30,268.85
IQV,2026-10-01,260.72
IQV,2026-10-02,258.21
IR,2026-09-28,76.38
IR,2026-09-29,76.48
IR,2026-09-30,75.11
IR,2026-10-01,75.25
IR,2026-10-02,76.07
IRM,2026-09-28,111.05
IRM,2026-09-29,111.5
IRM,2026-09-30,110.95
IRM,2026-10-01,111.13
IRM,2026-10-02,113.39
ISP.MI,2026-09-29,6.753
ISP.MI,2026-09-30,6.645
ISP.MI,2026-10-01,6.378
ISP.MI,2026-10-02,6.328
ISP.MI,2026-10-05,6.406
ISRG,2026-09-28,414.79
ISRG,2026-09-29,412.18
ISRG,2026-09-30,406.63
ISRG,2026-10-01,401.24
ISRG,2026-10-02,391.95
IT,2026-09-28,185.73
IT,2026-09-29,185.85
IT,2026-09-30,186.54
IT,2026-10-01,192.8
IT,2026-10-02,184.8
ITH.L,2026-09-29,275.0
ITH.L,2026-09-30,274.4
ITH.L,2026-10-01,276.0
ITH.L,2026-10-02,275.4
ITH.L,2026-10-05,282.2
ITRK.L,2026-09-29,5880.0
ITRK.L,2026-09-30,5870.0
ITRK.L,2026-10-01,5875.0
ITRK.L,2026-10-02,5880.0
ITRK.L,2026-10-05,5877.981
ITV.L,2026-09-29,67.95
ITV.L,2026-09-30,67.75
ITV.L,2026-10-01,66.5
ITV.L,2026-10-02,66.75
ITV.L,2026-10-05,66.75
ITW,2026-09-28,273.83
ITW,2026-09-29,267.07
ITW,2026-09-30,257.28
ITW,2026-10-01,260.84
ITW,2026-10-02,262.92
ITX.MC,2026-09-29,53.28
ITX.MC,2026-09-30,53.92
ITX.MC,2026-10-01,53.06
ITX.MC,2026-10-02,53.24
ITX.MC,2026-10-05,53.22
IVG.MI,2026-09-29,14.27
IVG.MI,2026-09-30,14.29
IVG.MI,2026-10-01,14.29
IVG.MI,2026-10-02,14.27
IVG.MI,2026-10-05,14.27
IVZ,2026-09-28,30.43
IVZ,2026-09-29,30.42
IVZ,2026-09-30,30.16
IVZ,2026-10-01,30.42
IVZ,2026-10-02,30.66
IWG.L,2026-09-29,173.7
IWG.L,2026-09-30,178.6
IWG.L,2026-10-01,177.0
IWG.L,2026-10-02,176.4
IWG.L,2026-10-05,175.6
J,2026-09-28,138.37
J,2026-09-29,136.48
J,2026-09-30,135.27
J,2026-10-01,139.79
J,2026-10-02,138.06
JAM.L,2026-09-29,1228.0
JAM.L,2026-09-30,1230.0
JAM.L,2026-10-01,1222.0
JAM.L,2026-10-02,1238.0
JAM.L,2026-10-05,1239.2
JBHT,2026-09-28,226.07
JBHT,2026-09-29,229.28
JBHT,2026-09-30,224.05
JBHT,2026-10-01,227.2
JBHT,2026-10-02,234.2
JBL,2026-09-28,318.93
JBL,2026-09-29,318.84
JBL,2026-09-30,286.86
JBL,2026-10-01,299.79
JBL,2026-10-02,304.41
JCH.L,2026-09-29,948.0
JCH.L,2026-09-30,952.0
JCH.L,2026-10-01,926.0
JCH.L,2026-10-02,924.0
JCH.L,2026-10-05,932.0
JCI,2026-09-28,148.89
JCI,2026-09-29,149.42
JCI,2026-09-30,148.65
JCI,2026-10-01,151.77
JCI,2026-10-02,156.24
JD.L,2026-09-29,80.02
JD.L,2026-09-30,81.28
JD.L,2026-10-01,80.86
JD.L,2026-10-02,79.72
JD.L,2026-10-05,80.62
JDW.L,2026-09-29,819.5
JDW.L,2026-09-30,813.5
JDW.L,2026-10-01,813.0
JDW.L,2026-10-02,915.0
JDW.L,2026-10-05,949.57
JEDT.L,2026-09-29,625.0
JEDT.L,2026-09-30,624.0
JEDT.L,2026-10-01,611.0
JEDT.L,2026-10-02,611.0
JEDT.L,2026-10-05,609.5
JEGI.L,2026-09-29,142.8
JEGI.L,2026-09-30,142.6
JEGI.L,2026-10-01,140.6
JEGI.L,2026-10-02,140.4
JEGI.L,2026-10-05,139.096
JEMI.L,2026-09-29,216.0
JEMI.L,2026-09-30,214.0
JEMI.L,2026-10-01,213.0
JEMI.L,2026-10-02,214.0
JEMI.L,2026-10-05,218.781
JFJ.L,2026-09-29,816.0
JFJ.L,2026-09-30,832.0
JFJ.L,2026-10-01,827.0
JFJ.L,2026-10-02,842.0
JFJ.L,2026-10-05,835.9712
JGGI.L,2026-09-29,606.5
JGGI.L,2026-09-30,611.5
JGGI.L,2026-10-01,606.0
JGGI.L,2026-10-02,609.5
JGGI.L,2026-10-05,610.6171
JKHY,2026-09-28,147.82
JKHY,2026-09-29,146.22
JKHY,2026-09-30,143.24
JKHY,2026-10-01,143.84
JKHY,2026-10-02,142.54
JMAT.L,2026-09-29,2380.0
JMAT.L,2026-09-30,2406.0
JMAT.L,2026-10-01,2370.0
JMAT.L,2026-10-02,2422.0
JMAT.L,2026-10-05,2411.6162
JMGI.L,2026-09-29,170.0
JMGI.L,2026-09-30,169.2
JMGI.L,2026-10-01,168.6
JMGI.L,2026-10-02,170.4
JMGI.L,2026-10-05,174.2
JNJ,2026-09-28,271.95
JNJ,2026-09-29,267.57
JNJ,2026-09-30,264.74
JNJ,2026-10-01,258.66
JNJ,2026-10-02,256.03
JPM,2026-09-28,336.59
JPM,2026-09-29,334.98
JPM,2026-09-30,330.83
JPM,2026-10-01,333.18
JPM,2026-10-02,332.38
JSG.L,2026-09-29,136.5
JSG.L,2026-09-30,137.8
JSG.L,2026-10-01,136.0
JSG.L,2026-10-02,136.9
JSG.L,2026-10-05,136.2779
JUP.L,2026-09-29,165.8
JUP.L,2026-09-30,173.4
JUP.L,2026-10-01,168.4
JUP.L,2026-10-02,169.2
JUP.L,2026-10-05,166.2
KDP,2026-09-28,31.46
KDP,2026-09-29,31.03
KDP,2026-09-30,30.34
KDP,2026-10-01,30.69
KDP,2026-10-02,30.37
KER.PA,2026-09-29,223.55
KER.PA,2026-09-30,223.4
KER.PA,2026-10-01,217.3
KER.PA,2026-10-02,210.3
KER.PA,2026-10-05,208.55
KEY,2026-09-28,20.4
KEY,2026-09-29,20.12
KEY,2026-09-30,20.07
KEY,2026-10-01,20.05
KEY,2026-10-02,20.08
KEYS,2026-09-28,359.74
KEYS,2026-09-29,360.65
KEYS,2026-09-30,364.04
KEYS,2026-10-01,373.88
KEYS,2026-10-02,384.64
KGF.L,2026-09-29,328.7
KGF.L,2026-09-30,334.3
KGF.L,2026-10-01,327.9
KGF.L,2026-10-02,328.3
KGF.L,2026-10-05,327.2
KHC,2026-09-28,23.56
KHC,2026-09-29,23.45
KHC,2026-09-30,22.72
KHC,2026-10-01,22.46
KHC,2026-10-02,22.19
KIE.L,2026-09-29,310.2
KIE.L,2026-09-30,310.6
KIE.L,2026-10-01,306.6
KIE.L,2026-10-02,308.0
KIE.L,2026-10-05,302.0
KIM,2026-09-28,22.49
KIM,2026-09-29,22.42
KIM,2026-09-30,22.21
KIM,2026-10-01,22.21
KIM,2026-10-02,22.24
KKR,2026-09-28,93.24
KKR,2026-09-29,93.18
KKR,2026-09-30,91.3
KKR,2026-10-01,91.24
KKR,2026-10-02,90.29
KLAC,2026-09-28,189.17
KLAC,2026-09-29,196.53
KLAC,2026-09-30,194.93
KLAC,2026-10-01,200.33
KLAC,2026-10-02,206.89
KLR.L,2026-09-29,3352.0
KLR.L,2026-09-30,3340.0
KLR.L,2026-10-01,3344.0
KLR.L,2026-10-02,3328.0
KLR.L,2026-10-05,3279.2
KMB,2026-09-28,98.77
KMB,2026-09-29,98.99
KMB,2026-09-30,97.43
KMB,2026-10-01,94.34
KMB,2026-10-02,94.36
KMI,2026-09-28,30.63
KMI,2026-09-29,30.45
KMI,2026-09-30,30.15
KMI,2026-10-01,30.53
KMI,2026-10-02,31.07
KNOS.L,2026-09-29,1227.0
KNOS.L,2026-09-30,1225.0
KNOS.L,2026-10-01,1211.0
KNOS.L,2026-10-02,1200.0
KNOS.L,2026-10-05,1206.0
KO,2026-09-28,87.18
KO,2026-09-29,86.84
KO,2026-09-30,86.08
KO,2026-10-01,86.1
KO,2026-10-02,85.65
KR,2026-09-28,59.69
KR,2026-09-29,60.79
KR,2026-09-30,58.62
KR,2026-10-01,59.48
KR,2026-10-02,59.03
KVUE,2026-09-28,17.88
KVUE,2026-09-29,17.91
KVUE,2026-09-30,17.66
KVUE,2026-10-01,17.22
KVUE,2026-10-02,17.2
L,2026-09-28,104.95
L,2026-09-29,105.93
L,2026-09-30,104.43
L,2026-10-01,105.05
L,2026-10-02,106.03
LAND.L,2026-09-29,617.0
LAND.L,2026-09-30,624.5
LAND.L,2026-10-01,607.5
LAND.L,2026-10-02,615.0
LAND.L,2026-10-05,618.5
LDO.MI,2026-09-29,49.185
LDO.MI,2026-09-30,49.0
LDO.MI,2026-10-01,47.8
LDO.MI,2026-10-02,47.39
LDO.MI,2026-10-05,47.905
LDOS,2026-09-28,122.35
LDOS,2026-09-29,123.1
LDOS,2026-09-30,121.83
LDOS,2026-10-01,121.97
LDOS,2026-10-02,117.74
LEN,2026-09-28,82.03
LEN,2026-09-29,83.01
LEN,2026-09-30,81.59
LEN,2026-10-01,82.11
LEN,2026-10-02,79.81
LGEN.L,2026-09-29,294.3
LGEN.L,2026-09-30,292.0
LGEN.L,2026-10-01,285.6
LGEN.L,2026-10-02,287.2
LGEN.L,2026-10-05,289.4
LH,2026-09-28,309.57
LH,2026-09-29,308.81
LH,2026-09-30,308.11
LH,2026-10-01,304.6
LH,2026-10-02,308.49
LHX,2026-09-28,237.7
LHX,2026-09-29,236.47
LHX,2026-09-30,236.78
LHX,2026-10-01,238.4
LHX,2026-10-02,236.6
LII,2026-09-28,368.41
LII,2026-09-29,360.16
LII,2026-09-30,355.02
LII,2026-10-01,360.46
LII,2026-10-02,356.3
LIN,2026-09-28,472.04
LIN,2026-09-29,473.37
LIN,2026-09-30,474.65
LIN,2026-10-01,469.45
LIN,2026-10-02,479.48
LITE,2026-09-28,921.32
LITE,2026-09-29,973.49
LITE,2026-09-30,971.26
LITE,2026-10-01,1045.78
LITE,2026-10-02,1085.42
LLOY.L,2026-09-29,107.5
LLOY.L,2026-09-30,106.9
LLOY.L,2026-10-01,102.1
LLOY.L,2026-10-02,104.0
LLOY.L,2026-10-05,104.15
LLY,2026-09-28,1184.78
LLY,2026-09-29,1184.63
LLY,2026-09-30,1157.08
LLY,2026-10-01,1149.85
LLY,2026-10-02,1142.85
LMP.L,2026-09-29,180.1
LMP.L,2026-09-30,179.2
LMP.L,2026-10-01,171.3
LMP.L,2026-10-02,171.6
LMP.L,2026-10-05,171.5
LMT,2026-09-28,518.1
LMT,2026-09-29,512.21
LMT,2026-09-30,509.25
LMT,2026-10-01,505.5
LMT,2026-10-02,505.41
LNT,2026-09-28,63.21
LNT,2026-09-29,64.34
LNT,2026-09-30,63.3
LNT,2026-10-01,63.71
LNT,2026-10-02,64.33
LOW,2026-09-28,187.66
LOW,2026-09-29,187.26
LOW,2026-09-30,184.29
LOW,2026-10-01,182.38
LOW,2026-10-02,180.8
LR.PA,2026-09-29,143.05
LR.PA,2026-09-30,141.6
LR.PA,2026-10-01,139.75
LR.PA,2026-10-02,144.55
LR.PA,2026-10-05,142.7
LRCX,2026-09-28,314.47
LRCX,2026-09-29,323.86
LRCX,2026-09-30,328.51
LRCX,2026-10-01,340.1
LRCX,2026-10-02,347.49
LRE.L,2026-09-29,644.0
LRE.L,2026-09-30,642.5
LRE.L,2026-10-01,634.5
LRE.L,2026-10-02,638.5
LRE.L,2026-10-05,638.5
LSEG.L,2026-09-29,8182.0
LSEG.L,2026-09-30,8160.0
LSEG.L,2026-10-01,8120.0
LSEG.L,2026-10-02,8090.0
LSEG.L,2026-10-05,8210.0
LTMC.MI,2026-09-29,25.69
LTMC.MI,2026-09-30,25.53
LTMC.MI,2026-10-01,25.03
LTMC.MI,2026-10-02,25.42
LTMC.MI,2026-10-05,25.12
LULU,2026-09-28,100.58
LULU,2026-09-29,96.87
LULU,2026-09-30,96.19
LULU,2026-10-01,95.86
LULU,2026-10-02,94.46
LUV,2026-09-28,42.28
LUV,2026-09-29,42.08
LUV,2026-09-30,41.64
LUV,2026-10-01,41.84
LUV,2026-10-02,42.47
LVS,2026-09-28,38.78
LVS,2026-09-29,38.32
LVS,2026-09-30,37.81
LVS,2026-10-01,36.69
LVS,2026-10-02,36.23
LWDB.L,2026-09-29,1234.0
LWDB.L,2026-09-30,1244.0
LWDB.L,2026-10-01,1222.0
LWDB.L,2026-10-02,1228.0
LWDB.L,2026-10-05,1228.526
LYB,2026-09-28,58.27
LYB,2026-09-29,58.18
LYB,2026-09-30,57.47
LYB,2026-10-01,57.78
LYB,2026-10-02,58.58
LYG,2026-09-28,5.72
LYG,2026-09-29,5.69
LYG,2026-09-30,5.63
LYG,2026-10-01,5.42
LYG,2026-10-02,5.5
LYV,2026-09-28,171.89
LYV,2026-09-29,171.09
LYV,2026-09-30,169.3
LYV,2026-10-01,166.85
LYV,2026-10-02,168.77
MA,2026-09-28,568.26
MA,2026-09-29,563.58
MA,2026-09-30,551.47
MA,2026-10-01,550.0
MA,2026-10-02,552.26
MAA,2026-09-28,118.34
MAA,2026-09-29,118.43
MAA,2026-09-30,117.74
MAA,2026-10-01,116.38
MAA,2026-10-02,115.27
MAB.L,2026-09-29,279.5
MAB.L,2026-09-30,283.0
MAB.L,2026-10-01,282.5
MAB.L,2026-10-02,294.5
MAB.L,2026-10-05,293.722
MAR,2026-09-28,358.57
MAR,2026-09-29,361.62
MAR,2026-09-30,355.67
MAR,2026-10-01,354.79
MAR,2026-10-02,358.96
MAS,2026-09-28,68.36
MAS,2026-09-29,68.37
MAS,2026-09-30,67.4
MAS,2026-10-01,68.28
MAS,2026-10-02,68.36
MB.MI,2026-09-29,28.88
MB.MI,2026-09-30,28.62
MB.MI,2026-10-01,27.41
MB.MI,2026-10-02,27.41
MB.MI,2026-10-05,26.32
MBG.DE,2026-09-29,40.665
MBG.DE,2026-09-30,40.595
MBG.DE,2026-10-01,40.06
MBG.DE,2026-10-02,39.725
MBG.DE,2026-10-05,40.24
MC.PA,2026-09-29,394.6
MC.PA,2026-09-30,390.0
MC.PA,2026-10-01,379.5
MC.PA,2026-10-02,378.55
MC.PA,2026-10-05,380.0
MCD,2026-09-28,233.6
MCD,2026-09-29,233.98
MCD,2026-09-30,230.94
MCD,2026-10-01,231.83
MCD,2026-10-02,231.89
MCHP,2026-09-28,77.97
MCHP,2026-09-29,78.78
MCHP,2026-09-30,77.77
MCHP,2026-10-01,78.5
MCHP,2026-10-02,81.32
MCK,2026-09-28,856.29
MCK,2026-09-29,864.82
MCK,2026-09-30,853.81
MCK,2026-10-01,898.82
MCK,2026-10-02,902.28
MCO,2026-09-28,460.08
MCO,2026-09-29,454.82
MCO,2026-09-30,454.13
MCO,2026-10-01,447.36
MCO,2026-10-02,441.36
MDLZ,2026-09-28,60.18
MDLZ,2026-09-29,59.32
MDLZ,2026-09-30,57.82
MDLZ,2026-10-01,57.76
MDLZ,2026-10-02,58.19
MDT,2026-09-28,89.5
MDT,2026-09-29,87.09
MDT,2026-09-30,86.29
MDT,2026-10-01,86.44
MDT,2026-10-02,86.38
MEGP.L,2026-09-29,121.2
MEGP.L,2026-09-30,122.8
MEGP.L,2026-10-01,119.0
MEGP.L,2026-10-02,117.8
MEGP.L,2026-10-05,118.0
MET,2026-09-28,95.82
MET,2026-09-29,95.2
MET,2026-09-30,94.16
MET,2026-10-01,94.35
MET,2026-10-02,94.43
META,2026-09-28,715.62
META,2026-09-29,738.79
META,2026-09-30,725.18
META,2026-10-01,725.93
META,2026-10-02,728.08
MGAM.L,2026-09-29,266.0
MGAM.L,2026-09-30,268.0
MGAM.L,2026-10-01,267.5
MGAM.L,2026-10-02,270.5
MGAM.L,2026-10-05,274.0
MGM,2026-09-28,31.86
MGM,2026-09-29,31.52
MGM,2026-09-30,31.05
MGM,2026-10-01,30.47
MGM,2026-10-02,30.48
MGNS.L,2026-09-29,4310.0
MGNS.L,2026-09-30,4332.0
MGNS.L,2026-10-01,4208.0
MGNS.L,2026-10-02,4224.0
MGNS.L,2026-10-05,4170.0
MKC,2026-09-28,48.46
MKC,2026-09-29,48.4
MKC,2026-09-30,46.4
MKC,2026-10-01,44.14
MKC,2026-10-02,44.67
MKS.L,2026-09-29,381.6
MKS.L,2026-09-30,385.7
MKS.L,2026-10-01,377.6
MKS.L,2026-10-02,378.7
MKS.L,2026-10-05,381.465
ML.PA,2026-09-29,33.91
ML.PA,2026-09-30,33.75
ML.PA,2026-10-01,33.1
ML.PA,2026-10-02,33.02
ML.PA,2026-10-05,33.55
MLM,2026-09-28,490.77
MLM,2026-09-29,479.09
MLM,2026-09-30,479.81
MLM,2026-10-01,479.17
MLM,2026-10-02,482.27
MMM,2026-09-28,169.48
MMM,2026-09-29,168.49
MMM,2026-09-30,164.15
MMM,2026-10-01,163.02
MMM,2026-10-02,161.89
MNDI.L,2026-09-29,803.0
MNDI.L,2026-09-30,814.0
MNDI.L,2026-10-01,797.4
MNDI.L,2026-10-02,788.2
MNDI.L,2026-10-05,785.6
MNG.L,2026-09-29,324.6
MNG.L,2026-09-30,320.6
MNG.L,2026-10-01,310.7
MNG.L,2026-10-02,313.5
MNG.L,2026-10-05,315.42
MNKS.L,2026-09-29,1644.0
MNKS.L,2026-09-30,1642.0
MNKS.L,2026-10-01,1636.0
MNKS.L,2026-10-02,1648.0
MNKS.L,2026-10-05,1656.4244
MNST,2026-09-28,41.86
MNST,2026-09-29,41.74
MNST,2026-09-30,41.62
MNST,2026-10-01,42.14
MNST,2026-10-02,42.94
MNTN.L,2026-09-29,2.16
MNTN.L,2026-09-30,2.19
MNTN.L,2026-10-01,2.18
MNTN.L,2026-10-02,2.16
MNTN.L,2026-10-05,2.16
MO,2026-09-28,69.13
MO,2026-09-29,68.72
MO,2026-09-30,67.34
MO,2026-10-01,66.95
MO,2026-10-02,67.35
MONC.MI,2026-09-29,44.5
MONC.MI,2026-09-30,44.64
MONC.MI,2026-10-01,43.39
MONC.MI,2026-10-02,43.7
MONC.MI,2026-10-05,43.75
MONY.L,2026-09-29,175.0
MONY.L,2026-09-30,176.1
MONY.L,2026-10-01,172.8
MONY.L,2026-10-02,172.7
MONY.L,2026-10-05,173.3
MOON.L,2026-09-29,267.0
MOON.L,2026-09-30,275.8
MOON.L,2026-10-01,272.0
MOON.L,2026-10-02,268.0
MOON.L,2026-10-05,270.4
MOS,2026-09-28,22.25
MOS,2026-09-29,22.42
MOS,2026-09-30,21.65
MOS,2026-10-01,21.55
MOS,2026-10-02,21.07
MPC,2026-09-28,389.44
MPC,2026-09-29,392.03
MPC,2026-09-30,395.42
MPC,2026-10-01,420.15
MPC,2026-10-02,422.33
MPWR,2026-09-28,1351.2
MPWR,2026-09-29,1355.99
MPWR,2026-09-30,1347.22
MPWR,2026-10-01,1360.97
MPWR,2026-10-02,1439.73
MRC.L,2026-09-29,278.0
MRC.L,2026-09-30,280.5
MRC.L,2026-10-01,275.5
MRC.L,2026-10-02,273.5
MRC.L,2026-10-05,273.5
MRCH.L,2026-09-29,667.0
MRCH.L,2026-09-30,670.0
MRCH.L,2026-10-01,657.0
MRCH.L,2026-10-02,654.0
MRCH.L,2026-10-05,658.021
MRK,2026-09-28,148.69
MRK,2026-09-29,149.28
MRK,2026-09-30,145.31
MRK,2026-10-01,143.81
MRK,2026-10-02,144.3
MRK.DE,2026-09-29,137.4
MRK.DE,2026-09-30,138.1
MRK.DE,2026-10-01,134.45
MRK.DE,2026-10-02,136.9
MRK.DE,2026-10-05,136.7
MRNA,2026-09-28,197.28
MRNA,2026-09-29,203.46
MRNA,2026-09-30,192.57
MRNA,2026-10-01,188.94
MRNA,2026-10-02,190.01
MRO.L,2026-09-29,472.9
MRO.L,2026-09-30,476.1
MRO.L,2026-10-01,465.5
MRO.L,2026-10-02,470.0
MRO.L,2026-10-05,477.3
MRSH,2026-09-28,169.03
MRSH,2026-09-29,170.42
MRSH,2026-09-30,170.73
MRSH,2026-10-01,171.85
MRSH,2026-10-02,170.06
MRVL,2026-09-28,251.9
MRVL,2026-09-29,263.27
MRVL,2026-09-30,264.21
MRVL,2026-10-01,268.08
MRVL,2026-10-02,272.29
MS,2026-09-28,193.64
MS,2026-09-29,192.76
MS,2026-09-30,188.08
MS,2026-10-01,188.01
MS,2026-10-02,190.31
MSCI,2026-09-28,542.72
MSCI,2026-09-29,539.76
MSCI,2026-09-30,538.66
MSCI,2026-10-01,545.39
MSCI,2026-10-02,535.95
MSFT,2026-09-28,509.22
MSFT,2026-09-29,508.96
MSFT,2026-09-30,512.9
MSFT,2026-10-01,512.8
MSFT,2026-10-02,517.53
MSI,2026-09-28,452.08
MSI,2026-09-29,446.12
MSI,2026-09-30,445.97
MSI,2026-10-01,448.03
MSI,2026-10-02,447.41
MT,2026-09-28,69.85
MT,2026-09-29,67.96
MT,2026-09-30,66.74
MT,2026-10-01,64.56
MT,2026-10-02,64.51
MT.AS,2026-09-29,59.82
MT.AS,2026-09-30,59.36
MT.AS,2026-10-01,56.74
MT.AS,2026-10-02,57.28
MT.AS,2026-10-05,56.8
MTB,2026-09-28,220.44
MTB,2026-09-29,217.5
MTB,2026-09-30,217.6
MTB,2026-10-01,217.35
MTB,2026-10-02,219.14
MTD,2026-09-28,1545.26
MTD,2026-09-29,1537.33
MTD,2026-09-30,1510.95
MTD,2026-10-01,1481.17
MTD,2026-10-02,1486.1899
MTLN.L,2026-09-29,49.14
MTLN.L,2026-09-30,49.0
MTLN.L,2026-10-01,49.2
MTLN.L,2026-10-02,48.6
MTLN.L,2026-10-05,49.5
MTO.L,2026-09-29,209.8
MTO.L,2026-09-30,210.0
MTO.L,2026-10-01,210.0
MTO.L,2026-10-02,210.0
MTO.L,2026-10-05,210.0
MTRO.L,2026-09-29,171.6
MTRO.L,2026-09-30,171.4
MTRO.L,2026-10-01,166.8
MTRO.L,2026-10-02,164.8
MTRO.L,2026-10-05,161.2
MTX.DE,2026-09-29,371.0
MTX.DE,2026-09-30,374.6
MTX.DE,2026-10-01,368.4
MTX.DE,2026-10-02,370.2
MTX.DE,2026-10-05,371.7
MU,2026-09-28,1053.98
MU,2026-09-29,1065.08
MU,2026-09-30,1065.11
MU,2026-10-01,1097.39
MU,2026-10-02,1074.89
MUT.L,2026-09-29,975.0
MUT.L,2026-09-30,977.0
MUT.L,2026-10-01,958.0
MUT.L,2026-10-02,952.0
MUT.L,2026-10-05,954.0
MUV2.DE,2026-09-29,507.6
MUV2.DE,2026-09-30,502.4
MUV2.DE,2026-10-01,498.8
MUV2.DE,2026-10-02,508.6
MUV2.DE,2026-10-05,512.2
MYI.L,2026-09-29,364.5
MYI.L,2026-09-30,363.5
MYI.L,2026-10-01,356.0
MYI.L,2026-10-02,355.0
MYI.L,2026-10-05,356.555
N91.L,2026-09-29,207.4
N91.L,2026-09-30,210.4
N91.L,2026-10-01,203.4
N91.L,2026-10-02,206.6
N91.L,2026-10-05,205.8
NAIT.L,2026-09-29,428.0
NAIT.L,2026-09-30,434.0
NAIT.L,2026-10-01,423.0
NAIT.L,2026-10-02,425.0
NAIT.L,2026-10-05,425.0
NAS.L,2026-09-29,430.0
NAS.L,2026-09-30,433.0
NAS.L,2026-10-01,425.0
NAS.L,2026-10-02,421.0
NAS.L,2026-10-05,424.45
NBPE.L,2026-09-29,1460.0
NBPE.L,2026-09-30,1480.0
NBPE.L,2026-10-01,1468.0
NBPE.L,2026-10-02,1494.0
NBPE.L,2026-10-05,1492.8
NCC.L,2026-09-29,144.2
NCC.L,2026-09-30,147.8
NCC.L,2026-10-01,146.2
NCC.L,2026-10-02,145.6
NCC.L,2026-10-05,146.0
NCLH,2026-09-28,14.31
NCLH,2026-09-29,14.8
NCLH,2026-09-30,14.66
NCLH,2026-10-01,14.64
NCLH,2026-10-02,15.14
NDA-FI.HE,2026-09-29,17.595
NDA-FI.HE,2026-09-30,17.475
NDA-FI.HE,2026-10-01,16.99
NDA-FI.HE,2026-10-02,17.085
NDA-FI.HE,2026-10-05,17.06
NDAQ,2026-09-28,92.62
NDAQ,2026-09-29,91.85
NDAQ,2026-09-30,92.01
NDAQ,2026-10-01,91.67
NDAQ,2026-10-02,90.33
NDSN,2026-09-28,331.32
NDSN,2026-09-29,329.53
NDSN,2026-09-30,327.85
NDSN,2026-10-01,329.02
NDSN,2026-10-02,333.54
NEE,2026-09-28,75.49
NEE,2026-09-29,75.89
NEE,2026-09-30,75.74
NEE,2026-10-01,76.35
NEE,2026-10-02,76.83
NEM,2026-09-28,116.05
NEM,2026-09-29,117.09
NEM,2026-09-30,115.34
NEM,2026-10-01,114.67
NEM,2026-10-02,115.56
NEXI.MI,2026-09-29,4.134
NEXI.MI,2026-09-30,4.17
NEXI.MI,2026-10-01,4.062
NEXI.MI,2026-10-02,4.045
NEXI.MI,2026-10-05,4.04
NFLX,2026-09-28,69.23
NFLX,2026-09-29,70.3
NFLX,2026-09-30,69.58
NFLX,2026-10-01,67.85
NFLX,2026-10-02,67.06
NG.L,2026-09-29,1123.0
NG.L,2026-09-30,1145.5
NG.L,2026-10-01,1134.0
NG.L,2026-10-02,1146.5
NG.L,2026-10-05,1151.0
NGG,2026-09-28,75.24
NGG,2026-09-29,74.94
NGG,2026-09-30,75.82
NGG,2026-10-01,75.33
NGG,2026-10-02,76.12
NI,2026-09-28,39.1
NI,2026-09-29,39.32
NI,2026-09-30,39.0
NI,2026-10-01,39.5
NI,2026-10-02,39.43
NKE,2026-09-28,36.39
NKE,2026-09-29,35.84
NKE,2026-09-30,35.4
NKE,2026-10-01,35.15
NKE,2026-10-02,33.87
NOC,2026-09-28,505.8
NOC,2026-09-29,504.61
NOC,2026-09-30,483.48
NOC,2026-10-01,482.0
NOC,2026-10-02,478.0
NOW,2026-09-28,131.45
NOW,2026-09-29,129.94
NOW,2026-09-30,134.01
NOW,2026-10-01,137.76
NOW,2026-10-02,134.38
NRG,2026-09-28,97.0
NRG,2026-09-29,97.17
NRG,2026-09-30,95.65
NRG,2026-10-01,96.93
NRG,2026-10-02,95.23
NSC,2026-09-28,313.05
NSC,2026-09-29,313.0
NSC,2026-09-30,309.0
NSC,2026-10-01,310.26
NSC,2026-10-02,317.44
NTAP,2026-09-28,204.41
NTAP,2026-09-29,209.18
NTAP,2026-09-30,210.08
NTAP,2026-10-01,215.05
NTAP,2026-10-02,226.27
NTRS,2026-09-28,174.55
NTRS,2026-09-29,172.94
NTRS,2026-09-30,169.36
NTRS,2026-10-01,169.2
NTRS,2026-10-02,171.4
NUE,2026-09-28,244.49
NUE,2026-09-29,236.24
NUE,2026-09-30,233.75
NUE,2026-10-01,235.98
NUE,2026-10-02,240.39
NVDA,2026-09-28,228.86
NVDA,2026-09-29,227.21
NVDA,2026-09-30,228.38
NVDA,2026-10-01,230.86
NVDA,2026-10-02,233.95
NVR,2026-09-28,6267.8901
NVR,2026-09-29,6234.6299
NVR,2026-09-30,6154.3901
NVR,2026-10-01,6126.3799
NVR,2026-10-02,5993.8501
NWG,2026-09-28,18.34
NWG,2026-09-29,18.26
NWG,2026-09-30,18.15
NWG,2026-10-01,17.4
NWG,2026-10-02,17.67
NWG.L,2026-09-29,688.0
NWG.L,2026-09-30,688.4
NWG.L,2026-10-01,651.4
NWG.L,2026-10-02,662.8
NWG.L,2026-10-05,661.4
NWS,2026-09-28,32.24
NWS,2026-09-29,31.5
NWS,2026-09-30,31.72
NWS,2026-10-01,31.45
NWS,2026-10-02,31.65
NWSA,2026-09-28,29.1
NWSA,2026-09-29,28.52
NWSA,2026-09-30,28.65
NWSA,2026-10-01,28.64
NWSA,2026-10-02,28.69
NXPI,2026-09-28,236.32
NXPI,2026-09-29,236.47
NXPI,2026-09-30,237.53
NXPI,2026-10-01,239.19
NXPI,2026-10-02,243.66
NXT.L,2026-09-29,14605.0
NXT.L,2026-09-30,14795.0
NXT.L,2026-10-01,14480.0
NXT.L,2026-10-02,14365.0
NXT.L,2026-10-05,14285.0
O,2026-09-28,55.35
O,2026-09-29,55.14
O,2026-09-30,54.3
O,2026-10-01,53.53
O,2026-10-02,54.13
OCDO.L,2026-09-29,250.0
OCDO.L,2026-09-30,253.2
OCDO.L,2026-10-01,258.4
OCDO.L,2026-10-02,260.4
OCDO.L,2026-10-05,262.2
OCI.L,2026-09-29,518.0
OCI.L,2026-09-30,522.0
OCI.L,2026-10-01,520.0
OCI.L,2026-10-02,520.0
OCI.L,2026-10-05,520.0
ODFL,2026-09-28,176.85
ODFL,2026-09-29,177.46
ODFL,2026-09-30,173.84
ODFL,2026-10-01,178.1
ODFL,2026-10-02,180.48
OKE,2026-09-28,88.62
OKE,2026-09-29,86.86
OKE,2026-09-30,85.27
OKE,2026-10-01,87.16
OKE,2026-10-02,87.88
OMC,2026-09-28,75.1
OMC,2026-09-29,74.14
OMC,2026-09-30,73.63
OMC,2026-10-01,74.7
OMC,2026-10-02,74.15
ON,2026-09-28,75.65
ON,2026-09-29,75.95
ON,2026-09-30,76.87
ON,2026-10-01,80.08
ON,2026-10-02,84.89
ONT.L,2026-09-29,199.4
ONT.L,2026-09-30,217.6
ONT.L,2026-10-01,214.0
ONT.L,2026-10-02,223.2
ONT.L,2026-10-05,219.0
OR.PA,2026-09-29,380.75
OR.PA,2026-09-30,379.45
OR.PA,2026-10-01,371.75
OR.PA,2026-10-02,372.75
OR.PA,2026-10-05,375.85
ORA.PA,2026-09-29,13.73
ORA.PA,2026-09-30,13.705
ORA.PA,2026-10-01,13.815
ORA.PA,2026-10-02,13.98
ORA.PA,2026-10-05,14.03
ORCL,2026-09-28,132.6
ORCL,2026-09-29,137.79
ORCL,2026-09-30,137.3
ORCL,2026-10-01,138.07
ORCL,2026-10-02,142.3
ORLY,2026-09-28,86.51
ORLY,2026-09-29,86.07
ORLY,2026-09-30,85.41
ORLY,2026-10-01,85.03
ORLY,2026-10-02,84.9
OSB.L,2026-09-29,508.0
OSB.L,2026-09-30,511.5
OSB.L,2026-10-01,493.2
OSB.L,2026-10-02,493.6
OSB.L,2026-10-05,494.2
OTIS,2026-09-28,66.33
OTIS,2026-09-29,65.63
OTIS,2026-09-30,64.32
OTIS,2026-10-01,64.48
OTIS,2026-10-02,64.05
OXB.L,2026-09-29,504.0
OXB.L,2026-09-30,522.0
OXB.L,2026-10-01,509.0
OXB.L,2026-10-02,544.0
OXB.L,2026-10-05,542.0
OXIG.L,2026-09-29,2976.0
OXIG.L,2026-09-30,3020.0
OXIG.L,2026-10-01,3014.0
OXIG.L,2026-10-02,3102.0
OXIG.L,2026-10-05,3044.0
OXY,2026-09-28,56.1
OXY,2026-09-29,54.94
OXY,2026-09-30,55.32
OXY,2026-10-01,57.84
OXY,2026-10-02,58.08
P,2026-09-28,129.4
P,2026-09-29,130.05
P,2026-09-30,130.78
P,2026-10-01,134.13
P,2026-10-02,140.14
PAF.L,2026-09-29,118.0
PAF.L,2026-09-30,119.6
PAF.L,2026-10-01,120.2
PAF.L,2026-10-02,120.0
PAF.L,2026-10-05,121.7
PAG.L,2026-09-29,745.0
PAG.L,2026-09-30,742.5
PAG.L,2026-10-01,719.0
PAG.L,2026-10-02,718.5
PAG.L,2026-10-05,720.0
PAGE.L,2026-09-29,214.0
PAGE.L,2026-09-30,210.2
PAGE.L,2026-10-01,211.2
PAGE.L,2026-10-02,212.6
PAGE.L,2026-10-05,209.4
PAH3.DE,2026-09-29,25.32
PAH3.DE,2026-09-30,25.61
PAH3.DE,2026-10-01,24.69
PAH3.DE,2026-10-02,24.53
PAH3.DE,2026-10-05,24.51
PANW,2026-09-28,392.09
PANW,2026-09-29,388.41
PANW,2026-09-30,397.31
PANW,2026-10-01,396.25
PANW,2026-10-02,403.24
PAYX,2026-09-28,99.3
PAYX,2026-09-29,99.31
PAYX,2026-09-30,98.5
PAYX,2026-10-01,100.84
PAYX,2026-10-02,98.94
PCAR,2026-09-28,111.65
PCAR,2026-09-29,111.8
PCAR,2026-09-30,109.81
PCAR,2026-10-01,109.94
PCAR,2026-10-02,109.68
PCG,2026-09-28,11.95
PCG,2026-09-29,12.18
PCG,2026-09-30,12.25
PCG,2026-10-01,12.17
PCG,2026-10-02,12.32
PCGH.L,2026-09-29,437.5
PCGH.L,2026-09-30,439.5
PCGH.L,2026-10-01,432.5
PCGH.L,2026-10-02,426.5
PCGH.L,2026-10-05,429.5
PCT.L,2026-09-29,695.5
PCT.L,2026-09-30,699.0
PCT.L,2026-10-01,696.5
PCT.L,2026-10-02,711.5
PCT.L,2026-10-05,711.79
PEG,2026-09-28,66.73
PEG,2026-09-29,67.68
PEG,2026-09-30,67.34
PEG,2026-10-01,67.89
PEG,2026-10-02,68.07
PEP,2026-09-28,128.5
PEP,2026-09-29,128.69
PEP,2026-09-30,126.72
PEP,2026-10-01,125.6
PEP,2026-10-02,125.89
PETS.L,2026-09-29,213.8
PETS.L,2026-09-30,217.8
PETS.L,2026-10-01,213.2
PETS.L,2026-10-02,212.0
PETS.L,2026-10-05,210.0
PEY.L,2026-09-29,6.74
PEY.L,2026-09-30,7.0
PEY.L,2026-10-01,6.94
PEY.L,2026-10-02,6.94
PEY.L,2026-10-05,7.0
PFD.L,2026-09-29,195.0
PFD.L,2026-09-30,195.5
PFD.L,2026-10-01,191.1
PFD.L,2026-10-02,187.5
PFD.L,2026-10-05,188.8
PFE,2026-09-28,28.72
PFE,2026-09-29,28.72
PFE,2026-09-30,28.52
PFE,2026-10-01,28.12
PFE,2026-10-02,27.8
PFG,2026-09-28,114.64
PFG,2026-09-29,113.97
PFG,2026-09-30,111.96
PFG,2026-10-01,112.24
PFG,2026-10-02,111.96
PG,2026-09-28,149.03
PG,2026-09-29,148.32
PG,2026-09-30,145.28
PG,2026-10-01,143.95
PG,2026-10-02,144.91
PGR,2026-09-28,209.47
PGR,2026-09-29,210.52
PGR,2026-09-30,207.31
PGR,2026-10-01,210.96
PGR,2026-10-02,210.31
PH,2026-09-28,969.55
PH,2026-09-29,970.37
PH,2026-09-30,955.42
PH,2026-10-01,965.88
PH,2026-10-02,972.55
PHI.L,2026-09-29,1136.0
PHI.L,2026-09-30,1128.0
PHI.L,2026-10-01,1130.0
PHI.L,2026-10-02,1138.0
PHI.L,2026-10-05,1142.0
PHM,2026-09-28,119.13
PHM,2026-09-29,118.5
PHM,2026-09-30,116.06
PHM,2026-10-01,116.35
PHM,2026-10-02,115.73
PHP.L,2026-09-29,91.5
PHP.L,2026-09-30,91.7
PHP.L,2026-10-01,89.55
PHP.L,2026-10-02,90.35
PHP.L,2026-10-05,90.1
PIN.L,2026-09-29,385.0
PIN.L,2026-09-30,387.0
PIN.L,2026-10-01,384.5
PIN.L,2026-10-02,388.0
PIN.L,2026-10-05,385.0761
PINE.L,2026-09-29,446.5
PINE.L,2026-09-30,446.0
PINE.L,2026-10-01,446.0
PINE.L,2026-10-02,446.5
PINE.L,2026-10-05,447.1
PINT.L,2026-09-29,117.2
PINT.L,2026-09-30,117.8
PINT.L,2026-10-01,113.2
PINT.L,2026-10-02,112.0
PINT.L,2026-10-05,111.6
PKG,2026-09-28,234.52
PKG,2026-09-29,233.28
PKG,2026-09-30,229.26
PKG,2026-10-01,229.71
PKG,2026-10-02,228.54
PLD,2026-09-28,132.44
PLD,2026-09-29,132.61
PLD,2026-09-30,129.84
PLD,2026-10-01,128.18
PLD,2026-10-02,128.91
PLTR,2026-09-28,187.48
PLTR,2026-09-29,186.97
PLTR,2026-09-30,187.05
PLTR,2026-10-01,190.04
PLTR,2026-10-02,188.75
PLUS.L,2026-09-29,3404.0
PLUS.L,2026-09-30,3424.0
PLUS.L,2026-10-01,3416.0
PLUS.L,2026-10-02,3240.0
PLUS.L,2026-10-05,3258.0
PM,2026-09-28,193.76
PM,2026-09-29,193.9
PM,2026-09-30,190.82
PM,2026-10-01,188.18
PM,2026-10-02,187.46
PNC,2026-09-28,223.67
PNC,2026-09-29,221.65
PNC,2026-09-30,222.26
PNC,2026-10-01,220.75
PNC,2026-10-02,221.03
PNL.L,2026-09-29,544.0
PNL.L,2026-09-30,542.0
PNL.L,2026-10-01,537.0
PNL.L,2026-10-02,537.0
PNL.L,2026-10-05,540.3762
PNN.L,2026-09-29,442.0
PNN.L,2026-09-30,458.0
PNN.L,2026-10-01,443.6
PNN.L,2026-10-02,458.8
PNN.L,2026-10-05,451.0
PNR,2026-09-28,53.03
PNR,2026-09-29,53.47
PNR,2026-09-30,52.99
PNR,2026-10-01,52.88
PNR,2026-10-02,53.03
PNW,2026-09-28,91.32
PNW,2026-09-29,93.4
PNW,2026-09-30,93.04
PNW,2026-10-01,94.63
PNW,2026-10-02,95.92
PODD,2026-09-28,133.11
PODD,2026-09-29,132.84
PODD,2026-09-30,130.47
PODD,2026-10-01,130.79
PODD,2026-10-02,131.69
POLN.L,2026-09-29,900.0
POLN.L,2026-09-30,921.0
POLN.L,2026-10-01,909.0
POLN.L,2026-10-02,900.0
POLN.L,2026-10-05,901.0112
PPET.L,2026-09-29,604.0
PPET.L,2026-09-30,602.0
PPET.L,2026-10-01,600.0
PPET.L,2026-10-02,600.0
PPET.L,2026-10-05,596.785
PPG,2026-09-28,107.01
PPG,2026-09-29,106.02
PPG,2026-09-30,104.33
PPG,2026-10-01,104.67
PPG,2026-10-02,105.15
PPH.L,2026-09-29,1478.0
PPH.L,2026-09-30,1496.0
PPH.L,2026-10-01,1448.0
PPH.L,2026-10-02,1454.0
PPH.L,2026-10-05,1450.0
PPL,2026-09-28,32.11
PPL,2026-09-29,32.58
PPL,2026-09-30,32.89
PPL,2026-10-01,32.76
PPL,2026-10-02,32.8
PRN.L,2026-09-29,328.0
PRN.L,2026-09-30,335.0
PRN.L,2026-10-01,334.0
PRN.L,2026-10-02,327.0
PRN.L,2026-10-05,328.0
PRU,2026-09-28,116.09
PRU,2026-09-29,115.06
PRU,2026-09-30,113.58
PRU,2026-10-01,113.13
PRU,2026-10-02,112.6
PRU.L,2026-09-29,944.4
PRU.L,2026-09-30,931.4
PRU.L,2026-10-01,921.0
PRU.L,2026-10-02,918.0
PRU.L,2026-10-05,922.0
PRX.AS,2026-09-29,36.06
PRX.AS,2026-09-30,35.52
PRX.AS,2026-10-01,34.815
PRX.AS,2026-10-02,34.5
PRX.AS,2026-10-05,34.86
PRY.MI,2026-09-29,124.8
PRY.MI,2026-09-30,124.0
PRY.MI,2026-10-01,124.85
PRY.MI,2026-10-02,129.8
PRY.MI,2026-10-05,128.15
PSA,2026-09-28,284.79
PSA,2026-09-29,285.58
PSA,2026-09-30,282.84
PSA,2026-10-01,284.0
PSA,2026-10-02,283.81
PSH.L,2026-09-29,3638.0
PSH.L,2026-09-30,3660.0
PSH.L,2026-10-01,3636.0
PSH.L,2026-10-02,3676.0
PSH.L,2026-10-05,3656.7195
PSKY,2026-09-28,10.28
PSKY,2026-09-29,9.99
PSKY,2026-09-30,10.33
PSKY,2026-10-01,9.34
PSKY,2026-10-02,9.5
PSN.L,2026-09-29,1329.5
PSN.L,2026-09-30,1315.0
PSN.L,2026-10-01,1248.0
PSN.L,2026-10-02,1237.5
PSN.L,2026-10-05,1213.0
PSO,2026-09-28,15.94
PSO,2026-09-29,15.96
PSO,2026-09-30,16.05
PSO,2026-10-01,16.16
PSO,2026-10-02,16.12
PSON.L,2026-09-29,1208.0
PSON.L,2026-09-30,1216.0
PSON.L,2026-10-01,1223.5
PSON.L,2026-10-02,1222.0
PSON.L,2026-10-05,1229.5
PST.MI,2026-09-29,25.08
PST.MI,2026-09-30,25.34
PST.MI,2026-10-01,24.53
PST.MI,2026-10-02,24.49
PST.MI,2026-10-05,24.71
PSX,2026-09-28,253.55
PSX,2026-09-29,252.25
PSX,2026-09-30,255.31
PSX,2026-10-01,264.23
PSX,2026-10-02,264.58
PTC,2026-09-28,139.69
PTC,2026-09-29,137.56
PTC,2026-09-30,140.3
PTC,2026-10-01,146.47
PTC,2026-10-02,144.03
PTEC.L,2026-09-29,376.8
PTEC.L,2026-09-30,373.8
PTEC.L,2026-10-01,372.0
PTEC.L,2026-10-02,374.2
PTEC.L,2026-10-05,385.4
PUB.PA,2026-09-29,95.78
PUB.PA,2026-09-30,94.52
PUB.PA,2026-10-01,95.34
PUB.PA,2026-10-02,94.24
PUB.PA,2026-10-05,93.56
PUK,2026-09-28,25.2
PUK,2026-09-29,25.23
PUK,2026-09-30,24.74
PUK,2026-10-01,24.71
PUK,2026-10-02,24.57
PWR,2026-09-28,644.36
PWR,2026-09-29,651.79
PWR,2026-09-30,642.51
PWR,2026-10-01,662.6
PWR,2026-10-02,676.56
PYPL,2026-09-28,54.28
PYPL,2026-09-29,53.89
PYPL,2026-09-30,52.53
PYPL,2026-10-01,53.06
PYPL,2026-10-02,52.8
Q,2026-09-28,124.91
Q,2026-09-29,125.61
Q,2026-09-30,125.74
Q,2026-10-01,128.45
Q,2026-10-02,131.48
QCOM,2026-09-28,187.48
QCOM,2026-09-29,184.1
QCOM,2026-09-30,184.04
QCOM,2026-10-01,182.09
QCOM,2026-10-02,184.87
QGEN,2026-09-28,45.01
QGEN,2026-09-29,44.4
QGEN,2026-09-30,43.76
QGEN,2026-10-01,42.04
QGEN,2026-10-02,44.75
QIA.DE,2026-09-29,39.115
QIA.DE,2026-09-30,38.72
QIA.DE,2026-10-01,38.19
QIA.DE,2026-10-02,40.405
QIA.DE,2026-10-05,40.035
QLT.L,2026-09-29,177.2
QLT.L,2026-09-30,179.8
QLT.L,2026-10-01,175.1
QLT.L,2026-10-02,174.9
QLT.L,2026-10-05,175.4
QQ.L,2026-09-29,483.4
QQ.L,2026-09-30,489.0
QQ.L,2026-10-01,481.0
QQ.L,2026-10-02,476.0
QQ.L,2026-10-05,477.4
RACE,2026-09-28,398.0
RACE,2026-09-29,402.05
RACE,2026-09-30,392.85
RACE,2026-10-01,387.3
RACE,2026-10-02,388.33
RACE.MI,2026-09-29,352.05
RACE.MI,2026-09-30,346.4
RACE.MI,2026-10-01,342.0
RACE.MI,2026-10-02,343.5
RACE.MI,2026-10-05,342.2
RAT.L,2026-09-29,1560.0
RAT.L,2026-09-30,1554.0
RAT.L,2026-10-01,1534.0
RAT.L,2026-10-02,1536.0
RAT.L,2026-10-05,1532.0
RCL,2026-09-28,242.59
RCL,2026-09-29,260.67
RCL,2026-09-30,265.86
RCL,2026-10-01,269.99
RCL,2026-10-02,277.74
RCP.L,2026-09-29,2515.0
RCP.L,2026-09-30,2540.0
RCP.L,2026-10-01,2480.0
RCP.L,2026-10-02,2475.0
RCP.L,2026-10-05,2450.0
RDDT,2026-09-28,143.08
RDDT,2026-09-29,145.36
RDDT,2026-09-30,142.44
RDDT,2026-10-01,149.53
RDDT,2026-10-02,147.86
REC.MI,2026-09-29,53.0
REC.MI,2026-09-30,52.65
REC.MI,2026-10-01,52.55
REC.MI,2026-10-02,52.6
REC.MI,2026-10-05,52.5
REG,2026-09-28,73.33
REG,2026-09-29,72.66
REG,2026-09-30,71.88
REG,2026-10-01,71.8
REG,2026-10-02,71.6
REGN,2026-09-28,752.25
REGN,2026-09-29,750.51
REGN,2026-09-30,758.27
REGN,2026-10-01,734.81
REGN,2026-10-02,735.2
REL.L,2026-09-29,2497.0
REL.L,2026-09-30,2496.0
REL.L,2026-10-01,2510.0
REL.L,2026-10-02,2528.0
REL.L,2026-10-05,2545.0
RELX,2026-09-28,33.07
RELX,2026-09-29,33.24
RELX,2026-09-30,33.18
RELX,2026-10-01,33.49
RELX,2026-10-02,33.42
RF,2026-09-28,27.26
RF,2026-09-29,26.89
RF,2026-09-30,26.88
RF,2026-10-01,26.96
RF,2026-10-02,27.1
RHIM.L,2026-09-29,2820.0
RHIM.L,2026-09-30,3105.0
RHIM.L,2026-10-01,3050.0
RHIM.L,2026-10-02,2850.0
RHIM.L,2026-10-05,2830.0
RHM.DE,2026-09-29,960.4
RHM.DE,2026-09-30,956.4
RHM.DE,2026-10-01,945.8
RHM.DE,2026-10-02,956.9
RHM.DE,2026-10-05,965.8
RI.PA,2026-09-29,60.0
RI.PA,2026-09-30,60.66
RI.PA,2026-10-01,59.0
RI.PA,2026-10-02,58.62
RI.PA,2026-10-05,58.78
RICA.L,2026-09-29,295.0
RICA.L,2026-09-30,297.5
RICA.L,2026-10-01,295.5
RICA.L,2026-10-02,294.5
RICA.L,2026-10-05,292.5413
RIO,2026-09-28,94.41
RIO,2026-09-29,94.16
RIO,2026-09-30,94.17
RIO,2026-10-01,92.87
RIO,2026-10-02,94.21
RIO.L,2026-09-29,7072.0
RIO.L,2026-09-30,7099.0
RIO.L,2026-10-01,6954.0
RIO.L,2026-10-02,7056.0
RIO.L,2026-10-05,7161.0
RJF,2026-09-28,161.16
RJF,2026-09-29,159.85
RJF,2026-09-30,158.02
RJF,2026-10-01,159.76
RJF,2026-10-02,158.21
RKT.L,2026-09-29,4890.0
RKT.L,2026-09-30,4992.0
RKT.L,2026-10-01,4907.0
RKT.L,2026-10-02,4925.0
RKT.L,2026-10-05,4977.0
RL,2026-09-28,357.16
RL,2026-09-29,355.92
RL,2026-09-30,355.07
RL,2026-10-01,362.66
RL,2026-10-02,363.37
RMD,2026-09-28,222.1
RMD,2026-09-29,222.83
RMD,2026-09-30,221.1
RMD,2026-10-01,221.15
RMD,2026-10-02,218.89
RMS.PA,2026-09-29,1352.5
RMS.PA,2026-09-30,1336.5
RMS.PA,2026-10-01,1301.5
RMS.PA,2026-10-02,1299.5
RMS.PA,2026-10-05,1279.5
RMV.L,2026-09-29,441.5
RMV.L,2026-09-30,447.0
RMV.L,2026-10-01,450.3
RMV.L,2026-10-02,452.5
RMV.L,2026-10-05,447.6
RNK.L,2026-09-29,75.3
RNK.L,2026-09-30,76.5
RNK.L,2026-10-01,74.3
RNK.L,2026-10-02,73.6
RNK.L,2026-10-05,73.1
RNO.PA,2026-09-29,26.06
RNO.PA,2026-09-30,25.9
RNO.PA,2026-10-01,25.43
RNO.PA,2026-10-02,24.68
RNO.PA,2026-10-05,25.1
ROK,2026-09-28,431.22
ROK,2026-09-29,431.53
ROK,2026-09-30,435.33
ROK,2026-10-01,442.45
ROK,2026-10-02,454.35
ROL,2026-09-28,30.59
ROL,2026-09-29,30.5
ROL,2026-09-30,30.12
ROL,2026-10-01,30.57
ROL,2026-10-02,30.16
ROP,2026-09-28,354.0
ROP,2026-09-29,349.45
ROP,2026-09-30,349.41
ROP,2026-10-01,362.59
ROP,2026-10-02,354.32
ROR.L,2026-09-29,488.0
ROR.L,2026-09-30,489.0
ROR.L,2026-10-01,488.4
ROR.L,2026-10-02,488.0
ROR.L,2026-10-05,488.0
ROSE.L,2026-09-29,310.0
ROSE.L,2026-09-30,313.0
ROSE.L,2026-10-01,309.0
ROSE.L,2026-10-02,315.0
ROSE.L,2026-10-05,310.0
ROST,2026-09-28,237.09
ROST,2026-09-29,234.4
ROST,2026-09-30,233.4
ROST,2026-10-01,234.1
ROST,2026-10-02,228.54
RPI.L,2026-09-29,645.5
RPI.L,2026-09-30,692.5
RPI.L,2026-10-01,686.0
RPI.L,2026-10-02,716.5
RPI.L,2026-10-05,705.0
RR.L,2026-09-29,1481.2
RR.L,2026-09-30,1461.6
RR.L,2026-10-01,1471.8
RR.L,2026-10-02,1477.2
RR.L,2026-10-05,1489.2
RS1.L,2026-09-29,771.5
RS1.L,2026-09-30,780.0
RS1.L,2026-10-01,768.5
RS1.L,2026-10-02,772.5
RS1.L,2026-10-05,764.5
RSG,2026-09-28,212.93
RSG,2026-09-29,211.92
RSG,2026-09-30,209.87
RSG,2026-10-01,206.98
RSG,2026-10-02,209.56
RSW.L,2026-09-29,5690.0
RSW.L,2026-09-30,5785.0
RSW.L,2026-10-01,5855.0
RSW.L,2026-10-02,5960.0
RSW.L,2026-10-05,5857.8862
RTO,2026-09-28,20.5
RTO,2026-09-29,20.05
RTO,2026-09-30,19.75
RTO,2026-10-01,19.8
RTO,2026-10-02,19.95
RTO.L,2026-09-29,298.5
RTO.L,2026-09-30,297.2
RTO.L,2026-10-01,296.1
RTO.L,2026-10-02,299.4
RTO.L,2026-10-05,300.0
RTW.L,2026-09-29,2.33
RTW.L,2026-09-30,2.38
RTW.L,2026-10-01,2.34
RTW.L,2026-10-02,2.35
RTW.L,2026-10-05,2.3275
RTX,2026-09-28,187.66
RTX,2026-09-29,186.94
RTX,2026-09-30,185.65
RTX,2026-10-01,185.01
RTX,2026-10-02,184.68
RVTY,2026-09-28,151.02
RVTY,2026-09-29,152.77
RVTY,2026-09-30,152.89
RVTY,2026-10-01,149.06
RVTY,2026-10-02,151.53
RWE.DE,2026-09-29,58.92
RWE.DE,2026-09-30,59.3
RWE.DE,2026-10-01,58.4
RWE.DE,2026-10-02,59.1
RWE.DE,2026-10-05,58.86
SAF.PA,2026-09-29,335.1
SAF.PA,2026-09-30,334.4
SAF.PA,2026-10-01,327.0
SAF.PA,2026-10-02,330.1
SAF.PA,2026-10-05,330.8
SAFE.L,2026-09-29,525.5
SAFE.L,2026-09-30,525.5
SAFE.L,2026-10-01,504.0
SAFE.L,2026-10-02,506.0
SAFE.L,2026-10-05,503.0
SAGA.L,2026-09-29,641.0
SAGA.L,2026-09-30,787.0
SAGA.L,2026-10-01,781.0
SAGA.L,2026-10-02,761.0
SAGA.L,2026-10-05,763.0
SAIN.L,2026-09-29,551.0
SAIN.L,2026-09-30,550.0
SAIN.L,2026-10-01,547.0
SAIN.L,2026-10-02,552.0
SAIN.L,2026-10-05,550.0
SAN,2026-09-28,14.22
SAN,2026-09-29,14.19
SAN,2026-09-30,13.83
SAN,2026-10-01,13.28
SAN,2026-10-02,13.36
SAN.MC,2026-09-29,12.51
SAN.MC,2026-09-30,12.328
SAN.MC,2026-10-01,11.812
SAN.MC,2026-10-02,11.808
SAN.MC,2026-10-05,12.206
SAN.PA,2026-09-29,71.47
SAN.PA,2026-09-30,72.64
SAN.PA,2026-10-01,73.1
SAN.PA,2026-10-02,70.81
SAN.PA,2026-10-05,71.42
SAP,2026-09-28,209.31
SAP,2026-09-29,210.85
SAP,2026-09-30,208.48
SAP,2026-10-01,210.79
SAP,2026-10-02,208.57
SAP.DE,2026-09-29,185.32
SAP.DE,2026-09-30,185.66
SAP.DE,2026-10-01,186.74
SAP.DE,2026-10-02,183.92
SAP.DE,2026-10-05,186.26
SBAC,2026-09-28,163.43
SBAC,2026-09-29,162.81
SBAC,2026-09-30,160.12
SBAC,2026-10-01,158.02
SBAC,2026-10-02,158.49
SBRY.L,2026-09-29,329.6
SBRY.L,2026-09-30,329.6
SBRY.L,2026-10-01,326.0
SBRY.L,2026-10-02,323.3
SBRY.L,2026-10-05,325.3
SBUX,2026-09-28,95.27
SBUX,2026-09-29,95.43
SBUX,2026-09-30,93.96
SBUX,2026-10-01,94.88
SBUX,2026-10-02,94.71
SCHW,2026-09-28,98.3
SCHW,2026-09-29,99.1
SCHW,2026-09-30,97.74
SCHW,2026-10-01,98.37
SCHW,2026-10-02,96.7
SCT.L,2026-09-29,1805.0
SCT.L,2026-09-30,1839.0
SCT.L,2026-10-01,1856.0
SCT.L,2026-10-02,1866.0
SCT.L,2026-10-05,1862.0
SDLF.L,2026-09-29,892.0
SDLF.L,2026-09-30,884.5
SDLF.L,2026-10-01,861.5
SDLF.L,2026-10-02,868.5
SDLF.L,2026-10-05,875.5
SDP.L,2026-09-29,851.0
SDP.L,2026-09-30,844.0
SDP.L,2026-10-01,848.0
SDP.L,2026-10-02,855.0
SDP.L,2026-10-05,859.7141
SDR.L,2026-09-29,589.0
SDR.L,2026-09-30,589.0
SDR.L,2026-10-01,589.0
SDR.L,2026-10-02,589.0
SEIT.L,2026-09-29,33.3
SEIT.L,2026-09-30,33.6
SEIT.L,2026-10-01,33.8
SEIT.L,2026-10-02,33.6
SEIT.L,2026-10-05,33.083
SEQI.L,2026-09-29,84.5
SEQI.L,2026-09-30,84.9
SEQI.L,2026-10-01,84.3
SEQI.L,2026-10-02,84.5
SEQI.L,2026-10-05,83.3748
SGE.L,2026-09-29,971.4
SGE.L,2026-09-30,971.4
SGE.L,2026-10-01,979.2
SGE.L,2026-10-02,983.4
SGE.L,2026-10-05,992.8
SGO.PA,2026-09-29,69.8
SGO.PA,2026-09-30,69.04
SGO.PA,2026-10-01,66.32
SGO.PA,2026-10-02,67.1
SGO.PA,2026-10-05,66.82
SGRO.L,2026-09-29,937.6
SGRO.L,2026-09-30,929.4
SGRO.L,2026-10-01,912.6
SGRO.L,2026-10-02,915.2
SGRO.L,2026-10-05,919.2
SHAW.L,2026-09-29,307.5
SHAW.L,2026-09-30,306.5
SHAW.L,2026-10-01,302.0
SHAW.L,2026-10-02,293.0
SHAW.L,2026-10-05,297.5
SHC.L,2026-09-29,137.9
SHC.L,2026-09-30,138.4
SHC.L,2026-10-01,134.3
SHC.L,2026-10-02,135.8
SHC.L,2026-10-05,136.0
SHEL,2026-09-28,96.47
SHEL,2026-09-29,95.14
SHEL,2026-09-30,95.05
SHEL,2026-10-01,95.61
SHEL,2026-10-02,96.23
SHEL.L,2026-09-29,3594.0
SHEL.L,2026-09-30,3569.5
SHEL.L,2026-10-01,3589.0
SHEL.L,2026-10-02,3596.5
SHEL.L,2026-10-05,3631.2495
SHL.DE,2026-09-29,38.65
SHL.DE,2026-09-30,37.97
SHL.DE,2026-10-01,37.61
SHL.DE,2026-10-02,37.86
SHL.DE,2026-10-05,37.39
SHW,2026-09-28,332.79
SHW,2026-09-29,330.44
SHW,2026-09-30,323.27
SHW,2026-10-01,320.78
SHW,2026-10-02,319.51
SI,2026-09-28,17.95
SI,2026-09-29,18.79
SI,2026-09-30,18.9
SI,2026-10-01,18.75
SI,2026-10-02,19.01
SIE.DE,2026-09-29,282.0
SIE.DE,2026-09-30,275.5
SIE.DE,2026-10-01,271.9
SIE.DE,2026-10-02,276.1
SIE.DE,2026-10-05,275.05
SJM,2026-09-28,120.63
SJM,2026-09-29,120.7
SJM,2026-09-30,118.91
SJM,2026-10-01,115.95
SJM,2026-10-02,117.19
SLB,2026-09-28,51.49
SLB,2026-09-29,49.87
SLB,2026-09-30,48.72
SLB,2026-10-01,48.66
SLB,2026-10-02,48.74
SMCI,2026-09-28,41.78
SMCI,2026-09-29,41.02
SMCI,2026-09-30,41.07
SMCI,2026-10-01,41.92
SMCI,2026-10-02,43.69
SMIN.L,2026-09-29,2831.0
SMIN.L,2026-09-30,2825.0
SMIN.L,2026-10-01,2782.0
SMIN.L,2026-10-02,2816.0
SMIN.L,2026-10-05,2830.0
SMT.L,2026-09-29,1584.5
SMT.L,2026-09-30,1590.5
SMT.L,2026-10-01,1579.0
SMT.L,2026-10-02,1590.0
SMT.L,2026-10-05,1597.399
SMWH.L,2026-09-29,379.4
SMWH.L,2026-09-30,390.6
SMWH.L,2026-10-01,371.2
SMWH.L,2026-10-02,369.0
SMWH.L,2026-10-05,371.0
SN.L,2026-09-29,1011.5
SN.L,2026-09-30,1009.0
SN.L,2026-10-01,982.4
SN.L,2026-10-02,989.0
SN.L,2026-10-05,997.0
SNA,2026-09-28,369.21
SNA,2026-09-29,367.08
SNA,2026-09-30,363.35
SNA,2026-10-01,367.72
SNA,2026-10-02,368.9
SNDK,2026-09-28,1712.89
SNDK,2026-09-29,1729.76
SNDK,2026-09-30,1739.89
SNDK,2026-10-01,1787.6899
SNDK,2026-10-02,1719.99
SNN,2026-09-28,27.08
SNN,2026-09-29,26.95
SNN,2026-09-30,26.96
SNN,2026-10-01,26.58
SNN,2026-10-02,26.42
SNPS,2026-09-28,417.61
SNPS,2026-09-29,415.09
SNPS,2026-09-30,434.94
SNPS,2026-10-01,490.54
SNPS,2026-10-02,489.9
SNR.L,2026-09-29,297.5
SNR.L,2026-09-30,297.0
SNR.L,2026-10-01,296.5
SNR.L,2026-10-02,297.0
SNR.L,2026-10-05,297.5
SNY,2026-09-28,41.18
SNY,2026-09-29,40.74
SNY,2026-09-30,41.23
SNY,2026-10-01,40.67
SNY,2026-10-02,39.92
SO,2026-09-28,82.35
SO,2026-09-29,83.45
SO,2026-09-30,82.89
SO,2026-10-01,83.47
SO,2026-10-02,83.72
SOI.L,2026-09-29,462.0
SOI.L,2026-09-30,458.0
SOI.L,2026-10-01,459.5
SOI.L,2026-10-02,459.0
SOI.L,2026-10-05,462.6854
SOLV,2026-09-28,89.54
SOLV,2026-09-29,89.32
SOLV,2026-09-30,88.15
SOLV,2026-10-01,87.77
SOLV,2026-10-02,87.85
SPG,2026-09-28,204.53
SPG,2026-09-29,204.28
SPG,2026-09-30,200.76
SPG,2026-10-01,200.81
SPG,2026-10-02,200.95
SPGI,2026-09-28,395.92
SPGI,2026-09-29,392.45
SPGI,2026-09-30,394.47
SPGI,2026-10-01,388.16
SPGI,2026-10-02,386.27
SPI.L,2026-09-29,245.5
SPI.L,2026-09-30,246.5
SPI.L,2026-10-01,247.5
SPI.L,2026-10-02,247.0
SPI.L,2026-10-05,247.0
SPM.MI,2026-09-29,4.354
SPM.MI,2026-09-30,4.354
SPM.MI,2026-10-01,4.295
SPM.MI,2026-10-02,4.322
SPM.MI,2026-10-05,4.38
SPX.L,2026-09-29,7195.0
SPX.L,2026-09-30,7255.0
SPX.L,2026-10-01,7175.0
SPX.L,2026-10-02,7240.0
SPX.L,2026-10-05,7280.0
SPY,2026-09-28,765.61
SPY,2026-09-29,764.2
SPY,2026-09-30,762.63
SPY,2026-10-01,763.99
SPY,2026-10-02,769.64
SRE,2026-09-28,76.89
SRE,2026-09-29,78.18
SRE,2026-09-30,77.96
SRE,2026-10-01,78.05
SRE,2026-10-02,78.38
SRE.L,2026-09-29,88.75
SRE.L,2026-09-30,88.9
SRE.L,2026-10-01,86.1
SRE.L,2026-10-02,86.7
SRE.L,2026-10-05,89.3
SRG.MI,2026-09-29,5.612
SRG.MI,2026-09-30,5.59
SRG.MI,2026-10-01,5.534
SRG.MI,2026-10-02,5.614
SRG.MI,2026-10-05,5.57
SRP.L,2026-09-29,251.8
SRP.L,2026-09-30,255.2
SRP.L,2026-10-01,253.2
SRP.L,2026-10-02,251.8
SRP.L,2026-10-05,252.4
SSE.L,2026-09-29,2437.0
SSE.L,2026-09-30,2491.0
SSE.L,2026-10-01,2473.0
SSE.L,2026-10-02,2447.0
SSE.L,2026-10-05,2458.0
SSIT.L,2026-09-29,187.2
SSIT.L,2026-09-30,190.8
SSIT.L,2026-10-01,195.4
SSIT.L,2026-10-02,202.5
SSIT.L,2026-10-05,198.8
SSPG.L,2026-09-29,188.1
SSPG.L,2026-09-30,191.1
SSPG.L,2026-10-01,188.3
SSPG.L,2026-10-02,190.0
SSPG.L,2026-10-05,187.3
STAN.L,2026-09-29,2329.0
STAN.L,2026-09-30,2298.0
STAN.L,2026-10-01,2218.0
STAN.L,2026-10-02,2190.0
STAN.L,2026-10-05,2215.0
STE,2026-09-28,211.0
STE,2026-09-29,210.65
STE,2026-09-30,210.01
STE,2026-10-01,209.34
STE,2026-10-02,208.54
STJ.L,2026-09-29,1060.0
STJ.L,2026-09-30,1063.5
STJ.L,2026-10-01,1041.0
STJ.L,2026-10-02,1043.5
STJ.L,2026-10-05,1045.0
STLA,2026-09-28,4.62
STLA,2026-09-29,4.43
STLA,2026-09-30,4.36
STLA,2026-10-01,4.69
STLA,2026-10-02,4.4
STLAM.MI,2026-09-29,3.9065
STLAM.MI,2026-09-30,3.897
STLAM.MI,2026-10-01,3.8485
STLAM.MI,2026-10-02,3.8825
STLAM.MI,2026-10-05,3.97
STLAP.PA,2026-09-29,3.903
STLAP.PA,2026-09-30,3.9005
STLAP.PA,2026-10-01,3.8465
STLAP.PA,2026-10-02,3.8825
STLAP.PA,2026-10-05,3.9605
STLD,2026-09-28,230.39
STLD,2026-09-29,221.9
STLD,2026-09-30,221.61
STLD,2026-10-01,226.17
STLD,2026-10-02,231.99
STM,2026-09-28,52.74
STM,2026-09-29,53.24
STM,2026-09-30,53.36
STM,2026-10-01,53.5
STM,2026-10-02,57.26
STMMI.MI,2026-09-29,47.02
STMMI.MI,2026-09-30,46.86
STMMI.MI,2026-10-01,47.2
STMMI.MI,2026-10-02,50.35
STMMI.MI,2026-10-05,50.39
STMPA.PA,2026-09-29,47.035
STMPA.PA,2026-09-30,46.88
STMPA.PA,2026-10-01,47.25
STMPA.PA,2026-10-02,50.34
STMPA.PA,2026-10-05,50.41
STT,2026-09-28,179.73
STT,2026-09-29,177.78
STT,2026-09-30,174.59
STT,2026-10-01,174.62
STT,2026-10-02,175.96
STX,2026-09-28,921.51
STX,2026-09-29,913.45
STX,2026-09-30,922.34
STX,2026-10-01,945.57
STX,2026-10-02,848.99
STZ,2026-09-28,112.92
STZ,2026-09-29,112.77
STZ,2026-09-30,113.06
STZ,2026-10-01,112.99
STZ,2026-10-02,112.87
SU.PA,2026-09-29,296.35
SU.PA,2026-09-30,292.0
SU.PA,2026-10-01,292.6
SU.PA,2026-10-02,303.0
SU.PA,2026-10-05,272.65
SUPR.L,2026-09-29,83.6
SUPR.L,2026-09-30,83.25
SUPR.L,2026-10-01,81.05
SUPR.L,2026-10-02,81.4
SUPR.L,2026-10-05,81.195
SVS.L,2026-09-29,1012.0
SVS.L,2026-09-30,1030.0
SVS.L,2026-10-01,987.0
SVS.L,2026-10-02,982.0
SVS.L,2026-10-05,980.0
SVT.L,2026-09-29,3068.0
SVT.L,2026-09-30,3096.0
SVT.L,2026-10-01,3074.0
SVT.L,2026-10-02,3118.0
SVT.L,2026-10-05,3116.0
SW,2026-09-28,45.07
SW,2026-09-29,44.38
SW,2026-09-30,44.1
SW,2026-10-01,43.04
SW,2026-10-02,42.54
SWK,2026-09-28,88.73
SWK,2026-09-29,88.79
SWK,2026-09-30,88.59
SWK,2026-10-01,89.59
SWK,2026-10-02,91.34
SWKS,2026-09-28,87.59
SWKS,2026-09-29,88.04
SWKS,2026-09-30,85.48
SWKS,2026-10-01,83.16
SWKS,2026-10-02,85.03
SY1.DE,2026-09-29,93.5
SY1.DE,2026-09-30,91.76
SY1.DE,2026-10-01,90.38
SY1.DE,2026-10-02,91.0
SY1.DE,2026-10-05,91.4
SYF,2026-09-28,71.52
SYF,2026-09-29,71.72
SYF,2026-09-30,70.97
SYF,2026-10-01,71.51
SYF,2026-10-02,71.77
SYK,2026-09-28,275.31
SYK,2026-09-29,278.77
SYK,2026-09-30,275.39
SYK,2026-10-01,272.96
SYK,2026-10-02,275.43
SYNC.L,2026-09-29,122.4
SYNC.L,2026-09-30,123.8
SYNC.L,2026-10-01,122.0
SYNC.L,2026-10-02,122.0
SYNC.L,2026-10-05,122.2525
SYY,2026-09-28,78.57
SYY,2026-09-29,78.49
SYY,2026-09-30,77.96
SYY,2026-10-01,77.77
SYY,2026-10-02,77.49
T,2026-09-28,24.9
T,2026-09-29,24.48
T,2026-09-30,24.4
T,2026-10-01,24.3
T,2026-10-02,24.3
TATE.L,2026-09-29,559.0
TATE.L,2026-09-30,559.0
TATE.L,2026-10-01,558.5
TATE.L,2026-10-02,559.5
TATE.L,2026-10-05,559.5
TBCG.L,2026-09-29,5415.0
TBCG.L,2026-09-30,5385.0
TBCG.L,2026-10-01,5165.0
TBCG.L,2026-10-02,5075.0
TBCG.L,2026-10-05,5060.0
TCAP.L,2026-09-29,330.8
TCAP.L,2026-09-30,342.0
TCAP.L,2026-10-01,321.4
TCAP.L,2026-10-02,323.2
TCAP.L,2026-10-05,324.0
TDG,2026-09-28,1109.22
TDG,2026-09-29,1099.79
TDG,2026-09-30,1082.6
TDG,2026-10-01,1097.24
TDG,2026-10-02,1090.38
TDY,2026-09-28,610.83
TDY,2026-09-29,605.59
TDY,2026-09-30,606.81
TDY,2026-10-01,612.7
TDY,2026-10-02,617.17
TECH,2026-09-28,72.51
TECH,2026-09-29,72.38
TECH,2026-09-30,72.47
TECH,2026-10-01,72.4
TECH,2026-10-02,72.4
TEL,2026-09-28,214.71
TEL,2026-09-29,212.59
TEL,2026-09-30,211.08
TEL,2026-10-01,217.76
TEL,2026-10-02,220.36
TEM.L,2026-09-29,330.5
TEM.L,2026-09-30,330.0
TEM.L,2026-10-01,330.0
TEM.L,2026-10-02,333.0
TEM.L,2026-10-05,337.5
TEN.MI,2026-09-29,24.3
TEN.MI,2026-09-30,24.35
TEN.MI,2026-10-01,24.46
TEN.MI,2026-10-02,24.74
TEN.MI,2026-10-05,25.22
TEP.L,2026-09-29,799.0
TEP.L,2026-09-30,809.0
TEP.L,2026-10-01,797.0
TEP.L,2026-10-02,812.0
TEP.L,2026-10-05,824.0
TEP.PA,2026-09-29,71.44
TEP.PA,2026-09-30,70.22
TEP.PA,2026-10-01,71.06
TEP.PA,2026-10-02,69.0
TEP.PA,2026-10-05,68.28
TER,2026-09-28,401.3
TER,2026-09-29,403.02
TER,2026-09-30,400.91
TER,2026-10-01,415.79
TER,2026-10-02,449.04
TFC,2026-09-28,47.09
TFC,2026-09-29,46.44
TFC,2026-09-30,46.3
TFC,2026-10-01,46.28
TFC,2026-10-02,46.45
TFIF.L,2026-09-29,108.8
TFIF.L,2026-09-30,108.8
TFIF.L,2026-10-01,108.8
TFIF.L,2026-10-02,108.6
TFIF.L,2026-10-05,107.8794
TGT,2026-09-28,158.43
TGT,2026-09-29,156.43
TGT,2026-09-30,156.69
TGT,2026-10-01,156.7
TGT,2026-10-02,156.0
THG.L,2026-09-29,26.22
THG.L,2026-09-30,26.16
THG.L,2026-10-01,26.04
THG.L,2026-10-02,26.2
THG.L,2026-10-05,26.5
THRL.L,2026-09-29,114.8
THRL.L,2026-09-30,114.2
THRL.L,2026-10-01,112.8
THRL.L,2026-10-02,113.2
THRL.L,2026-10-05,112.8
TIT.MI,2026-09-29,6.855
TIT.MI,2026-09-30,6.678
TIT.MI,2026-10-01,6.572
TIT.MI,2026-10-02,6.411
TIT.MI,2026-10-05,6.365
TJX,2026-09-28,130.25
TJX,2026-09-29,133.8
TJX,2026-09-30,132.31
TJX,2026-10-01,133.59
TJX,2026-10-02,132.68
TKO,2026-09-28,181.58
TKO,2026-09-29,177.58
TKO,2026-09-30,179.72
TKO,2026-10-01,176.04
TKO,2026-10-02,175.58
TMO,2026-09-28,678.6
TMO,2026-09-29,679.61
TMO,2026-09-30,675.05
TMO,2026-10-01,652.51
TMO,2026-10-02,654.8
TMPL.L,2026-09-29,416.5
TMPL.L,2026-09-30,415.5
TMPL.L,2026-10-01,409.5
TMPL.L,2026-10-02,411.0
TMPL.L,2026-10-05,412.3999
TMUS,2026-09-28,166.45
TMUS,2026-09-29,162.98
TMUS,2026-09-30,163.08
TMUS,2026-10-01,161.73
TMUS,2026-10-02,163.64
TPK.L,2026-09-29,615.0
TPK.L,2026-09-30,610.5
TPK.L,2026-10-01,584.5
TPK.L,2026-10-02,585.0
TPK.L,2026-10-05,583.0
TPL,2026-09-28,338.15
TPL,2026-09-29,328.7
TPL,2026-09-30,325.83
TPL,2026-10-01,336.46
TPL,2026-10-02,340.19
TPR,2026-09-28,113.45
TPR,2026-09-29,114.12
TPR,2026-09-30,115.04
TPR,2026-10-01,119.24
TPR,2026-10-02,118.12
TRGP,2026-09-28,277.43
TRGP,2026-09-29,273.49
TRGP,2026-09-30,270.31
TRGP,2026-10-01,279.31
TRGP,2026-10-02,281.74
TRIG.L,2026-09-29,79.5
TRIG.L,2026-09-30,79.9
TRIG.L,2026-10-01,78.2
TRIG.L,2026-10-02,77.4
TRIG.L,2026-10-05,76.896
TRMB,2026-09-28,57.51
TRMB,2026-09-29,57.34
TRMB,2026-09-30,57.11
TRMB,2026-10-01,57.53
TRMB,2026-10-02,57.52
TRN.L,2026-09-29,191.2
TRN.L,2026-09-30,197.9
TRN.L,2026-10-01,197.4
TRN.L,2026-10-02,197.3
TRN.L,2026-10-05,193.0
TRN.MI,2026-09-29,9.194
TRN.MI,2026-09-30,9.192
TRN.MI,2026-10-01,9.138
TRN.MI,2026-10-02,9.154
TRN.MI,2026-10-05,9.15
TROW,2026-09-28,103.81
TROW,2026-09-29,104.51
TROW,2026-09-30,104.05
TROW,2026-10-01,105.83
TROW,2026-10-02,104.62
TRST.L,2026-09-29,216.2
TRST.L,2026-09-30,231.0
TRST.L,2026-10-01,230.0
TRST.L,2026-10-02,230.6
TRST.L,2026-10-05,235.4
TRV,2026-09-28,363.16
TRV,2026-09-29,363.21
TRV,2026-09-30,356.51
TRV,2026-10-01,361.64
TRV,2026-10-02,360.38
TRY.L,2026-09-29,281.0
TRY.L,2026-09-30,278.5
TRY.L,2026-10-01,273.0
TRY.L,2026-10-02,272.5
TRY.L,2026-10-05,272.0
TS,2026-09-28,56.12
TS,2026-09-29,55.05
TS,2026-09-30,55.18
TS,2026-10-01,55.65
TS,2026-10-02,55.99
TSCO,2026-09-28,32.07
TSCO,2026-09-29,31.51
TSCO,2026-09-30,31.29
TSCO,2026-10-01,31.73
TSCO,2026-10-02,31.09
TSCO.L,2026-09-29,470.9
TSCO.L,2026-09-30,468.8
TSCO.L,2026-10-01,474.8
TSCO.L,2026-10-02,469.0
TSCO.L,2026-10-05,472.8
TSLA,2026-09-28,357.45
TSLA,2026-09-29,352.84
TSLA,2026-09-30,354.81
TSLA,2026-10-01,354.11
TSLA,2026-10-02,370.59
TSN,2026-09-28,50.95
TSN,2026-09-29,50.98
TSN,2026-09-30,50.53
TSN,2026-10-01,50.47
TSN,2026-10-02,51.89
TT,2026-09-28,452.06
TT,2026-09-29,455.59
TT,2026-09-30,451.98
TT,2026-10-01,458.94
TT,2026-10-02,463.91
TTE,2026-09-28,90.34
TTE,2026-09-29,87.71
TTE,2026-09-30,85.5
TTE,2026-10-01,84.51
TTE,2026-10-02,84.4
TTE.PA,2026-09-29,78.1
TTE.PA,2026-09-30,75.7
TTE.PA,2026-10-01,74.51
TTE.PA,2026-10-02,74.46
TTE.PA,2026-10-05,75.42
TTWO,2026-09-28,202.35
TTWO,2026-09-29,202.78
TTWO,2026-09-30,207.5
TTWO,2026-10-01,203.62
TTWO,2026-10-02,202.73
TW.L,2026-09-29,87.24
TW.L,2026-09-30,86.0
TW.L,2026-10-01,81.3
TW.L,2026-10-02,81.4
TW.L,2026-10-05,80.3
TXN,2026-09-28,278.31
TXN,2026-09-29,281.69
TXN,2026-09-30,280.09
TXN,2026-10-01,281.31
TXN,2026-10-02,293.8
TXT,2026-09-28,77.37
TXT,2026-09-29,77.63
TXT,2026-09-30,76.2
TXT,2026-10-01,77.17
TXT,2026-10-02,77.26
TYL,2026-09-28,324.02
TYL,2026-09-29,316.26
TYL,2026-09-30,318.6
TYL,2026-10-01,330.18
TYL,2026-10-02,322.81
UAL,2026-09-28,111.51
UAL,2026-09-29,112.65
UAL,2026-09-30,110.95
UAL,2026-10-01,111.78
UAL,2026-10-02,112.51
UBER,2026-09-28,68.16
UBER,2026-09-29,69.36
UBER,2026-09-30,68.51
UBER,2026-10-01,67.88
UBER,2026-10-02,68.11
UCG.MI,2026-09-29,83.8
UCG.MI,2026-09-30,82.9
UCG.MI,2026-10-01,79.53
UCG.MI,2026-10-02,78.85
UCG.MI,2026-10-05,79.21
UDR,2026-09-28,33.83
UDR,2026-09-29,33.95
UDR,2026-09-30,33.55
UDR,2026-10-01,33.68
UDR,2026-10-02,33.27
UEM.L,2026-09-29,281.0
UEM.L,2026-09-30,282.0
UEM.L,2026-10-01,280.0
UEM.L,2026-10-02,282.0
UEM.L,2026-10-05,285.901
UHS,2026-09-28,177.48
UHS,2026-09-29,175.73
UHS,2026-09-30,174.26
UHS,2026-10-01,175.07
UHS,2026-10-02,175.72
UKW.L,2026-09-29,114.1
UKW.L,2026-09-30,115.5
UKW.L,2026-10-01,112.7
UKW.L,2026-10-02,112.5
UKW.L,2026-10-05,111.2985
UL,2026-09-28,62.53
UL,2026-09-29,61.24
UL,2026-09-30,60.73
UL,2026-10-01,59.58
UL,2026-10-02,59.7
ULTA,2026-09-28,549.13
ULTA,2026-09-29,547.89
ULTA,2026-09-30,546.17
ULTA,2026-10-01,537.73
ULTA,2026-10-02,543.69
ULVR.L,2026-09-29,4615.5
ULVR.L,2026-09-30,4603.5
ULVR.L,2026-10-01,4494.0
ULVR.L,2026-10-02,4483.5
ULVR.L,2026-10-05,4539.5
UNH,2026-09-28,377.83
UNH,2026-09-29,374.94
UNH,2026-09-30,367.08
UNH,2026-10-01,365.2
UNH,2026-10-02,371.9
UNI.MI,2026-09-29,27.21
UNI.MI,2026-09-30,26.84
UNI.MI,2026-10-01,26.08
UNI.MI,2026-10-02,25.79
UNI.MI,2026-10-05,26.89
UNP,2026-09-28,274.1
UNP,2026-09-29,274.15
UNP,2026-09-30,272.13
UNP,2026-10-01,272.42
UNP,2026-10-02,278.28
UPS,2026-09-28,94.25
UPS,2026-09-29,93.93
UPS,2026-09-30,93.44
UPS,2026-10-01,93.89
UPS,2026-10-02,93.02
URI,2026-09-28,1043.92
URI,2026-09-29,1014.54
URI,2026-09-30,1000.78
URI,2026-10-01,1034.11
URI,2026-10-02,1081.04
URW.PA,2026-09-29,90.66
URW.PA,2026-09-30,89.1
URW.PA,2026-10-01,87.88
URW.PA,2026-10-02,87.52
URW.PA,2026-10-05,87.82
USA.L,2026-09-29,380.0
USA.L,2026-09-30,383.0
USA.L,2026-10-01,382.0
USA.L,2026-10-02,384.0
USA.L,2026-10-05,381.5
USB,2026-09-28,58.78
USB,2026-09-29,58.14
USB,2026-09-30,57.76
USB,2026-10-01,57.36
USB,2026-10-02,57.51
UTG.L,2026-09-29,471.2
UTG.L,2026-09-30,474.6
UTG.L,2026-10-01,455.8
UTG.L,2026-10-02,461.0
UTG.L,2026-10-05,458.8
UU.L,2026-09-29,1407.0
UU.L,2026-09-30,1413.0
UU.L,2026-10-01,1404.0
UU.L,2026-10-02,1417.0
UU.L,2026-10-05,1423.0
V,2026-09-28,367.74
V,2026-09-29,365.88
V,2026-09-30,359.33
V,2026-10-01,359.85
V,2026-10-02,360.66
VCT.L,2026-09-29,915.0
VCT.L,2026-09-30,923.0
VCT.L,2026-10-01,911.0
VCT.L,2026-10-02,917.0
VCT.L,2026-10-05,925.8431
VEEV,2026-09-28,279.96
VEEV,2026-09-29,278.57
VEEV,2026-09-30,285.45
VEEV,2026-10-01,281.93
VEEV,2026-10-02,273.33
VEIL.L,2026-09-29,732.0
VEIL.L,2026-09-30,734.0
VEIL.L,2026-10-01,724.0
VEIL.L,2026-10-02,719.0
VEIL.L,2026-10-05,722.0
VICI,2026-09-28,23.19
VICI,2026-09-29,23.2
VICI,2026-09-30,22.97
VICI,2026-10-01,22.73
VICI,2026-10-02,22.65
VIE.PA,2026-09-29,30.93
VIE.PA,2026-09-30,30.81
VIE.PA,2026-10-01,30.52
VIE.PA,2026-10-02,30.73
VIE.PA,2026-10-05,30.72
VLO,2026-09-28,389.57
VLO,2026-09-29,387.72
VLO,2026-09-30,387.61
VLO,2026-10-01,408.46
VLO,2026-10-02,406.3
VLTO,2026-09-28,96.2
VLTO,2026-09-29,96.65
VLTO,2026-09-30,94.32
VLTO,2026-10-01,94.6
VLTO,2026-10-02,94.68
VLX.L,2026-09-29,648.0
VLX.L,2026-09-30,648.0
VLX.L,2026-10-01,657.0
VLX.L,2026-10-02,684.0
VLX.L,2026-10-05,668.9075
VMC,2026-09-28,246.15
VMC,2026-09-29,242.75
VMC,2026-09-30,244.63
VMC,2026-10-01,243.98
VMC,2026-10-02,243.06
VMRK,2026-09-28,61.37
VMRK,2026-09-29,61.35
VMRK,2026-09-30,60.76
VMRK,2026-10-01,60.17
VMRK,2026-10-02,59.79
VNA.DE,2026-09-29,17.405
VNA.DE,2026-09-30,17.0
VNA.DE,2026-10-01,16.74
VNA.DE,2026-10-02,16.815
VNA.DE,2026-10-05,16.89
VOD,2026-09-28,16.58
VOD,2026-09-29,16.33
VOD,2026-09-30,16.15
VOD,2026-10-01,16.38
VOD,2026-10-02,16.82
VOD.L,2026-09-29,123.9
VOD.L,2026-09-30,122.7
VOD.L,2026-10-01,124.1
VOD.L,2026-10-02,126.8
VOD.L,2026-10-05,127.75
VOF.L,2026-09-29,428.0
VOF.L,2026-09-30,431.5
VOF.L,2026-10-01,425.0
VOF.L,2026-10-02,425.0
VOF.L,2026-10-05,425.0
VOW.DE,2026-09-29,71.25
VOW.DE,2026-09-30,70.6
VOW.DE,2026-10-01,68.25
VOW.DE,2026-10-02,67.8
VOW.DE,2026-10-05,68.35
VOW3.DE,2026-09-29,71.04
VOW3.DE,2026-09-30,70.46
VOW3.DE,2026-10-01,68.02
VOW3.DE,2026-10-02,67.48
VOW3.DE,2026-10-05,68.02
VRSK,2026-09-28,167.77
VRSK,2026-09-29,165.94
VRSK,2026-09-30,167.85
VRSK,2026-10-01,168.38
VRSK,2026-10-02,163.88
VRSN,2026-09-28,282.07
VRSN,2026-09-29,279.84
VRSN,2026-09-30,282.01
VRSN,2026-10-01,286.9
VRSN,2026-10-02,288.32
VRT,2026-09-28,244.04
VRT,2026-09-29,248.34
VRT,2026-09-30,241.31
VRT,2026-10-01,246.12
VRT,2026-10-02,252.18
VRTX,2026-09-28,527.67
VRTX,2026-09-29,526.73
VRTX,2026-09-30,522.81
VRTX,2026-10-01,506.74
VRTX,2026-10-02,504.73
VST,2026-09-28,138.02
VST,2026-09-29,140.83
VST,2026-09-30,138.35
VST,2026-10-01,139.75
VST,2026-10-02,140.02
VSVS.L,2026-09-29,467.0
VSVS.L,2026-09-30,472.8
VSVS.L,2026-10-01,456.8
VSVS.L,2026-10-02,451.2
VSVS.L,2026-10-05,451.2
VTR,2026-09-28,87.04
VTR,2026-09-29,86.91
VTR,2026-09-30,85.02
VTR,2026-10-01,83.73
VTR,2026-10-02,84.01
VTRS,2026-09-28,18.27
VTRS,2026-09-29,18.12
VTRS,2026-09-30,17.72
VTRS,2026-10-01,17.46
VTRS,2026-10-02,17.6
VTY.L,2026-09-29,264.2
VTY.L,2026-09-30,257.8
VTY.L,2026-10-01,250.0
VTY.L,2026-10-02,241.6
VTY.L,2026-10-05,242.84
VZ,2026-09-28,46.68
VZ,2026-09-29,45.98
VZ,2026-09-30,45.87
VZ,2026-10-01,45.98
VZ,2026-10-02,45.92
WAB,2026-09-28,292.37
WAB,2026-09-29,291.23
WAB,2026-09-30,287.18
WAB,2026-10-01,287.84
WAB,2026-10-02,287.54
WAT,2026-09-28,442.94
WAT,2026-09-29,443.26
WAT,2026-09-30,439.39
WAT,2026-10-01,425.53
WAT,2026-10-02,425.21
WBD,2026-09-28,30.9
WBD,2026-09-29,30.85
WBD,2026-09-30,30.95
WBD,2026-10-01,30.95
WBD,2026-10-02,30.94
WDAY,2026-09-28,188.6
WDAY,2026-09-29,189.17
WDAY,2026-09-30,190.46
WDAY,2026-10-01,186.75
WDAY,2026-10-02,186.14
WDC,2026-09-28,453.23
WDC,2026-09-29,453.48
WDC,2026-09-30,454.46
WDC,2026-10-01,462.56
WDC,2026-10-02,415.29
WEC,2026-09-28,101.45
WEC,2026-09-29,102.58
WEC,2026-09-30,100.78
WEC,2026-10-01,101.73
WEC,2026-10-02,101.59
WEIR.L,2026-09-29,2712.0
WEIR.L,2026-09-30,2702.0
WEIR.L,2026-10-01,2574.0
WEIR.L,2026-10-02,2580.0
WEIR.L,2026-10-05,2562.0
WELL,2026-09-28,232.96
WELL,2026-09-29,232.9
WELL,2026-09-30,230.24
WELL,2026-10-01,226.94
WELL,2026-10-02,227.71
WFC,2026-09-28,80.81
WFC,2026-09-29,80.48
WFC,2026-09-30,80.05
WFC,2026-10-01,80.25
WFC,2026-10-02,80.45
WIX.L,2026-09-29,207.0
WIX.L,2026-09-30,207.5
WIX.L,2026-10-01,199.2
WIX.L,2026-10-02,197.8
WIX.L,2026-10-05,197.8
WIZZ.L,2026-09-29,1061.0
WIZZ.L,2026-09-30,1053.0
WIZZ.L,2026-10-01,1030.0
WIZZ.L,2026-10-02,1052.0
WIZZ.L,2026-10-05,1046.0
WKL.AS,2026-09-29,68.0
WKL.AS,2026-09-30,67.72
WKL.AS,2026-10-01,68.64
WKL.AS,2026-10-02,67.82
WKL.AS,2026-10-05,68.52
WKP.L,2026-09-29,368.6
WKP.L,2026-09-30,374.0
WKP.L,2026-10-01,358.0
WKP.L,2026-10-02,357.0
WKP.L,2026-10-05,357.4
WM,2026-09-28,206.44
WM,2026-09-29,207.09
WM,2026-09-30,203.92
WM,2026-10-01,201.9
WM,2026-10-02,204.45
WMB,2026-09-28,68.98
WMB,2026-09-29,68.63
WMB,2026-09-30,67.97
WMB,2026-10-01,69.22
WMB,2026-10-02,70.54
WMT,2026-09-28,108.73
WMT,2026-09-29,106.8
WMT,2026-09-30,103.92
WMT,2026-10-01,104.26
WMT,2026-10-02,104.26
WOSG.L,2026-09-29,683.5
WOSG.L,2026-09-30,699.5
WOSG.L,2026-10-01,687.0
WOSG.L,2026-10-02,672.5
WOSG.L,2026-10-05,664.0
WPP.L,2026-09-29,383.6
WPP.L,2026-09-30,376.1
WPP.L,2026-10-01,382.9
WPP.L,2026-10-02,372.7
WPP.L,2026-10-05,373.2
WRB,2026-09-28,67.66
WRB,2026-09-29,68.22
WRB,2026-09-30,67.54
WRB,2026-10-01,68.9
WRB,2026-10-02,68.98
WSM,2026-09-28,231.03
WSM,2026-09-29,229.96
WSM,2026-09-30,227.94
WSM,2026-10-01,233.39
WSM,2026-10-02,232.3
WST,2026-09-28,375.65
WST,2026-09-29,376.63
WST,2026-09-30,370.76
WST,2026-10-01,365.01
WST,2026-10-02,364.98
WTB.L,2026-09-29,2391.0
WTB.L,2026-09-30,2386.0
WTB.L,2026-10-01,2388.0
WTB.L,2026-10-02,2440.0
WTB.L,2026-10-05,2425.0
WTW,2026-09-28,292.11
WTW,2026-09-29,288.57
WTW,2026-09-30,288.23
WTW,2026-10-01,291.6
WTW,2026-10-02,288.61
WWH.L,2026-09-29,381.0
WWH.L,2026-09-30,381.5
WWH.L,2026-10-01,374.5
WWH.L,2026-10-02,367.5
WWH.L,2026-10-05,367.4855
WY,2026-09-28,19.72
WY,2026-09-29,19.55
WY,2026-09-30,19.05
WY,2026-10-01,18.59
WY,2026-10-02,18.47
WYNN,2026-09-28,80.52
WYNN,2026-09-29,78.23
WYNN,2026-09-30,79.43
WYNN,2026-10-01,77.3
WYNN,2026-10-02,75.88
XEL,2026-09-28,69.39
XEL,2026-09-29,70.69
XEL,2026-09-30,70.48
XEL,2026-10-01,70.55
XEL,2026-10-02,71.4
XOM,2026-09-28,162.52
XOM,2026-09-29,161.35
XOM,2026-09-30,162.75
XOM,2026-10-01,163.82
XOM,2026-10-02,164.01
XPP.L,2026-09-29,2035.0
XPP.L,2026-09-30,2050.0
XPP.L,2026-10-01,2020.0
XPP.L,2026-10-02,2040.0
XPP.L,2026-10-05,2015.0
XPS.L,2026-09-29,301.5
XPS.L,2026-09-30,303.5
XPS.L,2026-10-01,295.5
XPS.L,2026-10-02,293.5
XPS.L,2026-10-05,294.5
XYL,2026-09-28,100.91
XYL,2026-09-29,100.93
XYL,2026-09-30,101.27
XYL,2026-10-01,100.88
XYL,2026-10-02,101.79
XYZ,2026-09-28,73.31
XYZ,2026-09-29,74.05
XYZ,2026-09-30,73.53
XYZ,2026-10-01,74.04
XYZ,2026-10-02,74.33
YUM,2026-09-28,138.28
YUM,2026-09-29,137.73
YUM,2026-09-30,136.34
YUM,2026-10-01,136.69
YUM,2026-10-02,136.12
ZAL.DE,2026-09-29,21.87
ZAL.DE,2026-09-30,22.7
ZAL.DE,2026-10-01,22.22
ZAL.DE,2026-10-02,22.27
ZAL.DE,2026-10-05,22.26
ZBH,2026-09-28,91.62
ZBH,2026-09-29,91.34
ZBH,2026-09-30,88.83
ZBH,2026-10-01,88.06
ZBH,2026-10-02,88.29
ZBRA,2026-09-28,371.87
ZBRA,2026-09-29,375.97
ZBRA,2026-09-30,373.31
ZBRA,2026-10-01,375.45
ZBRA,2026-10-02,375.86
ZIG.L,2026-09-29,467.5
ZIG.L,2026-09-30,472.5
ZIG.L,2026-10-01,453.5
ZIG.L,2026-10-02,447.0
ZIG.L,2026-10-05,442.5
ZTS,2026-09-28,71.43
ZTS,2026-09-29,70.3
ZTS,2026-09-30,69.83
ZTS,2026-10-01,69.1
ZTS,2026-10-02,69.69
^FCHI,2026-09-29,8035.8701
^FCHI,2026-09-30,7964.5098
^FCHI,2026-10-01,7835.3101
^FCHI,2026-10-02,7897.1899
^FCHI,2026-10-05,7845.6602
^FTMC,2026-09-29,24374.8008
^FTMC,2026-09-30,24540.0
^FTMC,2026-10-01,24143.1992
^FTMC,2026-10-02,24194.1992
^FTMC,2026-10-05,24156.0996
^FTSE,2026-09-29,10636.7002
^FTSE,2026-09-30,10606.0
^FTSE,2026-10-01,10428.2998
^FTSE,2026-10-02,10462.0
^FTSE,2026-10-05,10523.7998
^GDAXI,2026-09-29,25399.2109
^GDAXI,2026-09-30,25199.1895
^GDAXI,2026-10-01,24939.3496
^GDAXI,2026-10-02,25231.1992
^GDAXI,2026-10-05,25298.0195
^STOXX50E,2026-09-29,6320.2598
^STOXX50E,2026-09-30,6269.02
^STOXX50E,2026-10-01,6175.4502
^STOXX50E,2026-10-02,6238.5
^STOXX50E,2026-10-05,6245.5
