ticker,date,close
3IN.L,2026-09-22,392.0
3IN.L,2026-09-23,392.0
3IN.L,2026-09-24,388.0
3IN.L,2026-09-25,390.0
3IN.L,2026-09-28,390.497
A,2026-09-21,161.94
A,2026-09-22,167.26
A,2026-09-23,165.32
A,2026-09-24,172.84
A,2026-09-25,172.79
A2A.MI,2026-09-22,2.333
A2A.MI,2026-09-23,2.295
A2A.MI,2026-09-24,2.295
A2A.MI,2026-09-25,2.291
A2A.MI,2026-09-28,2.286
AAF.L,2026-09-22,312.0
AAF.L,2026-09-23,310.2
AAF.L,2026-09-24,302.6
AAF.L,2026-09-25,299.6
AAF.L,2026-09-28,303.6
AAL.L,2026-09-22,4109.0
AAL.L,2026-09-23,4029.0
AAL.L,2026-09-24,3980.0
AAL.L,2026-09-25,4042.0
AAL.L,2026-09-28,3948.5
AAPL,2026-09-21,338.98
AAPL,2026-09-22,339.75
AAPL,2026-09-23,337.02
AAPL,2026-09-24,335.92
AAPL,2026-09-25,341.07
AAS.L,2026-09-22,463.0
AAS.L,2026-09-23,464.0
AAS.L,2026-09-24,463.0
AAS.L,2026-09-25,465.0
AAS.L,2026-09-28,459.403
ABBV,2026-09-21,264.48
ABBV,2026-09-22,265.21
ABBV,2026-09-23,265.08
ABBV,2026-09-24,265.12
ABBV,2026-09-25,264.34
ABDN.L,2026-09-22,247.4
ABDN.L,2026-09-23,245.6
ABDN.L,2026-09-24,241.0
ABDN.L,2026-09-25,245.6
ABDN.L,2026-09-28,249.2
ABF.L,2026-09-22,1855.0
ABF.L,2026-09-23,1828.0
ABF.L,2026-09-24,1842.0
ABF.L,2026-09-25,1860.5
ABF.L,2026-09-28,1872.5
ABI.BR,2026-09-22,68.34
ABI.BR,2026-09-23,67.44
ABI.BR,2026-09-24,68.3
ABI.BR,2026-09-25,67.68
ABI.BR,2026-09-28,68.54
ABNB,2026-09-21,166.84
ABNB,2026-09-22,161.81
ABNB,2026-09-23,149.58
ABNB,2026-09-24,151.39
ABNB,2026-09-25,157.47
ABT,2026-09-21,102.98
ABT,2026-09-22,103.69
ABT,2026-09-23,103.49
ABT,2026-09-24,101.07
ABT,2026-09-25,101.29
AC.PA,2026-09-22,46.64
AC.PA,2026-09-23,46.05
AC.PA,2026-09-24,45.22
AC.PA,2026-09-25,45.89
AC.PA,2026-09-28,45.88
ACA.PA,2026-09-22,18.115
ACA.PA,2026-09-23,18.035
ACA.PA,2026-09-24,17.94
ACA.PA,2026-09-25,18.185
ACA.PA,2026-09-28,18.035
ACGL,2026-09-21,95.78
ACGL,2026-09-22,94.95
ACGL,2026-09-23,95.16
ACGL,2026-09-24,95.02
ACGL,2026-09-25,94.66
ACN,2026-09-21,186.11
ACN,2026-09-22,183.72
ACN,2026-09-23,183.52
ACN,2026-09-24,177.41
ACN,2026-09-25,176.11
AD.AS,2026-09-22,32.09
AD.AS,2026-09-23,31.25
AD.AS,2026-09-24,31.6
AD.AS,2026-09-25,31.76
AD.AS,2026-09-28,32.21
ADBE,2026-09-21,249.52
ADBE,2026-09-22,238.25
ADBE,2026-09-23,240.69
ADBE,2026-09-24,238.93
ADBE,2026-09-25,235.47
ADI,2026-09-21,383.0
ADI,2026-09-22,390.37
ADI,2026-09-23,385.23
ADI,2026-09-24,382.61
ADI,2026-09-25,393.6
ADM,2026-09-21,83.38
ADM,2026-09-22,82.34
ADM,2026-09-23,82.15
ADM,2026-09-24,81.88
ADM,2026-09-25,81.12
ADM.L,2026-09-22,3706.0
ADM.L,2026-09-23,3672.0
ADM.L,2026-09-24,3640.0
ADM.L,2026-09-25,3618.0
ADM.L,2026-09-28,3674.0
ADP,2026-09-21,269.94
ADP,2026-09-22,269.64
ADP,2026-09-23,263.68
ADP,2026-09-24,263.11
ADP,2026-09-25,263.67
ADS.DE,2026-09-22,146.85
ADS.DE,2026-09-23,144.45
ADS.DE,2026-09-24,142.25
ADS.DE,2026-09-25,146.5
ADS.DE,2026-09-28,146.7
ADSK,2026-09-21,218.85
ADSK,2026-09-22,219.62
ADSK,2026-09-23,217.15
ADSK,2026-09-24,211.35
ADSK,2026-09-25,209.4
ADYEN.AS,2026-09-22,903.0
ADYEN.AS,2026-09-23,860.6
ADYEN.AS,2026-09-24,843.5
ADYEN.AS,2026-09-25,875.5
ADYEN.AS,2026-09-28,874.7
AEE,2026-09-21,101.83
AEE,2026-09-22,101.66
AEE,2026-09-23,99.74
AEE,2026-09-24,99.2
AEE,2026-09-25,99.39
AEP,2026-09-21,120.03
AEP,2026-09-22,120.27
AEP,2026-09-23,118.4
AEP,2026-09-24,117.57
AEP,2026-09-25,118.35
AEP.L,2026-09-22,203.0
AEP.L,2026-09-23,208.5
AEP.L,2026-09-24,206.0
AEP.L,2026-09-25,209.5
AEP.L,2026-09-28,211.0
AES,2026-09-21,14.83
AES,2026-09-22,14.82
AES,2026-09-23,14.81
AES,2026-09-24,14.85
AES,2026-09-25,14.87
AFL,2026-09-21,115.18
AFL,2026-09-22,114.6
AFL,2026-09-23,115.23
AFL,2026-09-24,114.01
AFL,2026-09-25,113.72
AGT.L,2026-09-22,259.5
AGT.L,2026-09-23,257.0
AGT.L,2026-09-24,257.5
AGT.L,2026-09-25,260.5
AGT.L,2026-09-28,259.362
AI.PA,2026-09-22,167.32
AI.PA,2026-09-23,168.18
AI.PA,2026-09-24,168.12
AI.PA,2026-09-25,167.5
AI.PA,2026-09-28,167.76
AIE.L,2026-09-22,251.5
AIE.L,2026-09-23,253.5
AIE.L,2026-09-24,250.0
AIE.L,2026-09-25,250.5
AIE.L,2026-09-28,246.0
AIG,2026-09-21,74.54
AIG,2026-09-22,75.18
AIG,2026-09-23,75.58
AIG,2026-09-24,74.82
AIG,2026-09-25,74.17
AIR.PA,2026-09-22,194.6
AIR.PA,2026-09-23,195.02
AIR.PA,2026-09-24,194.38
AIR.PA,2026-09-25,192.4
AIR.PA,2026-09-28,193.54
AIZ,2026-09-21,277.38
AIZ,2026-09-22,271.08
AIZ,2026-09-23,266.97
AIZ,2026-09-24,261.86
AIZ,2026-09-25,265.0
AJB.L,2026-09-22,595.0
AJB.L,2026-09-23,578.0
AJB.L,2026-09-24,567.5
AJB.L,2026-09-25,567.0
AJB.L,2026-09-28,576.5
AJG,2026-09-21,236.61
AJG,2026-09-22,230.45
AJG,2026-09-23,229.64
AJG,2026-09-24,227.13
AJG,2026-09-25,231.1
AKAM,2026-09-21,117.41
AKAM,2026-09-22,118.34
AKAM,2026-09-23,118.44
AKAM,2026-09-24,110.41
AKAM,2026-09-25,113.94
ALB,2026-09-21,112.92
ALB,2026-09-22,116.8
ALB,2026-09-23,113.47
ALB,2026-09-24,108.25
ALB,2026-09-25,109.73
ALFA.L,2026-09-22,158.0
ALFA.L,2026-09-23,156.8
ALFA.L,2026-09-24,155.2
ALFA.L,2026-09-25,155.0
ALFA.L,2026-09-28,155.2
ALGN,2026-09-21,146.88
ALGN,2026-09-22,153.29
ALGN,2026-09-23,148.17
ALGN,2026-09-24,145.63
ALGN,2026-09-25,146.78
ALL,2026-09-21,242.86
ALL,2026-09-22,229.5
ALL,2026-09-23,225.66
ALL,2026-09-24,227.17
ALL,2026-09-25,227.6
ALLE,2026-09-21,151.36
ALLE,2026-09-22,153.95
ALLE,2026-09-23,154.09
ALLE,2026-09-24,152.48
ALLE,2026-09-25,154.47
ALV.DE,2026-09-22,430.2
ALV.DE,2026-09-23,413.1
ALV.DE,2026-09-24,419.2
ALV.DE,2026-09-25,423.5
ALV.DE,2026-09-28,424.0
ALW.L,2026-09-22,1375.0
ALW.L,2026-09-23,1382.0
ALW.L,2026-09-24,1374.0
ALW.L,2026-09-25,1386.0
ALW.L,2026-09-28,1376.863
AMAT,2026-09-21,464.24
AMAT,2026-09-22,472.46
AMAT,2026-09-23,474.38
AMAT,2026-09-24,474.25
AMAT,2026-09-25,485.0
AMCR,2026-09-21,42.15
AMCR,2026-09-22,43.24
AMCR,2026-09-23,42.8
AMCR,2026-09-24,42.1
AMCR,2026-09-25,42.51
AMD,2026-09-21,615.52
AMD,2026-09-22,623.77
AMD,2026-09-23,614.61
AMD,2026-09-24,629.26
AMD,2026-09-25,630.63
AME,2026-09-21,241.23
AME,2026-09-22,245.41
AME,2026-09-23,246.45
AME,2026-09-24,247.74
AME,2026-09-25,250.74
AMGN,2026-09-21,393.16
AMGN,2026-09-22,410.24
AMGN,2026-09-23,406.09
AMGN,2026-09-24,406.04
AMGN,2026-09-25,414.61
AMP,2026-09-21,535.72
AMP,2026-09-22,512.37
AMP,2026-09-23,502.79
AMP,2026-09-24,485.15
AMP,2026-09-25,493.0
AMP.MI,2026-09-22,11.645
AMP.MI,2026-09-23,11.82
AMP.MI,2026-09-24,11.57
AMP.MI,2026-09-25,11.425
AMP.MI,2026-09-28,12.09
AMT,2026-09-21,174.6
AMT,2026-09-22,175.25
AMT,2026-09-23,170.78
AMT,2026-09-24,167.26
AMT,2026-09-25,169.03
AMZN,2026-09-21,258.45
AMZN,2026-09-22,254.98
AMZN,2026-09-23,249.27
AMZN,2026-09-24,249.38
AMZN,2026-09-25,249.67
ANET,2026-09-21,205.42
ANET,2026-09-22,205.19
ANET,2026-09-23,203.47
ANET,2026-09-24,205.7
ANET,2026-09-25,206.55
ANTO.L,2026-09-22,3843.0
ANTO.L,2026-09-23,3746.0
ANTO.L,2026-09-24,3718.0
ANTO.L,2026-09-25,3730.0
ANTO.L,2026-09-28,3648.0
AO.L,2026-09-22,93.4
AO.L,2026-09-23,93.0
AO.L,2026-09-24,88.8
AO.L,2026-09-25,89.7
AO.L,2026-09-28,91.2
AON,2026-09-21,290.82
AON,2026-09-22,286.1
AON,2026-09-23,281.6
AON,2026-09-24,276.09
AON,2026-09-25,277.99
AOS,2026-09-21,56.96
AOS,2026-09-22,58.16
AOS,2026-09-23,57.74
AOS,2026-09-24,57.7
AOS,2026-09-25,58.65
APA,2026-09-21,43.81
APA,2026-09-22,42.3
APA,2026-09-23,43.7
APA,2026-09-24,43.68
APA,2026-09-25,42.74
APD,2026-09-21,279.46
APD,2026-09-22,287.86
APD,2026-09-23,286.97
APD,2026-09-24,284.49
APD,2026-09-25,281.76
APH,2026-09-21,80.72
APH,2026-09-22,82.84
APH,2026-09-23,82.19
APH,2026-09-24,83.08
APH,2026-09-25,84.09
APN.L,2026-09-22,274.0
APN.L,2026-09-23,274.5
APN.L,2026-09-24,270.5
APN.L,2026-09-25,271.0
APN.L,2026-09-28,275.5
APO,2026-09-21,127.91
APO,2026-09-22,124.15
APO,2026-09-23,124.36
APO,2026-09-24,120.69
APO,2026-09-25,121.69
APP,2026-09-21,330.17
APP,2026-09-22,328.73
APP,2026-09-23,315.25
APP,2026-09-24,312.47
APP,2026-09-25,310.75
APTV,2026-09-21,43.57
APTV,2026-09-22,44.61
APTV,2026-09-23,45.17
APTV,2026-09-24,43.58
APTV,2026-09-25,44.79
ARE,2026-09-21,53.34
ARE,2026-09-22,53.85
ARE,2026-09-23,51.86
ARE,2026-09-24,50.48
ARE,2026-09-25,49.93
ARES,2026-09-21,126.67
ARES,2026-09-22,124.72
ARES,2026-09-23,121.48
ARES,2026-09-24,120.11
ARES,2026-09-25,122.01
ARGX.BR,2026-09-22,855.4
ARGX.BR,2026-09-23,835.8
ARGX.BR,2026-09-24,834.8
ARGX.BR,2026-09-25,845.2
ARGX.BR,2026-09-28,841.0
ASHM.L,2026-09-22,217.2
ASHM.L,2026-09-23,217.8
ASHM.L,2026-09-24,211.8
ASHM.L,2026-09-25,214.6
ASHM.L,2026-09-28,218.6
ASL.L,2026-09-22,1750.0
ASL.L,2026-09-23,1744.0
ASL.L,2026-09-24,1748.0
ASL.L,2026-09-25,1764.0
ASL.L,2026-09-28,1779.5764
ASML.AS,2026-09-22,1507.4
ASML.AS,2026-09-23,1515.8
ASML.AS,2026-09-24,1503.2
ASML.AS,2026-09-25,1522.6
ASML.AS,2026-09-28,1519.4
ATG.L,2026-09-22,448.6
ATG.L,2026-09-23,438.0
ATG.L,2026-09-24,427.8
ATG.L,2026-09-25,434.4
ATG.L,2026-09-28,436.6
ATO,2026-09-21,158.27
ATO,2026-09-22,157.34
ATO,2026-09-23,156.24
ATO,2026-09-24,156.42
ATO,2026-09-25,157.21
ATR.L,2026-09-22,730.0
ATR.L,2026-09-23,722.0
ATR.L,2026-09-24,726.0
ATR.L,2026-09-25,729.0
ATR.L,2026-09-28,723.0
ATT.L,2026-09-22,754.0
ATT.L,2026-09-23,765.0
ATT.L,2026-09-24,754.0
ATT.L,2026-09-25,761.0
ATT.L,2026-09-28,751.3592
ATYM.L,2026-09-22,1070.0
ATYM.L,2026-09-23,1045.0
ATYM.L,2026-09-24,1030.0
ATYM.L,2026-09-25,1036.0
ATYM.L,2026-09-28,1016.0
AUTO.L,2026-09-22,484.1
AUTO.L,2026-09-23,468.1
AUTO.L,2026-09-24,460.0
AUTO.L,2026-09-25,456.4
AUTO.L,2026-09-28,453.9
AV.L,2026-09-22,706.0
AV.L,2026-09-23,701.4
AV.L,2026-09-24,697.8
AV.L,2026-09-25,699.2
AV.L,2026-09-28,701.0
AVGO,2026-09-21,362.66
AVGO,2026-09-22,364.54
AVGO,2026-09-23,354.99
AVGO,2026-09-24,350.36
AVGO,2026-09-25,352.81
AVIO.MI,2026-09-22,28.88
AVIO.MI,2026-09-23,29.21
AVIO.MI,2026-09-24,28.33
AVIO.MI,2026-09-25,28.98
AVIO.MI,2026-09-28,28.68
AVON.L,2026-09-22,1808.0
AVON.L,2026-09-23,1800.0
AVON.L,2026-09-24,1800.0
AVON.L,2026-09-25,1802.0
AVON.L,2026-09-28,1802.0
AVY,2026-09-21,169.33
AVY,2026-09-22,172.09
AVY,2026-09-23,172.66
AVY,2026-09-24,169.01
AVY,2026-09-25,170.34
AWK,2026-09-21,133.97
AWK,2026-09-22,133.82
AWK,2026-09-23,133.06
AWK,2026-09-24,131.53
AWK,2026-09-25,130.91
AXON,2026-09-21,452.06
AXON,2026-09-22,459.32
AXON,2026-09-23,450.61
AXON,2026-09-24,445.0
AXON,2026-09-25,430.11
AXP,2026-09-21,313.59
AXP,2026-09-22,305.07
AXP,2026-09-23,301.96
AXP,2026-09-24,305.66
AXP,2026-09-25,308.89
AZM.MI,2026-09-22,39.98
AZM.MI,2026-09-23,39.36
AZM.MI,2026-09-24,38.85
AZM.MI,2026-09-25,38.88
AZM.MI,2026-09-28,39.26
AZN.L,2026-09-22,12672.0
AZN.L,2026-09-23,12430.0
AZN.L,2026-09-24,12400.0
AZN.L,2026-09-25,12552.0
AZN.L,2026-09-28,12492.0
AZO,2026-09-21,2803.25
AZO,2026-09-22,2894.73
AZO,2026-09-23,2843.3401
AZO,2026-09-24,2861.75
AZO,2026-09-25,2872.1599
BA,2026-09-21,201.15
BA,2026-09-22,197.72
BA,2026-09-23,199.93
BA,2026-09-24,196.8
BA,2026-09-25,198.07
BA.L,2026-09-22,1993.0
BA.L,2026-09-23,2023.0
BA.L,2026-09-24,1992.5
BA.L,2026-09-25,1972.0
BA.L,2026-09-28,1968.0
BAB.L,2026-09-22,977.0
BAB.L,2026-09-23,995.8
BAB.L,2026-09-24,985.4
BAB.L,2026-09-25,988.2
BAB.L,2026-09-28,990.8
BAC,2026-09-21,57.96
BAC,2026-09-22,56.2
BAC,2026-09-23,56.0
BAC,2026-09-24,56.03
BAC,2026-09-25,56.7
BAG.L,2026-09-22,604.0
BAG.L,2026-09-23,588.0
BAG.L,2026-09-24,594.0
BAG.L,2026-09-25,594.0
BAG.L,2026-09-28,599.565
BALL,2026-09-21,59.71
BALL,2026-09-22,59.97
BALL,2026-09-23,58.82
BALL,2026-09-24,56.66
BALL,2026-09-25,56.83
BAMI.MI,2026-09-22,16.09
BAMI.MI,2026-09-23,16.285
BAMI.MI,2026-09-24,16.215
BAMI.MI,2026-09-25,16.4
BAMI.MI,2026-09-28,16.4
BARC.L,2026-09-22,465.3
BARC.L,2026-09-23,460.5
BARC.L,2026-09-24,456.6
BARC.L,2026-09-25,463.9
BARC.L,2026-09-28,463.8
BAS.DE,2026-09-22,51.79
BAS.DE,2026-09-23,52.18
BAS.DE,2026-09-24,52.3
BAS.DE,2026-09-25,50.42
BAS.DE,2026-09-28,49.585
BATS.L,2026-09-22,4165.0
BATS.L,2026-09-23,4198.0
BATS.L,2026-09-24,4243.0
BATS.L,2026-09-25,4180.0
BATS.L,2026-09-28,4231.0
BAX,2026-09-21,22.93
BAX,2026-09-22,23.68
BAX,2026-09-23,23.49
BAX,2026-09-24,23.48
BAX,2026-09-25,23.37
BAYN.DE,2026-09-22,49.55
BAYN.DE,2026-09-23,49.31
BAYN.DE,2026-09-24,49.38
BAYN.DE,2026-09-25,50.02
BAYN.DE,2026-09-28,50.7
BBOX.L,2026-09-22,149.0
BBOX.L,2026-09-23,147.0
BBOX.L,2026-09-24,147.1
BBOX.L,2026-09-25,146.7
BBOX.L,2026-09-28,147.0
BBVA.MC,2026-09-22,24.94
BBVA.MC,2026-09-23,24.88
BBVA.MC,2026-09-24,24.88
BBVA.MC,2026-09-25,25.2
BBVA.MC,2026-09-28,25.28
BBY,2026-09-21,93.22
BBY,2026-09-22,94.82
BBY,2026-09-23,90.8
BBY,2026-09-24,91.0
BBY,2026-09-25,90.51
BBY.L,2026-09-22,935.0
BBY.L,2026-09-23,927.0
BBY.L,2026-09-24,928.5
BBY.L,2026-09-25,935.0
BBY.L,2026-09-28,946.0
BC.MI,2026-09-22,79.92
BC.MI,2026-09-23,81.32
BC.MI,2026-09-24,80.96
BC.MI,2026-09-25,80.8
BC.MI,2026-09-28,81.5
BCG.L,2026-09-22,2.268
BCG.L,2026-09-23,2.144
BCG.L,2026-09-24,2.1
BCG.L,2026-09-25,2.05
BCG.L,2026-09-28,2.04
BDX,2026-09-21,180.7
BDX,2026-09-22,183.0
BDX,2026-09-23,182.52
BDX,2026-09-24,179.23
BDX,2026-09-25,183.82
BE,2026-09-21,272.89
BE,2026-09-22,276.53
BE,2026-09-23,275.19
BE,2026-09-24,266.65
BE,2026-09-25,288.7
BEI.DE,2026-09-22,76.46
BEI.DE,2026-09-23,75.92
BEI.DE,2026-09-24,78.18
BEI.DE,2026-09-25,78.56
BEI.DE,2026-09-28,78.6
BEN,2026-09-21,33.64
BEN,2026-09-22,33.13
BEN,2026-09-23,32.71
BEN,2026-09-24,32.55
BEN,2026-09-25,33.02
BEZ.L,2026-09-22,1306.0
BEZ.L,2026-09-23,1306.0
BEZ.L,2026-09-24,1306.0
BEZ.L,2026-09-25,1306.0
BEZ.L,2026-09-28,1307.0
BF-B,2026-09-21,26.15
BF-B,2026-09-22,26.56
BF-B,2026-09-23,26.29
BF-B,2026-09-24,26.0
BF-B,2026-09-25,26.16
BG,2026-09-21,112.61
BG,2026-09-22,110.0
BG,2026-09-23,111.48
BG,2026-09-24,110.21
BG,2026-09-25,109.0
BGEO.L,2026-09-22,13950.0
BGEO.L,2026-09-23,14120.0
BGEO.L,2026-09-24,14120.0
BGEO.L,2026-09-25,14580.0
BGEO.L,2026-09-28,14680.0
BGFD.L,2026-09-22,1082.0
BGFD.L,2026-09-23,1080.0
BGFD.L,2026-09-24,1072.0
BGFD.L,2026-09-25,1084.0
BGFD.L,2026-09-28,1078.9221
BHMG.L,2026-09-22,421.0
BHMG.L,2026-09-23,411.5
BHMG.L,2026-09-24,411.5
BHMG.L,2026-09-25,411.5
BHMG.L,2026-09-28,411.7427
BIIB,2026-09-21,219.07
BIIB,2026-09-22,225.36
BIIB,2026-09-23,227.53
BIIB,2026-09-24,226.36
BIIB,2026-09-25,227.6
BKG.L,2026-09-22,3388.0
BKG.L,2026-09-23,3356.0
BKG.L,2026-09-24,3330.0
BKG.L,2026-09-25,3370.0
BKG.L,2026-09-28,3386.5078
BKNG,2026-09-21,168.52
BKNG,2026-09-22,164.22
BKNG,2026-09-23,155.9
BKNG,2026-09-24,157.41
BKNG,2026-09-25,163.95
BKR,2026-09-21,57.83
BKR,2026-09-22,57.26
BKR,2026-09-23,58.03
BKR,2026-09-24,57.29
BKR,2026-09-25,57.83
BLK,2026-09-21,1090.27
BLK,2026-09-22,1066.66
BLK,2026-09-23,1060.89
BLK,2026-09-24,1073.45
BLK,2026-09-25,1086.3101
BLND.L,2026-09-22,402.2
BLND.L,2026-09-23,395.2
BLND.L,2026-09-24,395.6
BLND.L,2026-09-25,396.6
BLND.L,2026-09-28,399.6
BME.L,2026-09-22,251.8
BME.L,2026-09-23,246.4
BME.L,2026-09-24,245.8
BME.L,2026-09-25,248.4
BME.L,2026-09-28,250.4158
BMED.MI,2026-09-22,23.36
BMED.MI,2026-09-23,23.52
BMED.MI,2026-09-24,23.23
BMED.MI,2026-09-25,23.28
BMED.MI,2026-09-28,23.58
BMPS.MI,2026-09-22,11.85
BMPS.MI,2026-09-23,11.894
BMPS.MI,2026-09-24,11.816
BMPS.MI,2026-09-25,11.966
BMPS.MI,2026-09-28,11.954
BMW.DE,2026-09-22,59.58
BMW.DE,2026-09-23,57.88
BMW.DE,2026-09-24,56.46
BMW.DE,2026-09-25,55.72
BMW.DE,2026-09-28,56.04
BMY,2026-09-21,62.62
BMY,2026-09-22,62.25
BMY,2026-09-23,61.15
BMY,2026-09-24,61.5
BMY,2026-09-25,62.86
BMY.L,2026-09-22,616.0
BMY.L,2026-09-23,621.0
BMY.L,2026-09-24,619.0
BMY.L,2026-09-25,620.0
BMY.L,2026-09-28,624.361
BN.PA,2026-09-22,60.9
BN.PA,2026-09-23,60.32
BN.PA,2026-09-24,60.14
BN.PA,2026-09-25,59.56
BN.PA,2026-09-28,59.8
BNKR.L,2026-09-22,153.2
BNKR.L,2026-09-23,153.4
BNKR.L,2026-09-24,152.8
BNKR.L,2026-09-25,153.4
BNKR.L,2026-09-28,153.4
BNP.PA,2026-09-22,101.3
BNP.PA,2026-09-23,100.2
BNP.PA,2026-09-24,98.43
BNP.PA,2026-09-25,99.3
BNP.PA,2026-09-28,98.95
BNR.DE,2026-09-22,60.22
BNR.DE,2026-09-23,59.18
BNR.DE,2026-09-24,58.86
BNR.DE,2026-09-25,59.56
BNR.DE,2026-09-28,59.16
BNY,2026-09-21,153.89
BNY,2026-09-22,150.17
BNY,2026-09-23,149.51
BNY,2026-09-24,150.19
BNY,2026-09-25,150.15
BNZL.L,2026-09-22,2674.0
BNZL.L,2026-09-23,2652.0
BNZL.L,2026-09-24,2688.0
BNZL.L,2026-09-25,2638.0
BNZL.L,2026-09-28,2658.0
BOWL.L,2026-09-22,248.5
BOWL.L,2026-09-23,244.5
BOWL.L,2026-09-24,244.5
BOWL.L,2026-09-25,245.5
BOWL.L,2026-09-28,247.52
BOY.L,2026-09-22,954.5
BOY.L,2026-09-23,953.0
BOY.L,2026-09-24,950.0
BOY.L,2026-09-25,946.5
BOY.L,2026-09-28,917.5
BP.L,2026-09-22,542.3
BP.L,2026-09-23,557.2
BP.L,2026-09-24,571.8
BP.L,2026-09-25,558.5
BP.L,2026-09-28,565.8
BPCR.L,2026-09-22,0.97
BPCR.L,2026-09-23,0.97
BPCR.L,2026-09-24,0.972
BPCR.L,2026-09-25,0.982
BPCR.L,2026-09-28,0.9838
BPE.MI,2026-09-22,14.316
BPE.MI,2026-09-23,14.236
BPE.MI,2026-09-24,14.056
BPE.MI,2026-09-25,14.346
BPE.MI,2026-09-28,14.338
BPT.L,2026-09-22,311.8
BPT.L,2026-09-23,309.4
BPT.L,2026-09-24,300.0
BPT.L,2026-09-25,300.0
BPT.L,2026-09-28,317.1
BR,2026-09-21,164.62
BR,2026-09-22,163.02
BR,2026-09-23,163.45
BR,2026-09-24,162.66
BR,2026-09-25,163.77
BRBY.L,2026-09-22,1024.0
BRBY.L,2026-09-23,1035.5
BRBY.L,2026-09-24,1024.5
BRBY.L,2026-09-25,1017.0
BRBY.L,2026-09-28,1025.0
BREE.L,2026-09-22,314.4
BREE.L,2026-09-23,313.0
BREE.L,2026-09-24,305.8
BREE.L,2026-09-25,308.6
BREE.L,2026-09-28,330.0
BRGE.L,2026-09-22,593.0
BRGE.L,2026-09-23,591.0
BRGE.L,2026-09-24,589.0
BRGE.L,2026-09-25,594.0
BRGE.L,2026-09-28,589.0
BRK-B,2026-09-21,502.01
BRK-B,2026-09-22,503.49
BRK-B,2026-09-23,507.17
BRK-B,2026-09-24,505.18
BRK-B,2026-09-25,505.48
BRO,2026-09-21,64.3
BRO,2026-09-22,62.44
BRO,2026-09-23,61.7
BRO,2026-09-24,60.33
BRO,2026-09-25,60.82
BRSC.L,2026-09-22,266.0
BRSC.L,2026-09-23,265.0
BRSC.L,2026-09-24,264.0
BRSC.L,2026-09-25,264.5
BRSC.L,2026-09-28,266.3452
BRWM.L,2026-09-22,993.0
BRWM.L,2026-09-23,995.0
BRWM.L,2026-09-24,972.0
BRWM.L,2026-09-25,981.0
BRWM.L,2026-09-28,957.0
BSX,2026-09-21,43.72
BSX,2026-09-22,44.92
BSX,2026-09-23,44.62
BSX,2026-09-24,44.68
BSX,2026-09-25,43.92
BT-A.L,2026-09-22,191.45
BT-A.L,2026-09-23,191.85
BT-A.L,2026-09-24,193.4
BT-A.L,2026-09-25,196.55
BT-A.L,2026-09-28,196.05
BTRW.L,2026-09-22,309.3
BTRW.L,2026-09-23,303.7
BTRW.L,2026-09-24,304.0
BTRW.L,2026-09-25,309.0
BTRW.L,2026-09-28,348.4
BUT.L,2026-09-22,1566.0
BUT.L,2026-09-23,1560.0
BUT.L,2026-09-24,1554.0
BUT.L,2026-09-25,1558.0
BUT.L,2026-09-28,1562.48
BVI.PA,2026-09-22,27.8
BVI.PA,2026-09-23,27.19
BVI.PA,2026-09-24,26.76
BVI.PA,2026-09-25,26.89
BVI.PA,2026-09-28,27.02
BWY.L,2026-09-22,2112.0
BWY.L,2026-09-23,2072.0
BWY.L,2026-09-24,2042.0
BWY.L,2026-09-25,2068.0
BWY.L,2026-09-28,2334.0
BX,2026-09-21,126.41
BX,2026-09-22,124.01
BX,2026-09-23,119.27
BX,2026-09-24,117.21
BX,2026-09-25,118.42
BXP,2026-09-21,64.13
BXP,2026-09-22,64.31
BXP,2026-09-23,62.36
BXP,2026-09-24,62.27
BXP,2026-09-25,63.4
BYG.L,2026-09-22,830.0
BYG.L,2026-09-23,820.0
BYG.L,2026-09-24,822.0
BYG.L,2026-09-25,820.0
BYG.L,2026-09-28,842.5
BYIT.L,2026-09-22,451.6
BYIT.L,2026-09-23,447.0
BYIT.L,2026-09-24,436.2
BYIT.L,2026-09-25,440.0
BYIT.L,2026-09-28,440.0
BZU.MI,2026-09-22,37.44
BZU.MI,2026-09-23,37.09
BZU.MI,2026-09-24,36.7
BZU.MI,2026-09-25,37.18
BZU.MI,2026-09-28,37.4
C,2026-09-21,135.05
C,2026-09-22,132.47
C,2026-09-23,131.93
C,2026-09-24,132.1
C,2026-09-25,134.28
CA.PA,2026-09-22,16.4
CA.PA,2026-09-23,16.165
CA.PA,2026-09-24,16.14
CA.PA,2026-09-25,16.2
CA.PA,2026-09-28,16.52
CAH,2026-09-21,225.75
CAH,2026-09-22,222.04
CAH,2026-09-23,221.27
CAH,2026-09-24,222.62
CAH,2026-09-25,220.22
CAP.PA,2026-09-22,106.3
CAP.PA,2026-09-23,106.1
CAP.PA,2026-09-24,103.75
CAP.PA,2026-09-25,104.5
CAP.PA,2026-09-28,103.75
CARR,2026-09-21,54.62
CARR,2026-09-22,55.26
CARR,2026-09-23,55.1
CARR,2026-09-24,54.87
CARR,2026-09-25,56.37
CASY,2026-09-21,585.34
CASY,2026-09-22,584.83
CASY,2026-09-23,597.31
CASY,2026-09-24,598.85
CASY,2026-09-25,598.46
CAT,2026-09-21,816.5
CAT,2026-09-22,808.01
CAT,2026-09-23,812.02
CAT,2026-09-24,805.25
CAT,2026-09-25,821.58
CB,2026-09-21,337.26
CB,2026-09-22,335.77
CB,2026-09-23,335.21
CB,2026-09-24,334.84
CB,2026-09-25,333.37
CBG.L,2026-09-22,395.6
CBG.L,2026-09-23,385.6
CBG.L,2026-09-24,381.2
CBG.L,2026-09-25,386.8
CBG.L,2026-09-28,390.6
CBK.DE,2026-09-22,41.52
CBK.DE,2026-09-23,41.39
CBK.DE,2026-09-24,41.07
CBK.DE,2026-09-25,42.19
CBK.DE,2026-09-28,42.48
CBOE,2026-09-21,271.43
CBOE,2026-09-22,266.83
CBOE,2026-09-23,268.87
CBOE,2026-09-24,267.57
CBOE,2026-09-25,258.03
CBRE,2026-09-21,143.21
CBRE,2026-09-22,141.05
CBRE,2026-09-23,136.41
CBRE,2026-09-24,136.53
CBRE,2026-09-25,134.55
CCC.L,2026-09-22,5565.0
CCC.L,2026-09-23,5480.0
CCC.L,2026-09-24,5240.0
CCC.L,2026-09-25,5410.0
CCC.L,2026-09-28,5355.0
CCEP.L,2026-09-22,7680.0
CCEP.L,2026-09-23,7585.0
CCEP.L,2026-09-24,7600.0
CCEP.L,2026-09-25,7620.0
CCEP.L,2026-09-28,7695.0
CCH.L,2026-09-22,4408.0
CCH.L,2026-09-23,4384.0
CCH.L,2026-09-24,4360.0
CCH.L,2026-09-25,4372.0
CCH.L,2026-09-28,4412.0
CCI,2026-09-21,73.22
CCI,2026-09-22,72.37
CCI,2026-09-23,70.23
CCI,2026-09-24,67.63
CCI,2026-09-25,67.84
CCL,2026-09-21,22.31
CCL,2026-09-22,22.28
CCL,2026-09-23,21.8
CCL,2026-09-24,21.79
CCL,2026-09-25,22.25
CDNS,2026-09-21,294.9
CDNS,2026-09-22,302.95
CDNS,2026-09-23,309.09
CDNS,2026-09-24,322.0
CDNS,2026-09-25,326.13
CDW,2026-09-21,146.41
CDW,2026-09-22,147.43
CDW,2026-09-23,146.16
CDW,2026-09-24,139.46
CDW,2026-09-25,135.43
CEG,2026-09-21,262.11
CEG,2026-09-22,263.46
CEG,2026-09-23,263.88
CEG,2026-09-24,261.62
CEG,2026-09-25,263.27
CF,2026-09-21,123.27
CF,2026-09-22,120.59
CF,2026-09-23,120.64
CF,2026-09-24,118.44
CF,2026-09-25,114.67
CFG,2026-09-21,67.36
CFG,2026-09-22,65.49
CFG,2026-09-23,64.61
CFG,2026-09-24,64.73
CFG,2026-09-25,65.53
CGT.L,2026-09-22,512.0
CGT.L,2026-09-23,513.0
CGT.L,2026-09-24,512.0
CGT.L,2026-09-25,512.0
CGT.L,2026-09-28,511.0
CHD,2026-09-21,95.49
CHD,2026-09-22,96.12
CHD,2026-09-23,96.02
CHD,2026-09-24,95.33
CHD,2026-09-25,96.38
CHG.L,2026-09-22,536.5
CHG.L,2026-09-23,545.5
CHG.L,2026-09-24,535.0
CHG.L,2026-09-25,535.5
CHG.L,2026-09-28,533.0
CHRW,2026-09-21,152.84
CHRW,2026-09-22,149.56
CHRW,2026-09-23,149.67
CHRW,2026-09-24,146.2
CHRW,2026-09-25,147.1
CHTR,2026-09-21,123.35
CHTR,2026-09-22,117.26
CHTR,2026-09-23,116.61
CHTR,2026-09-24,117.55
CHTR,2026-09-25,112.91
CI,2026-09-21,274.47
CI,2026-09-22,273.74
CI,2026-09-23,268.27
CI,2026-09-24,265.5
CI,2026-09-25,272.01
CIEN,2026-09-21,365.96
CIEN,2026-09-22,368.56
CIEN,2026-09-23,355.91
CIEN,2026-09-24,358.43
CIEN,2026-09-25,356.91
CINF,2026-09-21,166.85
CINF,2026-09-22,165.83
CINF,2026-09-23,162.57
CINF,2026-09-24,162.33
CINF,2026-09-25,162.54
CKN.L,2026-09-22,5095.0
CKN.L,2026-09-23,5105.0
CKN.L,2026-09-24,5125.0
CKN.L,2026-09-25,5150.0
CKN.L,2026-09-28,5120.0
CL,2026-09-21,86.26
CL,2026-09-22,87.05
CL,2026-09-23,85.93
CL,2026-09-24,85.32
CL,2026-09-25,86.06
CLDN.L,2026-09-22,386.0
CLDN.L,2026-09-23,383.0
CLDN.L,2026-09-24,379.0
CLDN.L,2026-09-25,380.5
CLDN.L,2026-09-28,379.5
CLX,2026-09-21,84.88
CLX,2026-09-22,87.15
CLX,2026-09-23,83.94
CLX,2026-09-24,81.8
CLX,2026-09-25,83.8
CMCSA,2026-09-21,22.93
CMCSA,2026-09-22,22.42
CMCSA,2026-09-23,22.55
CMCSA,2026-09-24,22.13
CMCSA,2026-09-25,21.91
CMCX.L,2026-09-22,692.0
CMCX.L,2026-09-23,686.0
CMCX.L,2026-09-24,669.0
CMCX.L,2026-09-25,677.0
CMCX.L,2026-09-28,661.0
CME,2026-09-21,275.53
CME,2026-09-22,267.21
CME,2026-09-23,270.8
CME,2026-09-24,268.91
CME,2026-09-25,264.48
CMG,2026-09-21,33.14
CMG,2026-09-22,32.63
CMG,2026-09-23,32.71
CMG,2026-09-24,32.01
CMG,2026-09-25,31.33
CMI,2026-09-21,534.78
CMI,2026-09-22,526.13
CMI,2026-09-23,524.65
CMI,2026-09-24,521.07
CMI,2026-09-25,525.06
CMS,2026-09-21,64.7
CMS,2026-09-22,64.27
CMS,2026-09-23,63.15
CMS,2026-09-24,62.77
CMS,2026-09-25,62.95
CNA.L,2026-09-22,150.4
CNA.L,2026-09-23,148.2
CNA.L,2026-09-24,149.3
CNA.L,2026-09-25,147.4
CNA.L,2026-09-28,147.388
CNC,2026-09-21,64.99
CNC,2026-09-22,63.3
CNC,2026-09-23,62.08
CNC,2026-09-24,61.92
CNC,2026-09-25,61.82
CNP,2026-09-21,37.99
CNP,2026-09-22,37.85
CNP,2026-09-23,37.16
CNP,2026-09-24,36.82
CNP,2026-09-25,36.84
COA.L,2026-09-22,80.6
COA.L,2026-09-23,80.05
COA.L,2026-09-24,80.9
COA.L,2026-09-25,81.15
COA.L,2026-09-28,83.45
COF,2026-09-21,204.92
COF,2026-09-22,200.55
COF,2026-09-23,196.1
COF,2026-09-24,196.61
COF,2026-09-25,200.2
COHR,2026-09-21,321.52
COHR,2026-09-22,310.39
COHR,2026-09-23,300.6
COHR,2026-09-24,290.61
COHR,2026-09-25,295.83
COIN,2026-09-21,201.05
COIN,2026-09-22,201.07
COIN,2026-09-23,198.13
COIN,2026-09-24,199.21
COIN,2026-09-25,195.11
CON.DE,2026-09-22,69.96
CON.DE,2026-09-23,69.82
CON.DE,2026-09-24,69.18
CON.DE,2026-09-25,69.0
CON.DE,2026-09-28,69.16
COO,2026-09-21,54.12
COO,2026-09-22,55.29
COO,2026-09-23,56.07
COO,2026-09-24,55.38
COO,2026-09-25,55.38
COP,2026-09-21,127.53
COP,2026-09-22,125.27
COP,2026-09-23,128.09
COP,2026-09-24,129.34
COP,2026-09-25,127.3
COR,2026-09-21,316.49
COR,2026-09-22,314.43
COR,2026-09-23,312.28
COR,2026-09-24,309.87
COR,2026-09-25,306.92
CORD.L,2026-09-22,126.5
CORD.L,2026-09-23,125.0
CORD.L,2026-09-24,125.0
CORD.L,2026-09-25,127.0
CORD.L,2026-09-28,126.999
COST,2026-09-21,898.48
COST,2026-09-22,899.41
COST,2026-09-23,904.7
COST,2026-09-24,896.48
COST,2026-09-25,922.77
COST.L,2026-09-22,255.5
COST.L,2026-09-23,253.0
COST.L,2026-09-24,254.0
COST.L,2026-09-25,256.0
COST.L,2026-09-28,261.5
CPAY,2026-09-21,397.22
CPAY,2026-09-22,392.95
CPAY,2026-09-23,395.16
CPAY,2026-09-24,400.32
CPAY,2026-09-25,398.11
CPG.L,2026-09-22,30.1
CPG.L,2026-09-23,30.2
CPG.L,2026-09-24,29.12
CPG.L,2026-09-25,29.44
CPG.L,2026-09-28,29.97
CPR.MI,2026-09-22,6.076
CPR.MI,2026-09-23,6.01
CPR.MI,2026-09-24,5.956
CPR.MI,2026-09-25,5.968
CPR.MI,2026-09-28,6.0
CPRT,2026-09-21,28.91
CPRT,2026-09-22,28.8
CPRT,2026-09-23,28.87
CPRT,2026-09-24,28.04
CPRT,2026-09-25,27.59
CPT,2026-09-21,98.82
CPT,2026-09-22,99.31
CPT,2026-09-23,97.68
CPT,2026-09-24,97.41
CPT,2026-09-25,98.12
CRDA.L,2026-09-22,3292.0
CRDA.L,2026-09-23,3251.0
CRDA.L,2026-09-24,3227.0
CRDA.L,2026-09-25,3236.0
CRDA.L,2026-09-28,3244.0
CRH,2026-09-21,87.14
CRH,2026-09-22,88.04
CRH,2026-09-23,85.23
CRH,2026-09-24,83.96
CRH,2026-09-25,85.04
CRL,2026-09-21,279.01
CRL,2026-09-22,285.11
CRL,2026-09-23,277.33
CRL,2026-09-24,294.44
CRL,2026-09-25,292.84
CRM,2026-09-21,236.42
CRM,2026-09-22,233.28
CRM,2026-09-23,237.58
CRM,2026-09-24,238.22
CRM,2026-09-25,234.02
CRWD,2026-09-21,249.35
CRWD,2026-09-22,250.06
CRWD,2026-09-23,262.49
CRWD,2026-09-24,259.67
CRWD,2026-09-25,252.13
CS.PA,2026-09-22,43.91
CS.PA,2026-09-23,43.21
CS.PA,2026-09-24,43.97
CS.PA,2026-09-25,44.0
CS.PA,2026-09-28,43.88
CSCO,2026-09-21,111.46
CSCO,2026-09-22,106.44
CSCO,2026-09-23,106.43
CSCO,2026-09-24,106.97
CSCO,2026-09-25,106.7
CSGP,2026-09-21,29.04
CSGP,2026-09-22,28.77
CSGP,2026-09-23,28.26
CSGP,2026-09-24,27.86
CSGP,2026-09-25,28.09
CSN.L,2026-09-22,355.5
CSN.L,2026-09-23,353.5
CSN.L,2026-09-24,351.0
CSN.L,2026-09-25,352.5
CSN.L,2026-09-28,356.625
CSX,2026-09-21,45.99
CSX,2026-09-22,46.59
CSX,2026-09-23,47.19
CSX,2026-09-24,46.95
CSX,2026-09-25,46.78
CTAS,2026-09-21,196.88
CTAS,2026-09-22,198.8
CTAS,2026-09-23,191.97
CTAS,2026-09-24,197.68
CTAS,2026-09-25,199.91
CTEC.L,2026-09-22,215.2
CTEC.L,2026-09-23,214.6
CTEC.L,2026-09-24,211.6
CTEC.L,2026-09-25,209.4
CTEC.L,2026-09-28,211.2
CTSH,2026-09-21,59.38
CTSH,2026-09-22,58.68
CTSH,2026-09-23,59.14
CTSH,2026-09-24,57.17
CTSH,2026-09-25,57.33
CTVA,2026-09-21,79.11
CTVA,2026-09-22,80.34
CTVA,2026-09-23,80.42
CTVA,2026-09-24,79.45
CTVA,2026-09-25,78.52
CTY.L,2026-09-22,581.0
CTY.L,2026-09-23,578.0
CTY.L,2026-09-24,579.0
CTY.L,2026-09-25,580.0
CTY.L,2026-09-28,583.379
CURY.L,2026-09-22,147.9
CURY.L,2026-09-23,146.4
CURY.L,2026-09-24,146.8
CURY.L,2026-09-25,146.1
CURY.L,2026-09-28,147.9
CVNA,2026-09-21,67.18
CVNA,2026-09-22,65.4
CVNA,2026-09-23,63.95
CVNA,2026-09-24,64.18
CVNA,2026-09-25,65.06
CVS,2026-09-21,87.6
CVS,2026-09-22,87.1
CVS,2026-09-23,85.86
CVS,2026-09-24,85.05
CVS,2026-09-25,89.13
CVSG.L,2026-09-22,1313.0
CVSG.L,2026-09-23,1302.0
CVSG.L,2026-09-24,1221.0
CVSG.L,2026-09-25,1208.0
CVSG.L,2026-09-28,1255.0
CVX,2026-09-21,203.67
CVX,2026-09-22,202.41
CVX,2026-09-23,205.51
CVX,2026-09-24,205.65
CVX,2026-09-25,204.45
CWK.L,2026-09-22,5160.0
CWK.L,2026-09-23,5010.0
CWK.L,2026-09-24,5080.0
CWK.L,2026-09-25,5030.0
CWK.L,2026-09-28,5080.0
CWR.L,2026-09-22,432.2
CWR.L,2026-09-23,434.2
CWR.L,2026-09-24,388.6
CWR.L,2026-09-25,417.8
CWR.L,2026-09-28,404.6
D,2026-09-21,62.82
D,2026-09-22,62.43
D,2026-09-23,61.17
D,2026-09-24,60.4
D,2026-09-25,60.68
DAL,2026-09-21,82.5
DAL,2026-09-22,83.92
DAL,2026-09-23,81.75
DAL,2026-09-24,82.76
DAL,2026-09-25,84.94
DASH,2026-09-21,193.83
DASH,2026-09-22,192.21
DASH,2026-09-23,189.27
DASH,2026-09-24,187.53
DASH,2026-09-25,193.36
DATA.L,2026-09-22,60.0
DATA.L,2026-09-23,59.5
DATA.L,2026-09-24,57.6
DATA.L,2026-09-25,58.0
DATA.L,2026-09-28,59.075
DB1.DE,2026-09-22,279.9
DB1.DE,2026-09-23,282.3
DB1.DE,2026-09-24,282.8
DB1.DE,2026-09-25,284.8
DB1.DE,2026-09-28,286.6
DBK.DE,2026-09-22,32.64
DBK.DE,2026-09-23,31.66
DBK.DE,2026-09-24,30.93
DBK.DE,2026-09-25,31.76
DBK.DE,2026-09-28,31.71
DCC.L,2026-09-22,6430.0
DCC.L,2026-09-23,6430.0
DCC.L,2026-09-24,6440.0
DCC.L,2026-09-25,6435.0
DCC.L,2026-09-28,6435.25
DD,2026-09-21,129.79
DD,2026-09-22,131.8
DD,2026-09-23,130.88
DD,2026-09-24,130.22
DD,2026-09-25,131.71
DDOG,2026-09-21,245.05
DDOG,2026-09-22,247.475
DDOG,2026-09-23,251.49
DDOG,2026-09-24,256.92
DDOG,2026-09-25,268.13
DE,2026-09-21,684.73
DE,2026-09-22,703.12
DE,2026-09-23,709.48
DE,2026-09-24,694.94
DE,2026-09-25,690.46
DECK,2026-09-21,80.23
DECK,2026-09-22,79.83
DECK,2026-09-23,78.59
DECK,2026-09-24,78.68
DECK,2026-09-25,78.67
DELL,2026-09-21,575.31
DELL,2026-09-22,548.92
DELL,2026-09-23,549.83
DELL,2026-09-24,536.02
DELL,2026-09-25,562.89
DG,2026-09-21,121.91
DG,2026-09-22,122.63
DG,2026-09-23,120.6
DG,2026-09-24,122.53
DG,2026-09-25,124.84
DG.PA,2026-09-22,112.3
DG.PA,2026-09-23,110.9
DG.PA,2026-09-24,110.5
DG.PA,2026-09-25,111.3
DG.PA,2026-09-28,111.2
DGE.L,2026-09-22,1638.5
DGE.L,2026-09-23,1620.5
DGE.L,2026-09-24,1642.5
DGE.L,2026-09-25,1642.0
DGE.L,2026-09-28,1645.095
DGX,2026-09-21,244.88
DGX,2026-09-22,234.76
DGX,2026-09-23,233.0
DGX,2026-09-24,236.59
DGX,2026-09-25,236.32
DHI,2026-09-21,139.25
DHI,2026-09-22,144.11
DHI,2026-09-23,140.17
DHI,2026-09-24,140.35
DHI,2026-09-25,141.51
DHL.DE,2026-09-22,58.62
DHL.DE,2026-09-23,57.3
DHL.DE,2026-09-24,56.48
DHL.DE,2026-09-25,57.2
DHL.DE,2026-09-28,57.04
DHR,2026-09-21,215.84
DHR,2026-09-22,221.09
DHR,2026-09-23,221.56
DHR,2026-09-24,223.77
DHR,2026-09-25,224.49
DIA.MI,2026-09-22,76.18
DIA.MI,2026-09-23,78.12
DIA.MI,2026-09-24,78.54
DIA.MI,2026-09-25,78.8
DIA.MI,2026-09-28,79.04
DIS,2026-09-21,104.23
DIS,2026-09-22,103.82
DIS,2026-09-23,103.46
DIS,2026-09-24,105.56
DIS,2026-09-25,106.15
DLN.L,2026-09-22,1835.0
DLN.L,2026-09-23,1794.0
DLN.L,2026-09-24,1792.0
DLN.L,2026-09-25,1810.0
DLN.L,2026-09-28,1821.0
DLR,2026-09-21,186.33
DLR,2026-09-22,185.65
DLR,2026-09-23,181.45
DLR,2026-09-24,181.0
DLR,2026-09-25,178.61
DLTR,2026-09-21,112.33
DLTR,2026-09-22,115.04
DLTR,2026-09-23,113.16
DLTR,2026-09-24,113.5
DLTR,2026-09-25,114.07
DNLM.L,2026-09-22,787.5
DNLM.L,2026-09-23,782.5
DNLM.L,2026-09-24,775.0
DNLM.L,2026-09-25,782.0
DNLM.L,2026-09-28,805.875
DOC,2026-09-21,20.72
DOC,2026-09-22,20.6
DOC,2026-09-23,20.48
DOC,2026-09-24,20.27
DOC,2026-09-25,20.31
DOCS.L,2026-09-22,68.0
DOCS.L,2026-09-23,67.1
DOCS.L,2026-09-24,67.6
DOCS.L,2026-09-25,67.8
DOCS.L,2026-09-28,69.1
DOM.L,2026-09-22,212.8
DOM.L,2026-09-23,205.2
DOM.L,2026-09-24,207.2
DOM.L,2026-09-25,209.2
DOM.L,2026-09-28,210.2
DOV,2026-09-21,186.09
DOV,2026-09-22,186.54
DOV,2026-09-23,189.03
DOV,2026-09-24,187.89
DOV,2026-09-25,191.88
DOW,2026-09-21,28.27
DOW,2026-09-22,28.2
DOW,2026-09-23,28.65
DOW,2026-09-24,28.56
DOW,2026-09-25,28.02
DPLM.L,2026-09-22,7625.0
DPLM.L,2026-09-23,7620.0
DPLM.L,2026-09-24,7715.0
DPLM.L,2026-09-25,7750.0
DPLM.L,2026-09-28,7785.0
DPZ,2026-09-21,295.94
DPZ,2026-09-22,297.12
DPZ,2026-09-23,296.43
DPZ,2026-09-24,293.03
DPZ,2026-09-25,292.14
DRI,2026-09-21,211.31
DRI,2026-09-22,213.54
DRI,2026-09-23,213.69
DRI,2026-09-24,207.24
DRI,2026-09-25,199.75
DRX.L,2026-09-22,827.5
DRX.L,2026-09-23,821.0
DRX.L,2026-09-24,807.5
DRX.L,2026-09-25,807.5
DRX.L,2026-09-28,813.5
DSCV.L,2026-09-22,821.0
DSCV.L,2026-09-23,823.0
DSCV.L,2026-09-24,803.0
DSCV.L,2026-09-25,813.0
DSCV.L,2026-09-28,820.0
DSY.PA,2026-09-22,20.98
DSY.PA,2026-09-23,21.21
DSY.PA,2026-09-24,21.17
DSY.PA,2026-09-25,21.07
DSY.PA,2026-09-28,21.25
DTE,2026-09-21,126.13
DTE,2026-09-22,125.41
DTE,2026-09-23,122.89
DTE,2026-09-24,121.18
DTE,2026-09-25,121.44
DTE.DE,2026-09-22,27.11
DTE.DE,2026-09-23,26.83
DTE.DE,2026-09-24,26.89
DTE.DE,2026-09-25,27.0
DTE.DE,2026-09-28,26.73
DTG.DE,2026-09-22,43.2
DTG.DE,2026-09-23,42.58
DTG.DE,2026-09-24,41.86
DTG.DE,2026-09-25,42.54
DTG.DE,2026-09-28,42.87
DUK,2026-09-21,116.74
DUK,2026-09-22,116.31
DUK,2026-09-23,114.17
DUK,2026-09-24,113.23
DUK,2026-09-25,113.35
DVA,2026-09-21,182.34
DVA,2026-09-22,183.72
DVA,2026-09-23,183.14
DVA,2026-09-24,174.67
DVA,2026-09-25,178.47
DVN,2026-09-21,47.59
DVN,2026-09-22,46.93
DVN,2026-09-23,48.04
DVN,2026-09-24,48.9
DVN,2026-09-25,47.05
DXCM,2026-09-21,89.17
DXCM,2026-09-22,89.53
DXCM,2026-09-23,87.73
DXCM,2026-09-24,87.47
DXCM,2026-09-25,86.62
EBAY,2026-09-21,108.3
EBAY,2026-09-22,109.28
EBAY,2026-09-23,109.09
EBAY,2026-09-24,107.83
EBAY,2026-09-25,107.9
ECHO,2026-09-21,95.36
ECHO,2026-09-22,95.46
ECHO,2026-09-23,92.72
ECHO,2026-09-24,90.38
ECHO,2026-09-25,90.11
ECL,2026-09-21,269.98
ECL,2026-09-22,276.22
ECL,2026-09-23,276.72
ECL,2026-09-24,275.37
ECL,2026-09-25,279.49
ED,2026-09-21,103.86
ED,2026-09-22,103.84
ED,2026-09-23,102.61
ED,2026-09-24,102.71
ED,2026-09-25,103.1
EDEN.PA,2026-09-22,27.99
EDEN.PA,2026-09-23,27.68
EDEN.PA,2026-09-24,27.43
EDEN.PA,2026-09-25,27.46
EDEN.PA,2026-09-28,27.65
EDIN.L,2026-09-22,842.0
EDIN.L,2026-09-23,834.0
EDIN.L,2026-09-24,831.0
EDIN.L,2026-09-25,829.0
EDIN.L,2026-09-28,832.81
EDV.L,2026-09-22,4720.0
EDV.L,2026-09-23,4596.0
EDV.L,2026-09-24,4452.0
EDV.L,2026-09-25,4525.0
EDV.L,2026-09-28,4315.0
EFX,2026-09-21,158.62
EFX,2026-09-22,159.78
EFX,2026-09-23,155.32
EFX,2026-09-24,148.8
EFX,2026-09-25,148.11
EG,2026-09-21,369.42
EG,2026-09-22,370.96
EG,2026-09-23,372.36
EG,2026-09-24,371.96
EG,2026-09-25,370.43
EIX,2026-09-21,54.95
EIX,2026-09-22,55.05
EIX,2026-09-23,53.51
EIX,2026-09-24,52.54
EIX,2026-09-25,52.65
EL,2026-09-21,96.34
EL,2026-09-22,100.29
EL,2026-09-23,98.83
EL,2026-09-24,95.37
EL,2026-09-25,94.47
EL.PA,2026-09-22,144.5
EL.PA,2026-09-23,149.95
EL.PA,2026-09-24,144.7
EL.PA,2026-09-25,143.9
EL.PA,2026-09-28,147.9
ELM.L,2026-09-22,176.0
ELM.L,2026-09-23,178.4
ELM.L,2026-09-24,175.6
ELM.L,2026-09-25,177.4
ELM.L,2026-09-28,176.4
ELV,2026-09-21,409.31
ELV,2026-09-22,402.43
ELV,2026-09-23,398.56
ELV,2026-09-24,398.25
ELV,2026-09-25,396.09
EME,2026-09-21,757.71
EME,2026-09-22,756.5
EME,2026-09-23,751.8
EME,2026-09-24,751.96
EME,2026-09-25,762.21
EMG.L,2026-09-22,340.0
EMG.L,2026-09-23,338.6
EMG.L,2026-09-24,332.6
EMG.L,2026-09-25,330.0
EMG.L,2026-09-28,333.0
EMR,2026-09-21,151.72
EMR,2026-09-22,154.19
EMR,2026-09-23,154.59
EMR,2026-09-24,156.14
EMR,2026-09-25,158.23
EN.PA,2026-09-22,43.61
EN.PA,2026-09-23,43.25
EN.PA,2026-09-24,43.0
EN.PA,2026-09-25,43.14
EN.PA,2026-09-28,43.24
ENEL.MI,2026-09-22,8.918
ENEL.MI,2026-09-23,8.826
ENEL.MI,2026-09-24,8.821
ENEL.MI,2026-09-25,8.913
ENEL.MI,2026-09-28,8.845
ENGI.PA,2026-09-22,23.8
ENGI.PA,2026-09-23,23.64
ENGI.PA,2026-09-24,23.42
ENGI.PA,2026-09-25,23.35
ENGI.PA,2026-09-28,23.37
ENI.MI,2026-09-22,23.38
ENI.MI,2026-09-23,24.04
ENI.MI,2026-09-24,24.375
ENI.MI,2026-09-25,24.09
ENI.MI,2026-09-28,24.555
ENOG.L,2026-09-22,755.5
ENOG.L,2026-09-23,771.0
ENOG.L,2026-09-24,748.5
ENOG.L,2026-09-25,718.0
ENOG.L,2026-09-28,729.0
ENR.DE,2026-09-22,145.86
ENR.DE,2026-09-23,144.54
ENR.DE,2026-09-24,142.1
ENR.DE,2026-09-25,142.6
ENR.DE,2026-09-28,143.14
ENT.L,2026-09-22,476.7
ENT.L,2026-09-23,459.6
ENT.L,2026-09-24,446.1
ENT.L,2026-09-25,449.6
ENT.L,2026-09-28,431.7
EOAN.DE,2026-09-22,17.47
EOAN.DE,2026-09-23,17.115
EOAN.DE,2026-09-24,17.2
EOAN.DE,2026-09-25,17.185
EOAN.DE,2026-09-28,17.255
EOG,2026-09-21,141.38
EOG,2026-09-22,139.52
EOG,2026-09-23,141.84
EOG,2026-09-24,142.86
EOG,2026-09-25,140.35
EQIX,2026-09-21,1057.26
EQIX,2026-09-22,1059.26
EQIX,2026-09-23,1037.66
EQIX,2026-09-24,1034.76
EQIX,2026-09-25,1008.08
EQT,2026-09-21,50.13
EQT,2026-09-22,50.81
EQT,2026-09-23,51.06
EQT,2026-09-24,51.87
EQT,2026-09-25,50.81
ERF.PA,2026-09-22,78.96
ERF.PA,2026-09-23,76.16
ERF.PA,2026-09-24,77.72
ERF.PA,2026-09-25,77.36
ERF.PA,2026-09-28,78.42
ERIE,2026-09-21,235.95
ERIE,2026-09-22,234.38
ERIE,2026-09-23,225.77
ERIE,2026-09-24,218.96
ERIE,2026-09-25,222.86
ES,2026-09-21,66.89
ES,2026-09-22,66.38
ES,2026-09-23,64.91
ES,2026-09-24,63.8
ES,2026-09-25,63.67
ESCT.L,2026-09-22,237.5
ESCT.L,2026-09-23,237.0
ESCT.L,2026-09-24,236.0
ESCT.L,2026-09-25,235.5
ESCT.L,2026-09-28,234.569
ESS,2026-09-21,271.39
ESS,2026-09-22,274.76
ESS,2026-09-23,273.47
ESS,2026-09-24,271.65
ESS,2026-09-25,271.61
ETN,2026-09-21,435.43
ETN,2026-09-22,442.49
ETN,2026-09-23,438.76
ETN,2026-09-24,440.0
ETN,2026-09-25,439.98
ETR,2026-09-21,101.58
ETR,2026-09-22,101.16
ETR,2026-09-23,99.23
ETR,2026-09-24,98.16
ETR,2026-09-25,98.57
EVRG,2026-09-21,79.26
EVRG,2026-09-22,79.27
EVRG,2026-09-23,78.42
EVRG,2026-09-24,77.66
EVRG,2026-09-25,78.04
EW,2026-09-21,88.34
EW,2026-09-22,88.78
EW,2026-09-23,86.82
EW,2026-09-24,85.73
EW,2026-09-25,86.29
EWG.L,2026-09-22,94.1
EWG.L,2026-09-23,94.6
EWG.L,2026-09-24,93.0
EWG.L,2026-09-25,93.8
EWG.L,2026-09-28,95.0
EWI.L,2026-09-22,277.5
EWI.L,2026-09-23,277.5
EWI.L,2026-09-24,276.5
EWI.L,2026-09-25,277.5
EWI.L,2026-09-28,279.0
EXC,2026-09-21,41.98
EXC,2026-09-22,41.8
EXC,2026-09-23,40.69
EXC,2026-09-24,40.2
EXC,2026-09-25,40.34
EXE,2026-09-21,87.65
EXE,2026-09-22,87.03
EXE,2026-09-23,87.04
EXE,2026-09-24,88.62
EXE,2026-09-25,86.84
EXPD,2026-09-21,192.15
EXPD,2026-09-22,187.51
EXPD,2026-09-23,188.03
EXPD,2026-09-24,183.66
EXPD,2026-09-25,187.46
EXPE,2026-09-21,281.02
EXPE,2026-09-22,280.7
EXPE,2026-09-23,259.04
EXPE,2026-09-24,261.75
EXPE,2026-09-25,264.17
EXPN.L,2026-09-22,2675.0
EXPN.L,2026-09-23,2684.0
EXPN.L,2026-09-24,2636.0
EXPN.L,2026-09-25,2610.0
EXPN.L,2026-09-28,2571.0
EXR,2026-09-21,137.46
EXR,2026-09-22,134.99
EXR,2026-09-23,133.84
EXR,2026-09-24,132.23
EXR,2026-09-25,133.35
EZJ.L,2026-09-22,672.0
EZJ.L,2026-09-23,670.6
EZJ.L,2026-09-24,670.0
EZJ.L,2026-09-25,675.0
EZJ.L,2026-09-28,673.8
F,2026-09-21,13.17
F,2026-09-22,13.1
F,2026-09-23,12.94
F,2026-09-24,12.6
F,2026-09-25,12.71
FAN.L,2026-09-22,655.0
FAN.L,2026-09-23,648.0
FAN.L,2026-09-24,638.0
FAN.L,2026-09-25,639.0
FAN.L,2026-09-28,656.0
FANG,2026-09-21,189.27
FANG,2026-09-22,184.5
FANG,2026-09-23,185.65
FANG,2026-09-24,189.01
FANG,2026-09-25,186.67
FAST,2026-09-21,49.65
FAST,2026-09-22,50.08
FAST,2026-09-23,50.99
FAST,2026-09-24,50.73
FAST,2026-09-25,50.43
FBK.MI,2026-09-22,22.45
FBK.MI,2026-09-23,22.45
FBK.MI,2026-09-24,21.9
FBK.MI,2026-09-25,21.86
FBK.MI,2026-09-28,21.87
FCH.L,2026-09-22,191.2
FCH.L,2026-09-23,186.4
FCH.L,2026-09-24,180.0
FCH.L,2026-09-25,183.4
FCH.L,2026-09-28,183.4
FCIT.L,2026-09-22,345.8
FCIT.L,2026-09-23,344.8
FCIT.L,2026-09-24,343.2
FCIT.L,2026-09-25,345.4
FCIT.L,2026-09-28,345.293
FCSS.L,2026-09-22,257.0
FCSS.L,2026-09-23,255.0
FCSS.L,2026-09-24,253.5
FCSS.L,2026-09-25,253.5
FCSS.L,2026-09-28,252.775
FCT.MI,2026-09-22,12.41
FCT.MI,2026-09-23,12.435
FCT.MI,2026-09-24,11.755
FCT.MI,2026-09-25,11.78
FCT.MI,2026-09-28,11.67
FCX,2026-09-21,72.16
FCX,2026-09-22,74.35
FCX,2026-09-23,72.58
FCX,2026-09-24,72.08
FCX,2026-09-25,72.31
FDS,2026-09-21,284.1
FDS,2026-09-22,276.42
FDS,2026-09-23,279.43
FDS,2026-09-24,271.25
FDS,2026-09-25,273.08
FDX,2026-09-21,295.79
FDX,2026-09-22,295.94
FDX,2026-09-23,291.5
FDX,2026-09-24,279.54
FDX,2026-09-25,285.85
FDXF,2026-09-21,117.6
FDXF,2026-09-22,119.0
FDXF,2026-09-23,119.22
FDXF,2026-09-24,113.81
FDXF,2026-09-25,113.18
FE,2026-09-21,44.97
FE,2026-09-22,44.73
FE,2026-09-23,43.65
FE,2026-09-24,43.19
FE,2026-09-25,43.3
FEML.L,2026-09-22,1502.0
FEML.L,2026-09-23,1520.0
FEML.L,2026-09-24,1516.0
FEML.L,2026-09-25,1522.0
FEML.L,2026-09-28,1513.981
FERG,2026-09-21,216.14
FERG,2026-09-22,221.17
FERG,2026-09-23,221.17
FERG,2026-09-24,220.17
FERG,2026-09-25,222.74
FEV.L,2026-09-22,427.0
FEV.L,2026-09-23,425.0
FEV.L,2026-09-24,425.0
FEV.L,2026-09-25,423.5
FEV.L,2026-09-28,424.0
FFIV,2026-09-21,450.1
FFIV,2026-09-22,453.33
FFIV,2026-09-23,455.99
FFIV,2026-09-24,446.55
FFIV,2026-09-25,443.06
FGEN.L,2026-09-22,87.8
FGEN.L,2026-09-23,88.0
FGEN.L,2026-09-24,88.2
FGEN.L,2026-09-25,87.3
FGEN.L,2026-09-28,88.2
FGP.L,2026-09-22,172.8
FGP.L,2026-09-23,172.4
FGP.L,2026-09-24,175.1
FGP.L,2026-09-25,177.5
FGP.L,2026-09-28,181.5
FGT.L,2026-09-22,785.0
FGT.L,2026-09-23,783.0
FGT.L,2026-09-24,779.0
FGT.L,2026-09-25,778.0
FGT.L,2026-09-28,777.0
FICO,2026-09-21,924.52
FICO,2026-09-22,914.48
FICO,2026-09-23,879.62
FICO,2026-09-24,856.48
FICO,2026-09-25,863.09
FIS,2026-09-21,35.19
FIS,2026-09-22,34.96
FIS,2026-09-23,34.67
FIS,2026-09-24,34.99
FIS,2026-09-25,35.41
FISV,2026-09-21,46.47
FISV,2026-09-22,46.1
FISV,2026-09-23,45.95
FISV,2026-09-24,45.98
FISV,2026-09-25,46.48
FITB,2026-09-21,53.31
FITB,2026-09-22,52.76
FITB,2026-09-23,51.69
FITB,2026-09-24,51.46
FITB,2026-09-25,52.1
FIX,2026-09-21,1632.59
FIX,2026-09-22,1625.13
FIX,2026-09-23,1625.9
FIX,2026-09-24,1643.39
FIX,2026-09-25,1658.91
FLEX,2026-09-21,111.61
FLEX,2026-09-22,114.45
FLEX,2026-09-23,112.3
FLEX,2026-09-24,112.4
FLEX,2026-09-25,114.68
FME.DE,2026-09-22,39.3
FME.DE,2026-09-23,39.6
FME.DE,2026-09-24,39.35
FME.DE,2026-09-25,39.8
FME.DE,2026-09-28,40.47
FOUR.L,2026-09-22,4470.0
FOUR.L,2026-09-23,4506.0
FOUR.L,2026-09-24,4528.0
FOUR.L,2026-09-25,4516.0
FOUR.L,2026-09-28,4544.0
FOX,2026-09-21,57.9
FOX,2026-09-22,57.32
FOX,2026-09-23,56.96
FOX,2026-09-24,57.2
FOX,2026-09-25,56.54
FOXA,2026-09-21,64.79
FOXA,2026-09-22,64.25
FOXA,2026-09-23,63.96
FOXA,2026-09-24,63.84
FOXA,2026-09-25,63.07
FRAS.L,2026-09-22,796.5
FRAS.L,2026-09-23,791.0
FRAS.L,2026-09-24,795.0
FRAS.L,2026-09-25,805.0
FRAS.L,2026-09-28,811.5
FRE.DE,2026-09-22,45.57
FRE.DE,2026-09-23,46.24
FRE.DE,2026-09-24,45.735
FRE.DE,2026-09-25,46.15
FRE.DE,2026-09-28,47.18
FRES.L,2026-09-22,2994.0
FRES.L,2026-09-23,2889.0
FRES.L,2026-09-24,2823.0
FRES.L,2026-09-25,2890.0
FRES.L,2026-09-28,2712.959
FRT,2026-09-21,110.63
FRT,2026-09-22,110.46
FRT,2026-09-23,109.39
FRT,2026-09-24,110.35
FRT,2026-09-25,110.52
FSG.L,2026-09-22,442.0
FSG.L,2026-09-23,440.5
FSG.L,2026-09-24,426.0
FSG.L,2026-09-25,430.5
FSG.L,2026-09-28,436.5
FSLR,2026-09-21,199.84
FSLR,2026-09-22,200.78
FSLR,2026-09-23,191.97
FSLR,2026-09-24,172.16
FSLR,2026-09-25,177.71
FSV.L,2026-09-22,465.0
FSV.L,2026-09-23,460.0
FSV.L,2026-09-24,459.0
FSV.L,2026-09-25,461.0
FSV.L,2026-09-28,463.5
FTNT,2026-09-21,175.23
FTNT,2026-09-22,174.26
FTNT,2026-09-23,178.74
FTNT,2026-09-24,178.67
FTNT,2026-09-25,173.46
FTSEMIB.MI,2026-09-22,52096.0
FTSEMIB.MI,2026-09-23,51987.0
FTSEMIB.MI,2026-09-24,51543.0
FTSEMIB.MI,2026-09-25,51867.0
FTSEMIB.MI,2026-09-28,51943.9102
FTV,2026-09-21,55.09
FTV,2026-09-22,55.95
FTV,2026-09-23,56.26
FTV,2026-09-24,55.44
FTV,2026-09-25,56.09
G.MI,2026-09-22,44.26
G.MI,2026-09-23,43.24
G.MI,2026-09-24,43.32
G.MI,2026-09-25,43.72
G.MI,2026-09-28,43.57
G1A.DE,2026-09-22,67.35
G1A.DE,2026-09-23,66.5
G1A.DE,2026-09-24,66.05
G1A.DE,2026-09-25,66.65
G1A.DE,2026-09-28,66.85
G24.DE,2026-09-22,74.7
G24.DE,2026-09-23,70.8
G24.DE,2026-09-24,68.5
G24.DE,2026-09-25,67.35
G24.DE,2026-09-28,67.15
GAMA.L,2026-09-22,1119.0
GAMA.L,2026-09-23,1111.0
GAMA.L,2026-09-24,1120.0
GAMA.L,2026-09-25,1122.0
GAMA.L,2026-09-28,1121.0
GAW.L,2026-09-22,18110.0
GAW.L,2026-09-23,17730.0
GAW.L,2026-09-24,17430.0
GAW.L,2026-09-25,17570.0
GAW.L,2026-09-28,17740.0
GCP.L,2026-09-22,85.1
GCP.L,2026-09-23,84.5
GCP.L,2026-09-24,84.4
GCP.L,2026-09-25,85.0
GCP.L,2026-09-28,84.5459
GD,2026-09-21,353.9
GD,2026-09-22,343.39
GD,2026-09-23,343.33
GD,2026-09-24,336.29
GD,2026-09-25,336.72
GDDY,2026-09-21,104.77
GDDY,2026-09-22,98.24
GDDY,2026-09-23,96.38
GDDY,2026-09-24,100.81
GDDY,2026-09-25,97.14
GDWN.L,2026-09-22,13660.0
GDWN.L,2026-09-23,14100.0
GDWN.L,2026-09-24,14000.0
GDWN.L,2026-09-25,14060.0
GDWN.L,2026-09-28,13900.0
GE,2026-09-21,319.01
GE,2026-09-22,319.22
GE,2026-09-23,319.8
GE,2026-09-24,319.78
GE,2026-09-25,327.09
GEHC,2026-09-21,64.81
GEHC,2026-09-22,66.27
GEHC,2026-09-23,66.09
GEHC,2026-09-24,66.38
GEHC,2026-09-25,66.63
GEN,2026-09-21,29.15
GEN,2026-09-22,27.29
GEN,2026-09-23,26.23
GEN,2026-09-24,23.07
GEN,2026-09-25,21.62
GEN.L,2026-09-22,268.6
GEN.L,2026-09-23,265.6
GEN.L,2026-09-24,262.2
GEN.L,2026-09-25,265.8
GEN.L,2026-09-28,296.6
GEV,2026-09-21,946.22
GEV,2026-09-22,950.28
GEV,2026-09-23,951.82
GEV,2026-09-24,955.04
GEV,2026-09-25,957.63
GFRD.L,2026-09-22,704.0
GFRD.L,2026-09-23,701.0
GFRD.L,2026-09-24,704.0
GFRD.L,2026-09-25,698.0
GFRD.L,2026-09-28,708.48
GFTU.L,2026-09-22,982.1
GFTU.L,2026-09-23,977.5
GFTU.L,2026-09-24,959.9
GFTU.L,2026-09-25,963.9
GFTU.L,2026-09-28,1001.4
GILD,2026-09-21,150.56
GILD,2026-09-22,152.67
GILD,2026-09-23,151.37
GILD,2026-09-24,149.69
GILD,2026-09-25,150.93
GIS,2026-09-21,35.41
GIS,2026-09-22,35.45
GIS,2026-09-23,35.82
GIS,2026-09-24,34.83
GIS,2026-09-25,33.64
GL,2026-09-21,172.16
GL,2026-09-22,169.43
GL,2026-09-23,168.75
GL,2026-09-24,167.32
GL,2026-09-25,167.04
GLE.PA,2026-09-22,72.19
GLE.PA,2026-09-23,72.25
GLE.PA,2026-09-24,69.87
GLE.PA,2026-09-25,72.31
GLE.PA,2026-09-28,71.86
GLEN.L,2026-09-22,545.6
GLEN.L,2026-09-23,552.5
GLEN.L,2026-09-24,549.0
GLEN.L,2026-09-25,561.1
GLEN.L,2026-09-28,549.7
GLW,2026-09-21,158.98
GLW,2026-09-22,159.69
GLW,2026-09-23,154.48
GLW,2026-09-24,154.15
GLW,2026-09-25,156.74
GM,2026-09-21,83.95
GM,2026-09-22,83.45
GM,2026-09-23,83.77
GM,2026-09-24,80.57
GM,2026-09-25,82.63
GNC.L,2026-09-22,245.8
GNC.L,2026-09-23,244.0
GNC.L,2026-09-24,245.2
GNC.L,2026-09-25,247.8
GNC.L,2026-09-28,247.6
GNRC,2026-09-21,204.96
GNRC,2026-09-22,206.17
GNRC,2026-09-23,199.42
GNRC,2026-09-24,198.05
GNRC,2026-09-25,208.14
GNS.L,2026-09-22,2132.0
GNS.L,2026-09-23,2112.0
GNS.L,2026-09-24,2074.0
GNS.L,2026-09-25,2092.0
GNS.L,2026-09-28,2126.0
GOOG,2026-09-21,350.87
GOOG,2026-09-22,347.41
GOOG,2026-09-23,334.98
GOOG,2026-09-24,339.01
GOOG,2026-09-25,341.08
GOOGL,2026-09-21,354.97
GOOGL,2026-09-22,351.16
GOOGL,2026-09-23,337.83
GOOGL,2026-09-24,342.36
GOOGL,2026-09-25,343.92
GPC,2026-09-21,126.45
GPC,2026-09-22,129.59
GPC,2026-09-23,128.76
GPC,2026-09-24,129.26
GPC,2026-09-25,129.61
GPE.L,2026-09-22,307.0
GPE.L,2026-09-23,303.8
GPE.L,2026-09-24,305.4
GPE.L,2026-09-25,307.4
GPE.L,2026-09-28,310.125
GPN,2026-09-21,85.29
GPN,2026-09-22,84.78
GPN,2026-09-23,84.0
GPN,2026-09-24,85.31
GPN,2026-09-25,86.49
GRG.L,2026-09-22,1850.0
GRG.L,2026-09-23,1794.0
GRG.L,2026-09-24,1789.0
GRG.L,2026-09-25,1861.0
GRG.L,2026-09-28,1845.0
GRI.L,2026-09-22,167.1
GRI.L,2026-09-23,164.7
GRI.L,2026-09-24,164.0
GRI.L,2026-09-25,163.3
GRI.L,2026-09-28,165.8
GRMN,2026-09-21,280.31
GRMN,2026-09-22,284.67
GRMN,2026-09-23,287.58
GRMN,2026-09-24,295.04
GRMN,2026-09-25,294.14
GROW.L,2026-09-22,674.5
GROW.L,2026-09-23,677.0
GROW.L,2026-09-24,662.5
GROW.L,2026-09-25,670.5
GROW.L,2026-09-28,675.0
GS,2026-09-21,959.39
GS,2026-09-22,949.49
GS,2026-09-23,936.36
GS,2026-09-24,923.29
GS,2026-09-25,935.45
GSCT.L,2026-09-22,190.2
GSCT.L,2026-09-23,190.8
GSCT.L,2026-09-24,190.4
GSCT.L,2026-09-25,190.8
GSCT.L,2026-09-28,190.86
GSK.L,2026-09-22,1906.0
GSK.L,2026-09-23,1886.0
GSK.L,2026-09-24,1877.0
GSK.L,2026-09-25,1851.0
GSK.L,2026-09-28,1847.865
GWW,2026-09-21,1277.79
GWW,2026-09-22,1268.62
GWW,2026-09-23,1270.67
GWW,2026-09-24,1279.47
GWW,2026-09-25,1243.0699
HAL,2026-09-21,33.39
HAL,2026-09-22,32.85
HAL,2026-09-23,33.01
HAL,2026-09-24,32.76
HAL,2026-09-25,32.76
HANA.L,2026-09-22,334.0
HANA.L,2026-09-23,336.0
HANA.L,2026-09-24,338.0
HANA.L,2026-09-25,338.0
HANA.L,2026-09-28,336.368
HAS,2026-09-21,87.72
HAS,2026-09-22,86.91
HAS,2026-09-23,86.52
HAS,2026-09-24,86.81
HAS,2026-09-25,88.09
HAS.L,2026-09-22,63.0
HAS.L,2026-09-23,64.4
HAS.L,2026-09-24,63.35
HAS.L,2026-09-25,63.95
HAS.L,2026-09-28,64.25
HBAN,2026-09-21,16.04
HBAN,2026-09-22,15.69
HBAN,2026-09-23,15.38
HBAN,2026-09-24,15.31
HBAN,2026-09-25,15.64
HBR.L,2026-09-22,269.8
HBR.L,2026-09-23,273.6
HBR.L,2026-09-24,280.6
HBR.L,2026-09-25,267.6
HBR.L,2026-09-28,272.0
HCA,2026-09-21,425.97
HCA,2026-09-22,438.12
HCA,2026-09-23,436.48
HCA,2026-09-24,423.48
HCA,2026-09-25,435.61
HD,2026-09-21,297.2
HD,2026-09-22,305.35
HD,2026-09-23,296.72
HD,2026-09-24,292.18
HD,2026-09-25,293.2
HEI.DE,2026-09-22,147.3
HEI.DE,2026-09-23,145.45
HEI.DE,2026-09-24,143.1
HEI.DE,2026-09-25,144.0
HEI.DE,2026-09-28,144.85
HEN3.DE,2026-09-22,75.18
HEN3.DE,2026-09-23,74.26
HEN3.DE,2026-09-24,74.12
HEN3.DE,2026-09-25,73.74
HEN3.DE,2026-09-28,74.36
HER.MI,2026-09-22,3.636
HER.MI,2026-09-23,3.588
HER.MI,2026-09-24,3.576
HER.MI,2026-09-25,3.554
HER.MI,2026-09-28,3.548
HFD.L,2026-09-22,259.5
HFD.L,2026-09-23,258.5
HFD.L,2026-09-24,257.0
HFD.L,2026-09-25,258.5
HFD.L,2026-09-28,259.0
HFEL.L,2026-09-22,272.0
HFEL.L,2026-09-23,272.0
HFEL.L,2026-09-24,271.5
HFEL.L,2026-09-25,273.0
HFEL.L,2026-09-28,272.1178
HFG.L,2026-09-22,701.5
HFG.L,2026-09-23,691.0
HFG.L,2026-09-24,693.5
HFG.L,2026-09-25,700.5
HFG.L,2026-09-28,709.41
HGT.L,2026-09-22,399.0
HGT.L,2026-09-23,384.0
HGT.L,2026-09-24,383.0
HGT.L,2026-09-25,379.0
HGT.L,2026-09-28,383.0
HICL.L,2026-09-22,135.0
HICL.L,2026-09-23,134.6
HICL.L,2026-09-24,133.0
HICL.L,2026-09-25,133.6
HICL.L,2026-09-28,133.4989
HIG,2026-09-21,130.73
HIG,2026-09-22,128.73
HIG,2026-09-23,126.59
HIG,2026-09-24,125.69
HIG,2026-09-25,124.23
HII,2026-09-21,276.1
HII,2026-09-22,270.95
HII,2026-09-23,269.8
HII,2026-09-24,266.0
HII,2026-09-25,264.02
HIK.L,2026-09-22,1606.0
HIK.L,2026-09-23,1595.0
HIK.L,2026-09-24,1625.0
HIK.L,2026-09-25,1590.0
HIK.L,2026-09-28,1597.0
HILS.L,2026-09-22,3140.0
HILS.L,2026-09-23,3155.0
HILS.L,2026-09-24,3140.0
HILS.L,2026-09-25,3250.0
HILS.L,2026-09-28,3315.0
HLMA.L,2026-09-22,3582.0
HLMA.L,2026-09-23,3584.0
HLMA.L,2026-09-24,3504.0
HLMA.L,2026-09-25,3484.0
HLMA.L,2026-09-28,3508.0
HLN.L,2026-09-22,342.6
HLN.L,2026-09-23,341.6
HLN.L,2026-09-24,344.9
HLN.L,2026-09-25,342.7
HLN.L,2026-09-28,340.9
HLT,2026-09-21,307.08
HLT,2026-09-22,308.44
HLT,2026-09-23,307.22
HLT,2026-09-24,312.13
HLT,2026-09-25,313.96
HMSO.L,2026-09-22,348.8
HMSO.L,2026-09-23,342.4
HMSO.L,2026-09-24,347.0
HMSO.L,2026-09-25,344.6
HMSO.L,2026-09-28,345.8
HNR1.DE,2026-09-22,252.6
HNR1.DE,2026-09-23,253.4
HNR1.DE,2026-09-24,259.0
HNR1.DE,2026-09-25,257.8
HNR1.DE,2026-09-28,258.4
HO.PA,2026-09-22,236.1
HO.PA,2026-09-23,238.7
HO.PA,2026-09-24,232.2
HO.PA,2026-09-25,229.4
HO.PA,2026-09-28,227.6
HOC.L,2026-09-22,596.5
HOC.L,2026-09-23,581.0
HOC.L,2026-09-24,558.5
HOC.L,2026-09-25,570.5
HOC.L,2026-09-28,532.0105
HON,2026-09-21,206.48
HON,2026-09-22,211.85
HON,2026-09-23,212.57
HON,2026-09-24,211.79
HON,2026-09-25,212.55
HONA,2026-09-21,169.03
HONA,2026-09-22,167.32
HONA,2026-09-23,163.33
HONA,2026-09-24,158.46
HONA,2026-09-25,158.78
HOOD,2026-09-21,123.3
HOOD,2026-09-22,124.25
HOOD,2026-09-23,122.7
HOOD,2026-09-24,120.82
HOOD,2026-09-25,119.4
HPE,2026-09-21,61.75
HPE,2026-09-22,61.03
HPE,2026-09-23,62.33
HPE,2026-09-24,63.52
HPE,2026-09-25,62.94
HPQ,2026-09-21,32.95
HPQ,2026-09-22,32.04
HPQ,2026-09-23,32.16
HPQ,2026-09-24,31.14
HPQ,2026-09-25,31.3
HRI.L,2026-09-22,2930.0
HRI.L,2026-09-23,2935.0
HRI.L,2026-09-24,2910.0
HRI.L,2026-09-25,2950.0
HRI.L,2026-09-28,2957.0
HRL,2026-09-21,20.46
HRL,2026-09-22,20.33
HRL,2026-09-23,19.92
HRL,2026-09-24,19.84
HRL,2026-09-25,19.71
HSBA.L,2026-09-22,1509.4
HSBA.L,2026-09-23,1514.6
HSBA.L,2026-09-24,1499.8
HSBA.L,2026-09-25,1512.2
HSBA.L,2026-09-28,1526.0
HSIC,2026-09-21,85.2
HSIC,2026-09-22,87.43
HSIC,2026-09-23,85.05
HSIC,2026-09-24,85.53
HSIC,2026-09-25,86.37
HSL.L,2026-09-22,972.0
HSL.L,2026-09-23,967.0
HSL.L,2026-09-24,962.0
HSL.L,2026-09-25,964.0
HSL.L,2026-09-28,972.0
HST,2026-09-21,22.31
HST,2026-09-22,22.28
HST,2026-09-23,22.15
HST,2026-09-24,22.21
HST,2026-09-25,22.42
HSX.L,2026-09-22,1904.0
HSX.L,2026-09-23,1873.0
HSX.L,2026-09-24,1873.0
HSX.L,2026-09-25,1873.0
HSX.L,2026-09-28,1871.0
HSY,2026-09-21,167.9
HSY,2026-09-22,168.46
HSY,2026-09-23,168.45
HSY,2026-09-24,166.88
HSY,2026-09-25,166.37
HTG.L,2026-09-22,382.5
HTG.L,2026-09-23,391.5
HTG.L,2026-09-24,393.5
HTG.L,2026-09-25,390.0
HTG.L,2026-09-28,395.0
HTWS.L,2026-09-22,211.0
HTWS.L,2026-09-23,214.0
HTWS.L,2026-09-24,211.8
HTWS.L,2026-09-25,211.8
HTWS.L,2026-09-28,212.6
HUBB,2026-09-21,457.49
HUBB,2026-09-22,458.83
HUBB,2026-09-23,463.7
HUBB,2026-09-24,465.88
HUBB,2026-09-25,466.62
HUM,2026-09-21,378.58
HUM,2026-09-22,372.0
HUM,2026-09-23,374.78
HUM,2026-09-24,380.32
HUM,2026-09-25,397.93
HVPE.L,2026-09-22,3290.0
HVPE.L,2026-09-23,3305.0
HVPE.L,2026-09-24,3335.0
HVPE.L,2026-09-25,3335.0
HVPE.L,2026-09-28,3350.0
HWDN.L,2026-09-22,771.0
HWDN.L,2026-09-23,763.5
HWDN.L,2026-09-24,756.0
HWDN.L,2026-09-25,759.0
HWDN.L,2026-09-28,794.5
HWG.L,2026-09-22,178.2
HWG.L,2026-09-23,178.0
HWG.L,2026-09-24,178.0
HWG.L,2026-09-25,187.0
HWG.L,2026-09-28,187.0
HWM,2026-09-21,227.37
HWM,2026-09-22,225.36
HWM,2026-09-23,228.78
HWM,2026-09-24,229.38
HWM,2026-09-25,232.48
IAD.L,2026-09-22,509.0
IAD.L,2026-09-23,509.0
IAD.L,2026-09-24,506.0
IAD.L,2026-09-25,508.0
IAD.L,2026-09-28,503.647
IAG.L,2026-09-22,439.1
IAG.L,2026-09-23,435.3
IAG.L,2026-09-24,428.2
IAG.L,2026-09-25,436.2
IAG.L,2026-09-28,437.2
IBE.MC,2026-09-22,20.37
IBE.MC,2026-09-23,20.12
IBE.MC,2026-09-24,20.25
IBE.MC,2026-09-25,20.33
IBE.MC,2026-09-28,20.41
IBKR,2026-09-21,93.21
IBKR,2026-09-22,91.88
IBKR,2026-09-23,91.56
IBKR,2026-09-24,89.82
IBKR,2026-09-25,89.24
IBM,2026-09-21,231.93
IBM,2026-09-22,231.38
IBM,2026-09-23,232.76
IBM,2026-09-24,227.06
IBM,2026-09-25,225.51
ICE,2026-09-21,155.37
ICE,2026-09-22,152.93
ICE,2026-09-23,156.35
ICE,2026-09-24,156.93
ICE,2026-09-25,154.31
ICG.L,2026-09-22,1908.0
ICG.L,2026-09-23,1900.0
ICG.L,2026-09-24,1842.0
ICG.L,2026-09-25,1857.0
ICG.L,2026-09-28,1858.5
ICGT.L,2026-09-22,1402.0
ICGT.L,2026-09-23,1380.0
ICGT.L,2026-09-24,1380.0
ICGT.L,2026-09-25,1386.0
ICGT.L,2026-09-28,1380.266
IDXX,2026-09-21,515.3
IDXX,2026-09-22,521.5
IDXX,2026-09-23,522.02
IDXX,2026-09-24,513.39
IDXX,2026-09-25,519.26
IEX,2026-09-21,222.53
IEX,2026-09-22,225.69
IEX,2026-09-23,229.67
IEX,2026-09-24,228.5
IEX,2026-09-25,230.08
IFF,2026-09-21,83.6
IFF,2026-09-22,85.79
IFF,2026-09-23,85.71
IFF,2026-09-24,85.85
IFF,2026-09-25,85.69
IFX.DE,2026-09-22,60.13
IFX.DE,2026-09-23,58.57
IFX.DE,2026-09-24,56.26
IFX.DE,2026-09-25,56.71
IFX.DE,2026-09-28,56.72
IG.MI,2026-09-22,8.538
IG.MI,2026-09-23,8.426
IG.MI,2026-09-24,8.424
IG.MI,2026-09-25,8.35
IG.MI,2026-09-28,8.364
IGG.L,2026-09-22,1363.0
IGG.L,2026-09-23,1320.0
IGG.L,2026-09-24,1317.0
IGG.L,2026-09-25,1305.0
IGG.L,2026-09-28,1311.0
IHG.L,2026-09-22,154.1
IHG.L,2026-09-23,156.45
IHG.L,2026-09-24,155.8
IHG.L,2026-09-25,156.35
IHG.L,2026-09-28,157.2
IHP.L,2026-09-22,375.0
IHP.L,2026-09-23,367.0
IHP.L,2026-09-24,360.5
IHP.L,2026-09-25,365.5
IHP.L,2026-09-28,365.5
III.L,2026-09-22,2673.0
III.L,2026-09-23,2655.0
III.L,2026-09-24,2617.0
III.L,2026-09-25,2664.0
III.L,2026-09-28,2673.0
ILMN,2026-09-21,238.82
ILMN,2026-09-22,247.46
ILMN,2026-09-23,255.38
ILMN,2026-09-24,273.9
ILMN,2026-09-25,270.0
IMB.L,2026-09-22,2448.0
IMB.L,2026-09-23,2467.0
IMB.L,2026-09-24,2475.0
IMB.L,2026-09-25,2442.0
IMB.L,2026-09-28,2461.0
IMI.L,2026-09-22,3108.0
IMI.L,2026-09-23,3114.0
IMI.L,2026-09-24,3110.0
IMI.L,2026-09-25,3120.0
IMI.L,2026-09-28,3130.0
INCH.L,2026-09-22,808.0
INCH.L,2026-09-23,787.5
INCH.L,2026-09-24,780.5
INCH.L,2026-09-25,770.0
INCH.L,2026-09-28,769.5
INCY,2026-09-21,124.65
INCY,2026-09-22,126.93
INCY,2026-09-23,124.64
INCY,2026-09-24,124.44
INCY,2026-09-25,123.89
INF.L,2026-09-22,897.8
INF.L,2026-09-23,889.0
INF.L,2026-09-24,871.4
INF.L,2026-09-25,876.4
INF.L,2026-09-28,884.4
INGA.AS,2026-09-22,31.7
INGA.AS,2026-09-23,31.77
INGA.AS,2026-09-24,31.515
INGA.AS,2026-09-25,31.795
INGA.AS,2026-09-28,31.86
INPP.L,2026-09-22,139.6
INPP.L,2026-09-23,140.0
INPP.L,2026-09-24,138.6
INPP.L,2026-09-25,139.0
INPP.L,2026-09-28,139.6
INTC,2026-09-21,121.78
INTC,2026-09-22,123.86
INTC,2026-09-23,122.6
INTC,2026-09-24,127.39
INTC,2026-09-25,123.0
INTU,2026-09-21,304.12
INTU,2026-09-22,292.35
INTU,2026-09-23,286.8
INTU,2026-09-24,277.13
INTU,2026-09-25,275.79
INVH,2026-09-21,27.08
INVH,2026-09-22,27.14
INVH,2026-09-23,26.93
INVH,2026-09-24,26.5
INVH,2026-09-25,26.62
INVP.L,2026-09-22,642.5
INVP.L,2026-09-23,635.5
INVP.L,2026-09-24,618.0
INVP.L,2026-09-25,616.5
INVP.L,2026-09-28,618.5
INW.MI,2026-09-22,6.7
INW.MI,2026-09-23,6.59
INW.MI,2026-09-24,6.53
INW.MI,2026-09-25,6.5
INW.MI,2026-09-28,6.435
IP,2026-09-21,35.33
IP,2026-09-22,35.71
IP,2026-09-23,35.7
IP,2026-09-24,34.88
IP,2026-09-25,35.02
IPO.L,2026-09-22,73.7
IPO.L,2026-09-23,74.0
IPO.L,2026-09-24,72.0
IPO.L,2026-09-25,72.0
IPO.L,2026-09-28,71.9
IQV,2026-09-21,269.88
IQV,2026-09-22,270.09
IQV,2026-09-23,267.86
IQV,2026-09-24,275.02
IQV,2026-09-25,270.37
IR,2026-09-21,72.31
IR,2026-09-22,73.85
IR,2026-09-23,76.22
IR,2026-09-24,74.78
IR,2026-09-25,76.08
IRM,2026-09-21,116.89
IRM,2026-09-22,118.13
IRM,2026-09-23,115.09
IRM,2026-09-24,114.09
IRM,2026-09-25,111.38
ISP.MI,2026-09-22,6.732
ISP.MI,2026-09-23,6.707
ISP.MI,2026-09-24,6.724
ISP.MI,2026-09-25,6.788
ISP.MI,2026-09-28,6.764
ISRG,2026-09-21,401.65
ISRG,2026-09-22,402.09
ISRG,2026-09-23,398.3
ISRG,2026-09-24,399.52
ISRG,2026-09-25,405.18
IT,2026-09-21,183.32
IT,2026-09-22,178.75
IT,2026-09-23,178.52
IT,2026-09-24,179.32
IT,2026-09-25,187.9
ITH.L,2026-09-22,284.6
ITH.L,2026-09-23,290.2
ITH.L,2026-09-24,296.0
ITH.L,2026-09-25,285.4
ITH.L,2026-09-28,284.6
ITRK.L,2026-09-22,5870.0
ITRK.L,2026-09-23,5865.0
ITRK.L,2026-09-24,5860.0
ITRK.L,2026-09-25,5860.0
ITRK.L,2026-09-28,5865.6763
ITV.L,2026-09-22,68.75
ITV.L,2026-09-23,67.9
ITV.L,2026-09-24,68.05
ITV.L,2026-09-25,68.55
ITV.L,2026-09-28,68.85
ITW,2026-09-21,267.52
ITW,2026-09-22,270.47
ITW,2026-09-23,273.42
ITW,2026-09-24,272.0
ITW,2026-09-25,274.32
ITX.MC,2026-09-22,53.28
ITX.MC,2026-09-23,53.02
ITX.MC,2026-09-24,52.9
ITX.MC,2026-09-25,53.26
ITX.MC,2026-09-28,53.42
IVG.MI,2026-09-22,14.11
IVG.MI,2026-09-23,14.1
IVG.MI,2026-09-24,14.09
IVG.MI,2026-09-25,14.105
IVG.MI,2026-09-28,14.125
IVZ,2026-09-21,31.38
IVZ,2026-09-22,30.85
IVZ,2026-09-23,30.74
IVZ,2026-09-24,30.68
IVZ,2026-09-25,30.92
IWG.L,2026-09-22,175.7
IWG.L,2026-09-23,176.4
IWG.L,2026-09-24,171.5
IWG.L,2026-09-25,172.5
IWG.L,2026-09-28,175.5
J,2026-09-21,143.76
J,2026-09-22,143.12
J,2026-09-23,141.12
J,2026-09-24,135.33
J,2026-09-25,138.37
JAM.L,2026-09-22,1240.0
JAM.L,2026-09-23,1240.0
JAM.L,2026-09-24,1234.0
JAM.L,2026-09-25,1238.0
JAM.L,2026-09-28,1229.6241
JBHT,2026-09-21,236.17
JBHT,2026-09-22,237.41
JBHT,2026-09-23,234.63
JBHT,2026-09-24,229.15
JBHT,2026-09-25,225.46
JBL,2026-09-21,303.67
JBL,2026-09-22,308.98
JBL,2026-09-23,308.75
JBL,2026-09-24,310.69
JBL,2026-09-25,316.74
JCH.L,2026-09-22,954.0
JCH.L,2026-09-23,946.0
JCH.L,2026-09-24,944.0
JCH.L,2026-09-25,944.0
JCH.L,2026-09-28,958.0
JCI,2026-09-21,145.18
JCI,2026-09-22,146.44
JCI,2026-09-23,145.9
JCI,2026-09-24,145.36
JCI,2026-09-25,150.2
JD.L,2026-09-22,78.72
JD.L,2026-09-23,74.22
JD.L,2026-09-24,76.44
JD.L,2026-09-25,77.5
JD.L,2026-09-28,78.56
JDW.L,2026-09-22,814.0
JDW.L,2026-09-23,807.0
JDW.L,2026-09-24,807.0
JDW.L,2026-09-25,810.5
JDW.L,2026-09-28,816.0
JEDT.L,2026-09-22,631.0
JEDT.L,2026-09-23,632.0
JEDT.L,2026-09-24,624.0
JEDT.L,2026-09-25,626.0
JEDT.L,2026-09-28,626.713
JEGI.L,2026-09-22,143.0
JEGI.L,2026-09-23,142.0
JEGI.L,2026-09-24,141.8
JEGI.L,2026-09-25,142.8
JEGI.L,2026-09-28,142.22
JEMI.L,2026-09-22,216.0
JEMI.L,2026-09-23,217.0
JEMI.L,2026-09-24,215.0
JEMI.L,2026-09-25,217.0
JEMI.L,2026-09-28,214.6934
JFJ.L,2026-09-22,823.0
JFJ.L,2026-09-23,817.0
JFJ.L,2026-09-24,805.0
JFJ.L,2026-09-25,818.0
JFJ.L,2026-09-28,814.0267
JGGI.L,2026-09-22,609.0
JGGI.L,2026-09-23,607.5
JGGI.L,2026-09-24,603.0
JGGI.L,2026-09-25,608.5
JGGI.L,2026-09-28,605.5
JKHY,2026-09-21,151.56
JKHY,2026-09-22,149.1
JKHY,2026-09-23,148.33
JKHY,2026-09-24,147.75
JKHY,2026-09-25,147.79
JMAT.L,2026-09-22,2380.0
JMAT.L,2026-09-23,2346.0
JMAT.L,2026-09-24,2338.0
JMAT.L,2026-09-25,2372.0
JMAT.L,2026-09-28,2352.0
JMGI.L,2026-09-22,171.4
JMGI.L,2026-09-23,171.0
JMGI.L,2026-09-24,169.2
JMGI.L,2026-09-25,171.0
JMGI.L,2026-09-28,169.2
JNJ,2026-09-21,269.47
JNJ,2026-09-22,269.19
JNJ,2026-09-23,269.17
JNJ,2026-09-24,270.68
JNJ,2026-09-25,271.22
JPM,2026-09-21,352.04
JPM,2026-09-22,340.0
JPM,2026-09-23,337.53
JPM,2026-09-24,338.56
JPM,2026-09-25,343.06
JSG.L,2026-09-22,136.8
JSG.L,2026-09-23,137.9
JSG.L,2026-09-24,136.2
JSG.L,2026-09-25,137.0
JSG.L,2026-09-28,137.2
JUP.L,2026-09-22,165.6
JUP.L,2026-09-23,165.2
JUP.L,2026-09-24,163.4
JUP.L,2026-09-25,165.2
JUP.L,2026-09-28,168.0
KDP,2026-09-21,30.62
KDP,2026-09-22,31.51
KDP,2026-09-23,31.76
KDP,2026-09-24,30.88
KDP,2026-09-25,31.95
KER.PA,2026-09-22,232.0
KER.PA,2026-09-23,227.3
KER.PA,2026-09-24,225.75
KER.PA,2026-09-25,223.35
KER.PA,2026-09-28,224.5
KEY,2026-09-21,20.87
KEY,2026-09-22,20.48
KEY,2026-09-23,20.24
KEY,2026-09-24,20.25
KEY,2026-09-25,20.61
KEYS,2026-09-21,342.03
KEYS,2026-09-22,347.32
KEYS,2026-09-23,353.36
KEYS,2026-09-24,357.54
KEYS,2026-09-25,362.15
KGF.L,2026-09-22,343.7
KGF.L,2026-09-23,339.0
KGF.L,2026-09-24,328.2
KGF.L,2026-09-25,328.4
KGF.L,2026-09-28,337.7
KHC,2026-09-21,24.37
KHC,2026-09-22,24.0
KHC,2026-09-23,23.79
KHC,2026-09-24,23.86
KHC,2026-09-25,23.63
KIE.L,2026-09-22,307.8
KIE.L,2026-09-23,306.2
KIE.L,2026-09-24,305.0
KIE.L,2026-09-25,309.0
KIE.L,2026-09-28,317.2
KIM,2026-09-21,22.54
KIM,2026-09-22,22.55
KIM,2026-09-23,22.21
KIM,2026-09-24,22.25
KIM,2026-09-25,22.44
KKR,2026-09-21,100.83
KKR,2026-09-22,98.44
KKR,2026-09-23,97.21
KKR,2026-09-24,95.64
KKR,2026-09-25,96.67
KLAC,2026-09-21,183.97
KLAC,2026-09-22,188.32
KLAC,2026-09-23,187.86
KLAC,2026-09-24,187.11
KLAC,2026-09-25,187.92
KLR.L,2026-09-22,3286.0
KLR.L,2026-09-23,3284.0
KLR.L,2026-09-24,3274.0
KLR.L,2026-09-25,3306.0
KLR.L,2026-09-28,3457.262
KMB,2026-09-21,97.74
KMB,2026-09-22,98.91
KMB,2026-09-23,97.7
KMB,2026-09-24,97.22
KMB,2026-09-25,98.43
KMI,2026-09-21,31.72
KMI,2026-09-22,31.27
KMI,2026-09-23,31.37
KMI,2026-09-24,31.25
KMI,2026-09-25,30.75
KNOS.L,2026-09-22,1243.0
KNOS.L,2026-09-23,1248.0
KNOS.L,2026-09-24,1224.0
KNOS.L,2026-09-25,1239.0
KNOS.L,2026-09-28,1235.0
KO,2026-09-21,87.12
KO,2026-09-22,88.61
KO,2026-09-23,88.09
KO,2026-09-24,88.1
KO,2026-09-25,87.81
KR,2026-09-21,59.69
KR,2026-09-22,58.56
KR,2026-09-23,57.64
KR,2026-09-24,58.92
KR,2026-09-25,58.74
KVUE,2026-09-21,17.67
KVUE,2026-09-22,17.86
KVUE,2026-09-23,17.67
KVUE,2026-09-24,17.61
KVUE,2026-09-25,17.8
L,2026-09-21,106.75
L,2026-09-22,105.91
L,2026-09-23,105.04
L,2026-09-24,105.07
L,2026-09-25,104.82
LAND.L,2026-09-22,631.0
LAND.L,2026-09-23,620.0
LAND.L,2026-09-24,618.5
LAND.L,2026-09-25,618.0
LAND.L,2026-09-28,624.0
LDO.MI,2026-09-22,49.9
LDO.MI,2026-09-23,50.45
LDO.MI,2026-09-24,49.31
LDO.MI,2026-09-25,48.975
LDO.MI,2026-09-28,49.045
LDOS,2026-09-21,128.23
LDOS,2026-09-22,123.31
LDOS,2026-09-23,124.69
LDOS,2026-09-24,123.35
LDOS,2026-09-25,123.61
LEN,2026-09-21,78.08
LEN,2026-09-22,83.06
LEN,2026-09-23,81.52
LEN,2026-09-24,81.47
LEN,2026-09-25,82.15
LGEN.L,2026-09-22,296.6
LGEN.L,2026-09-23,294.7
LGEN.L,2026-09-24,296.4
LGEN.L,2026-09-25,297.5
LGEN.L,2026-09-28,298.8733
LH,2026-09-21,320.99
LH,2026-09-22,311.54
LH,2026-09-23,303.98
LH,2026-09-24,308.95
LH,2026-09-25,309.64
LHX,2026-09-21,246.93
LHX,2026-09-22,239.89
LHX,2026-09-23,239.21
LHX,2026-09-24,238.04
LHX,2026-09-25,237.69
LII,2026-09-21,363.64
LII,2026-09-22,371.68
LII,2026-09-23,372.34
LII,2026-09-24,367.78
LII,2026-09-25,373.77
LIN,2026-09-21,457.5
LIN,2026-09-22,464.91
LIN,2026-09-23,469.72
LIN,2026-09-24,468.14
LIN,2026-09-25,469.89
LITE,2026-09-21,954.49
LITE,2026-09-22,945.67
LITE,2026-09-23,937.0
LITE,2026-09-24,929.04
LITE,2026-09-25,941.65
LLOY.L,2026-09-22,108.3
LLOY.L,2026-09-23,107.55
LLOY.L,2026-09-24,107.0
LLOY.L,2026-09-25,108.8
LLOY.L,2026-09-28,108.8
LLY,2026-09-21,1164.89
LLY,2026-09-22,1170.14
LLY,2026-09-23,1150.99
LLY,2026-09-24,1181.89
LLY,2026-09-25,1183.46
LMP.L,2026-09-22,180.4
LMP.L,2026-09-23,178.4
LMP.L,2026-09-24,179.3
LMP.L,2026-09-25,178.7
LMP.L,2026-09-28,179.7
LMT,2026-09-21,535.4
LMT,2026-09-22,522.34
LMT,2026-09-23,524.68
LMT,2026-09-24,523.7
LMT,2026-09-25,519.56
LNT,2026-09-21,64.97
LNT,2026-09-22,64.62
LNT,2026-09-23,63.69
LNT,2026-09-24,63.31
LNT,2026-09-25,63.6
LOW,2026-09-21,190.98
LOW,2026-09-22,196.08
LOW,2026-09-23,191.36
LOW,2026-09-24,188.49
LOW,2026-09-25,189.28
LR.PA,2026-09-22,140.45
LR.PA,2026-09-23,138.15
LR.PA,2026-09-24,134.6
LR.PA,2026-09-25,134.85
LR.PA,2026-09-28,136.65
LRCX,2026-09-21,302.28
LRCX,2026-09-22,310.96
LRCX,2026-09-23,307.28
LRCX,2026-09-24,307.16
LRCX,2026-09-25,315.21
LRE.L,2026-09-22,651.5
LRE.L,2026-09-23,640.5
LRE.L,2026-09-24,647.5
LRE.L,2026-09-25,641.5
LRE.L,2026-09-28,639.7492
LSEG.L,2026-09-22,8154.0
LSEG.L,2026-09-23,8294.0
LSEG.L,2026-09-24,8246.0
LSEG.L,2026-09-25,8200.0
LSEG.L,2026-09-28,8266.0
LTMC.MI,2026-09-22,27.83
LTMC.MI,2026-09-23,27.44
LTMC.MI,2026-09-24,26.59
LTMC.MI,2026-09-25,26.54
LTMC.MI,2026-09-28,26.46
LULU,2026-09-21,101.3
LULU,2026-09-22,103.73
LULU,2026-09-23,102.28
LULU,2026-09-24,101.64
LULU,2026-09-25,101.3
LUV,2026-09-21,41.77
LUV,2026-09-22,42.08
LUV,2026-09-23,41.04
LUV,2026-09-24,41.55
LUV,2026-09-25,42.68
LVS,2026-09-21,40.26
LVS,2026-09-22,39.7
LVS,2026-09-23,39.19
LVS,2026-09-24,38.65
LVS,2026-09-25,38.99
LWDB.L,2026-09-22,1236.0
LWDB.L,2026-09-23,1228.0
LWDB.L,2026-09-24,1226.0
LWDB.L,2026-09-25,1234.0
LWDB.L,2026-09-28,1242.8
LYB,2026-09-21,60.24
LYB,2026-09-22,59.24
LYB,2026-09-23,59.97
LYB,2026-09-24,60.18
LYB,2026-09-25,58.14
LYV,2026-09-21,169.18
LYV,2026-09-22,169.84
LYV,2026-09-23,169.03
LYV,2026-09-24,171.06
LYV,2026-09-25,170.87
MA,2026-09-21,567.65
MA,2026-09-22,555.89
MA,2026-09-23,559.92
MA,2026-09-24,566.08
MA,2026-09-25,567.65
MAA,2026-09-21,118.86
MAA,2026-09-22,119.15
MAA,2026-09-23,117.78
MAA,2026-09-24,117.26
MAA,2026-09-25,118.35
MAB.L,2026-09-22,279.0
MAB.L,2026-09-23,272.0
MAB.L,2026-09-24,275.0
MAB.L,2026-09-25,277.0
MAB.L,2026-09-28,279.5
MAR,2026-09-21,342.66
MAR,2026-09-22,348.06
MAR,2026-09-23,351.66
MAR,2026-09-24,351.51
MAR,2026-09-25,352.03
MAS,2026-09-21,67.74
MAS,2026-09-22,69.96
MAS,2026-09-23,68.16
MAS,2026-09-24,67.31
MAS,2026-09-25,68.85
MB.MI,2026-09-22,28.63
MB.MI,2026-09-23,28.77
MB.MI,2026-09-24,28.63
MB.MI,2026-09-25,29.05
MB.MI,2026-09-28,28.93
MBG.DE,2026-09-22,43.47
MBG.DE,2026-09-23,42.105
MBG.DE,2026-09-24,41.245
MBG.DE,2026-09-25,41.285
MBG.DE,2026-09-28,41.68
MC.PA,2026-09-22,401.95
MC.PA,2026-09-23,396.9
MC.PA,2026-09-24,397.1
MC.PA,2026-09-25,396.85
MC.PA,2026-09-28,397.7
MCD,2026-09-21,247.88
MCD,2026-09-22,250.35
MCD,2026-09-23,238.32
MCD,2026-09-24,237.02
MCD,2026-09-25,236.5
MCHP,2026-09-21,74.78
MCHP,2026-09-22,75.82
MCHP,2026-09-23,75.53
MCHP,2026-09-24,74.69
MCHP,2026-09-25,78.69
MCK,2026-09-21,886.47
MCK,2026-09-22,891.23
MCK,2026-09-23,880.5
MCK,2026-09-24,869.36
MCK,2026-09-25,866.64
MCO,2026-09-21,467.22
MCO,2026-09-22,469.25
MCO,2026-09-23,473.85
MCO,2026-09-24,467.35
MCO,2026-09-25,468.7
MDLZ,2026-09-21,60.17
MDLZ,2026-09-22,61.08
MDLZ,2026-09-23,61.44
MDLZ,2026-09-24,60.86
MDLZ,2026-09-25,60.25
MDT,2026-09-21,91.75
MDT,2026-09-22,90.77
MDT,2026-09-23,89.3
MDT,2026-09-24,88.51
MDT,2026-09-25,88.64
MEGP.L,2026-09-22,120.0
MEGP.L,2026-09-23,117.2
MEGP.L,2026-09-24,114.4
MEGP.L,2026-09-25,116.2
MEGP.L,2026-09-28,121.8
MET,2026-09-21,96.64
MET,2026-09-22,95.92
MET,2026-09-23,97.2
MET,2026-09-24,97.25
MET,2026-09-25,97.7
META,2026-09-21,741.25
META,2026-09-22,736.6
META,2026-09-23,744.1
META,2026-09-24,777.59
META,2026-09-25,751.66
MGAM.L,2026-09-22,259.5
MGAM.L,2026-09-23,259.5
MGAM.L,2026-09-24,256.0
MGAM.L,2026-09-25,259.0
MGAM.L,2026-09-28,260.5
MGM,2026-09-21,38.73
MGM,2026-09-22,38.9
MGM,2026-09-23,37.85
MGM,2026-09-24,33.69
MGM,2026-09-25,32.58
MGNS.L,2026-09-22,4218.0
MGNS.L,2026-09-23,4172.0
MGNS.L,2026-09-24,4216.0
MGNS.L,2026-09-25,4208.0
MGNS.L,2026-09-28,4340.0
MKC,2026-09-21,48.89
MKC,2026-09-22,49.42
MKC,2026-09-23,49.09
MKC,2026-09-24,47.82
MKC,2026-09-25,47.94
MKS.L,2026-09-22,373.3
MKS.L,2026-09-23,367.8
MKS.L,2026-09-24,371.0
MKS.L,2026-09-25,374.5
MKS.L,2026-09-28,381.2
ML.PA,2026-09-22,33.98
ML.PA,2026-09-23,33.65
ML.PA,2026-09-24,33.5
ML.PA,2026-09-25,33.8
ML.PA,2026-09-28,33.76
MLM,2026-09-21,499.67
MLM,2026-09-22,499.34
MLM,2026-09-23,490.45
MLM,2026-09-24,480.1
MLM,2026-09-25,484.3
MMM,2026-09-21,164.97
MMM,2026-09-22,169.3
MMM,2026-09-23,170.3
MMM,2026-09-24,167.52
MMM,2026-09-25,169.55
MNDI.L,2026-09-22,847.0
MNDI.L,2026-09-23,840.0
MNDI.L,2026-09-24,814.6
MNDI.L,2026-09-25,824.2
MNDI.L,2026-09-28,811.0
MNG.L,2026-09-22,330.8
MNG.L,2026-09-23,329.0
MNG.L,2026-09-24,326.0
MNG.L,2026-09-25,326.7
MNG.L,2026-09-28,328.3
MNKS.L,2026-09-22,1642.0
MNKS.L,2026-09-23,1646.0
MNKS.L,2026-09-24,1650.0
MNKS.L,2026-09-25,1652.0
MNKS.L,2026-09-28,1642.86
MNST,2026-09-21,44.0
MNST,2026-09-22,44.27
MNST,2026-09-23,43.91
MNST,2026-09-24,42.67
MNST,2026-09-25,43.11
MNTN.L,2026-09-22,2.15
MNTN.L,2026-09-23,2.18
MNTN.L,2026-09-24,2.18
MNTN.L,2026-09-25,2.18
MNTN.L,2026-09-28,2.174
MO,2026-09-21,68.53
MO,2026-09-22,68.64
MO,2026-09-23,68.95
MO,2026-09-24,68.88
MO,2026-09-25,68.82
MONC.MI,2026-09-22,43.81
MONC.MI,2026-09-23,44.32
MONC.MI,2026-09-24,43.61
MONC.MI,2026-09-25,43.56
MONC.MI,2026-09-28,44.21
MONY.L,2026-09-22,192.4
MONY.L,2026-09-23,177.3
MONY.L,2026-09-24,179.7
MONY.L,2026-09-25,177.3
MONY.L,2026-09-28,177.2
MOON.L,2026-09-22,262.0
MOON.L,2026-09-23,262.8
MOON.L,2026-09-24,260.8
MOON.L,2026-09-25,262.8
MOON.L,2026-09-28,265.2
MOS,2026-09-21,24.07
MOS,2026-09-22,24.73
MOS,2026-09-23,24.37
MOS,2026-09-24,23.69
MOS,2026-09-25,23.01
MPC,2026-09-21,402.38
MPC,2026-09-22,389.68
MPC,2026-09-23,388.38
MPC,2026-09-24,390.95
MPC,2026-09-25,393.52
MPWR,2026-09-21,1277.6801
MPWR,2026-09-22,1380.62
MPWR,2026-09-23,1355.47
MPWR,2026-09-24,1335.55
MPWR,2026-09-25,1367.4301
MRC.L,2026-09-22,281.5
MRC.L,2026-09-23,277.5
MRC.L,2026-09-24,275.0
MRC.L,2026-09-25,276.5
MRC.L,2026-09-28,278.5
MRCH.L,2026-09-22,668.0
MRCH.L,2026-09-23,665.0
MRCH.L,2026-09-24,665.0
MRCH.L,2026-09-25,663.0
MRCH.L,2026-09-28,669.262
MRK,2026-09-21,149.5
MRK,2026-09-22,150.91
MRK,2026-09-23,148.08
MRK,2026-09-24,147.98
MRK,2026-09-25,148.78
MRK.DE,2026-09-22,133.15
MRK.DE,2026-09-23,132.95
MRK.DE,2026-09-24,133.95
MRK.DE,2026-09-25,135.0
MRK.DE,2026-09-28,137.15
MRNA,2026-09-21,172.94
MRNA,2026-09-22,182.56
MRNA,2026-09-23,182.11
MRNA,2026-09-24,194.82
MRNA,2026-09-25,198.88
MRO.L,2026-09-22,487.8
MRO.L,2026-09-23,479.9
MRO.L,2026-09-24,472.5
MRO.L,2026-09-25,474.0
MRO.L,2026-09-28,475.0
MRSH,2026-09-21,172.72
MRSH,2026-09-22,170.01
MRSH,2026-09-23,170.38
MRSH,2026-09-24,169.93
MRSH,2026-09-25,171.12
MRVL,2026-09-21,257.38
MRVL,2026-09-22,262.36
MRVL,2026-09-23,260.9
MRVL,2026-09-24,258.95
MRVL,2026-09-25,261.94
MS,2026-09-21,206.12
MS,2026-09-22,200.18
MS,2026-09-23,198.39
MS,2026-09-24,196.32
MS,2026-09-25,196.31
MSCI,2026-09-21,558.97
MSCI,2026-09-22,548.88
MSCI,2026-09-23,555.7
MSCI,2026-09-24,556.08
MSCI,2026-09-25,551.36
MSFT,2026-09-21,501.61
MSFT,2026-09-22,498.0
MSFT,2026-09-23,500.59
MSFT,2026-09-24,497.93
MSFT,2026-09-25,516.17
MSI,2026-09-21,461.36
MSI,2026-09-22,456.7
MSI,2026-09-23,460.44
MSI,2026-09-24,454.91
MSI,2026-09-25,456.88
MT.AS,2026-09-22,63.82
MT.AS,2026-09-23,63.38
MT.AS,2026-09-24,62.0
MT.AS,2026-09-25,61.78
MT.AS,2026-09-28,60.38
MTB,2026-09-21,226.96
MTB,2026-09-22,223.42
MTB,2026-09-23,219.58
MTB,2026-09-24,218.66
MTB,2026-09-25,221.19
MTD,2026-09-21,1430.4399
MTD,2026-09-22,1490.76
MTD,2026-09-23,1492.34
MTD,2026-09-24,1519.15
MTD,2026-09-25,1511.64
MTLN.L,2026-09-22,48.4
MTLN.L,2026-09-23,48.7
MTLN.L,2026-09-24,47.84
MTLN.L,2026-09-25,48.04
MTLN.L,2026-09-28,48.68
MTO.L,2026-09-22,210.6
MTO.L,2026-09-23,210.4
MTO.L,2026-09-24,210.4
MTO.L,2026-09-25,210.2
MTO.L,2026-09-28,210.0
MTRO.L,2026-09-22,175.8
MTRO.L,2026-09-23,172.6
MTRO.L,2026-09-24,170.2
MTRO.L,2026-09-25,175.8
MTRO.L,2026-09-28,174.5
MTX.DE,2026-09-22,357.9
MTX.DE,2026-09-23,363.7
MTX.DE,2026-09-24,368.1
MTX.DE,2026-09-25,369.9
MTX.DE,2026-09-28,371.6
MU,2026-09-21,1043.96
MU,2026-09-22,1096.16
MU,2026-09-23,1071.88
MU,2026-09-24,1080.53
MU,2026-09-25,1082.28
MUT.L,2026-09-22,979.0
MUT.L,2026-09-23,971.0
MUT.L,2026-09-24,970.0
MUT.L,2026-09-25,974.0
MUT.L,2026-09-28,977.6103
MUV2.DE,2026-09-22,501.8
MUV2.DE,2026-09-23,502.6
MUV2.DE,2026-09-24,512.6
MUV2.DE,2026-09-25,510.4
MUV2.DE,2026-09-28,512.6
MYI.L,2026-09-22,367.0
MYI.L,2026-09-23,366.0
MYI.L,2026-09-24,365.0
MYI.L,2026-09-25,366.5
MYI.L,2026-09-28,366.9717
N91.L,2026-09-22,213.6
N91.L,2026-09-23,212.0
N91.L,2026-09-24,208.8
N91.L,2026-09-25,209.2
N91.L,2026-09-28,210.2
NAIT.L,2026-09-22,426.0
NAIT.L,2026-09-23,422.0
NAIT.L,2026-09-24,425.0
NAIT.L,2026-09-25,427.0
NAIT.L,2026-09-28,428.463
NAS.L,2026-09-22,418.0
NAS.L,2026-09-23,424.0
NAS.L,2026-09-24,420.0
NAS.L,2026-09-25,423.0
NAS.L,2026-09-28,421.0
NBPE.L,2026-09-22,1444.0
NBPE.L,2026-09-23,1458.0
NBPE.L,2026-09-24,1462.0
NBPE.L,2026-09-25,1472.0
NBPE.L,2026-09-28,1493.5001
NCC.L,2026-09-22,134.0
NCC.L,2026-09-23,138.8
NCC.L,2026-09-24,140.6
NCC.L,2026-09-25,142.0
NCC.L,2026-09-28,148.248
NCLH,2026-09-21,14.24
NCLH,2026-09-22,14.22
NCLH,2026-09-23,14.18
NCLH,2026-09-24,14.19
NCLH,2026-09-25,14.61
NDA-FI.HE,2026-09-22,17.88
NDA-FI.HE,2026-09-23,17.77
NDA-FI.HE,2026-09-24,17.77
NDA-FI.HE,2026-09-25,17.865
NDA-FI.HE,2026-09-28,17.965
NDAQ,2026-09-21,94.69
NDAQ,2026-09-22,94.5
NDAQ,2026-09-23,95.44
NDAQ,2026-09-24,94.55
NDAQ,2026-09-25,93.55
NDSN,2026-09-21,314.35
NDSN,2026-09-22,319.67
NDSN,2026-09-23,321.42
NDSN,2026-09-24,323.26
NDSN,2026-09-25,325.77
NEE,2026-09-21,79.63
NEE,2026-09-22,79.26
NEE,2026-09-23,77.02
NEE,2026-09-24,75.62
NEE,2026-09-25,76.08
NEM,2026-09-21,123.05
NEM,2026-09-22,127.26
NEM,2026-09-23,123.55
NEM,2026-09-24,121.3
NEM,2026-09-25,121.43
NEXI.MI,2026-09-22,4.194
NEXI.MI,2026-09-23,4.141
NEXI.MI,2026-09-24,4.1
NEXI.MI,2026-09-25,4.167
NEXI.MI,2026-09-28,4.175
NFLX,2026-09-21,73.36
NFLX,2026-09-22,72.16
NFLX,2026-09-23,71.36
NFLX,2026-09-24,71.72
NFLX,2026-09-25,71.15
NG.L,2026-09-22,1150.5
NG.L,2026-09-23,1134.5
NG.L,2026-09-24,1135.5
NG.L,2026-09-25,1127.0
NG.L,2026-09-28,1133.5
NI,2026-09-21,40.52
NI,2026-09-22,39.88
NI,2026-09-23,39.25
NI,2026-09-24,39.12
NI,2026-09-25,39.42
NKE,2026-09-21,36.1
NKE,2026-09-22,36.1
NKE,2026-09-23,36.05
NKE,2026-09-24,35.99
NKE,2026-09-25,35.75
NOC,2026-09-21,526.66
NOC,2026-09-22,509.86
NOC,2026-09-23,514.42
NOC,2026-09-24,508.98
NOC,2026-09-25,510.52
NOW,2026-09-21,137.68
NOW,2026-09-22,137.0
NOW,2026-09-23,140.78
NOW,2026-09-24,137.78
NOW,2026-09-25,135.62
NRG,2026-09-21,103.28
NRG,2026-09-22,102.75
NRG,2026-09-23,100.72
NRG,2026-09-24,97.85
NRG,2026-09-25,100.37
NSC,2026-09-21,309.07
NSC,2026-09-22,314.0
NSC,2026-09-23,315.01
NSC,2026-09-24,313.17
NSC,2026-09-25,313.0
NTAP,2026-09-21,198.15
NTAP,2026-09-22,192.91
NTAP,2026-09-23,196.33
NTAP,2026-09-24,197.24
NTAP,2026-09-25,201.15
NTRS,2026-09-21,178.95
NTRS,2026-09-22,173.4
NTRS,2026-09-23,173.99
NTRS,2026-09-24,174.5
NTRS,2026-09-25,175.73
NUE,2026-09-21,242.4
NUE,2026-09-22,245.66
NUE,2026-09-23,246.98
NUE,2026-09-24,247.96
NUE,2026-09-25,247.25
NVDA,2026-09-21,227.38
NVDA,2026-09-22,228.87
NVDA,2026-09-23,225.51
NVDA,2026-09-24,224.58
NVDA,2026-09-25,225.07
NVR,2026-09-21,6188.9502
NVR,2026-09-22,6338.9199
NVR,2026-09-23,6241.6099
NVR,2026-09-24,6235.4902
NVR,2026-09-25,6297.6001
NWG.L,2026-09-22,695.0
NWG.L,2026-09-23,682.4
NWG.L,2026-09-24,684.6
NWG.L,2026-09-25,694.4
NWG.L,2026-09-28,696.0
NWS,2026-09-21,32.86
NWS,2026-09-22,32.38
NWS,2026-09-23,31.22
NWS,2026-09-24,31.56
NWS,2026-09-25,31.75
NWSA,2026-09-21,29.7
NWSA,2026-09-22,29.25
NWSA,2026-09-23,28.12
NWSA,2026-09-24,28.44
NWSA,2026-09-25,28.49
NXPI,2026-09-21,232.41
NXPI,2026-09-22,237.57
NXPI,2026-09-23,235.44
NXPI,2026-09-24,230.16
NXPI,2026-09-25,238.08
NXT.L,2026-09-22,14690.0
NXT.L,2026-09-23,14430.0
NXT.L,2026-09-24,14400.0
NXT.L,2026-09-25,14655.0
NXT.L,2026-09-28,14655.0
O,2026-09-21,56.65
O,2026-09-22,56.53
O,2026-09-23,55.61
O,2026-09-24,55.41
O,2026-09-25,55.54
OCDO.L,2026-09-22,231.4
OCDO.L,2026-09-23,229.6
OCDO.L,2026-09-24,230.8
OCDO.L,2026-09-25,236.6
OCDO.L,2026-09-28,243.4
OCI.L,2026-09-22,520.0
OCI.L,2026-09-23,522.0
OCI.L,2026-09-24,524.0
OCI.L,2026-09-25,528.0
OCI.L,2026-09-28,526.0
ODFL,2026-09-21,175.36
ODFL,2026-09-22,177.31
ODFL,2026-09-23,177.72
ODFL,2026-09-24,174.93
ODFL,2026-09-25,173.3
OKE,2026-09-21,91.8
OKE,2026-09-22,90.09
OKE,2026-09-23,90.54
OKE,2026-09-24,91.18
OKE,2026-09-25,88.63
OMC,2026-09-21,75.59
OMC,2026-09-22,75.34
OMC,2026-09-23,75.49
OMC,2026-09-24,74.7
OMC,2026-09-25,76.15
ON,2026-09-21,71.72
ON,2026-09-22,73.6
ON,2026-09-23,74.1
ON,2026-09-24,73.15
ON,2026-09-25,77.2
ONT.L,2026-09-22,178.0
ONT.L,2026-09-23,175.5
ONT.L,2026-09-24,173.5
ONT.L,2026-09-25,181.6
ONT.L,2026-09-28,186.3239
OR.PA,2026-09-22,389.5
OR.PA,2026-09-23,380.5
OR.PA,2026-09-24,384.65
OR.PA,2026-09-25,381.85
OR.PA,2026-09-28,384.75
ORA.PA,2026-09-22,14.395
ORA.PA,2026-09-23,14.06
ORA.PA,2026-09-24,14.015
ORA.PA,2026-09-25,14.16
ORA.PA,2026-09-28,13.975
ORCL,2026-09-21,148.56
ORCL,2026-09-22,149.2
ORCL,2026-09-23,144.56
ORCL,2026-09-24,139.54
ORCL,2026-09-25,137.1
ORLY,2026-09-21,82.88
ORLY,2026-09-22,85.82
ORLY,2026-09-23,85.9
ORLY,2026-09-24,86.24
ORLY,2026-09-25,86.12
OSB.L,2026-09-22,514.0
OSB.L,2026-09-23,506.0
OSB.L,2026-09-24,501.5
OSB.L,2026-09-25,504.0
OSB.L,2026-09-28,515.5
OTIS,2026-09-21,66.64
OTIS,2026-09-22,68.08
OTIS,2026-09-23,68.32
OTIS,2026-09-24,66.68
OTIS,2026-09-25,65.94
OXB.L,2026-09-22,493.0
OXB.L,2026-09-23,481.0
OXB.L,2026-09-24,490.0
OXB.L,2026-09-25,507.0
OXB.L,2026-09-28,502.0
OXIG.L,2026-09-22,2936.0
OXIG.L,2026-09-23,2914.0
OXIG.L,2026-09-24,2872.0
OXIG.L,2026-09-25,2930.0
OXIG.L,2026-09-28,2902.0
OXY,2026-09-21,57.25
OXY,2026-09-22,56.31
OXY,2026-09-23,57.36
OXY,2026-09-24,58.05
OXY,2026-09-25,56.86
P,2026-09-21,113.66
P,2026-09-22,110.89
P,2026-09-23,109.65
P,2026-09-24,121.88
P,2026-09-25,126.0
PAF.L,2026-09-22,129.8
PAF.L,2026-09-23,129.2
PAF.L,2026-09-24,120.9
PAF.L,2026-09-25,123.4
PAF.L,2026-09-28,116.9
PAG.L,2026-09-22,776.0
PAG.L,2026-09-23,758.0
PAG.L,2026-09-24,742.5
PAG.L,2026-09-25,745.0
PAG.L,2026-09-28,756.0
PAGE.L,2026-09-22,217.0
PAGE.L,2026-09-23,218.6
PAGE.L,2026-09-24,214.4
PAGE.L,2026-09-25,219.2
PAGE.L,2026-09-28,219.4
PAH3.DE,2026-09-22,27.3
PAH3.DE,2026-09-23,26.17
PAH3.DE,2026-09-24,25.59
PAH3.DE,2026-09-25,25.77
PAH3.DE,2026-09-28,25.72
PANW,2026-09-21,371.76
PANW,2026-09-22,374.57
PANW,2026-09-23,393.3
PANW,2026-09-24,389.92
PANW,2026-09-25,374.74
PAYX,2026-09-21,115.01
PAYX,2026-09-22,114.53
PAYX,2026-09-23,104.49
PAYX,2026-09-24,101.59
PAYX,2026-09-25,101.37
PCAR,2026-09-21,114.73
PCAR,2026-09-22,113.9
PCAR,2026-09-23,112.09
PCAR,2026-09-24,110.67
PCAR,2026-09-25,111.31
PCG,2026-09-21,12.94
PCG,2026-09-22,12.88
PCG,2026-09-23,12.41
PCG,2026-09-24,12.32
PCG,2026-09-25,12.34
PCGH.L,2026-09-22,444.5
PCGH.L,2026-09-23,442.0
PCGH.L,2026-09-24,439.5
PCGH.L,2026-09-25,438.5
PCGH.L,2026-09-28,438.6
PCT.L,2026-09-22,691.0
PCT.L,2026-09-23,694.0
PCT.L,2026-09-24,690.0
PCT.L,2026-09-25,699.0
PCT.L,2026-09-28,688.5
PEG,2026-09-21,69.31
PEG,2026-09-22,69.12
PEG,2026-09-23,67.31
PEG,2026-09-24,66.56
PEG,2026-09-25,67.02
PEP,2026-09-21,129.59
PEP,2026-09-22,131.19
PEP,2026-09-23,130.18
PEP,2026-09-24,128.15
PEP,2026-09-25,128.63
PETS.L,2026-09-22,215.6
PETS.L,2026-09-23,209.4
PETS.L,2026-09-24,207.0
PETS.L,2026-09-25,211.2
PETS.L,2026-09-28,213.4
PEY.L,2026-09-22,6.96
PEY.L,2026-09-23,6.78
PEY.L,2026-09-24,6.8
PEY.L,2026-09-25,6.8
PEY.L,2026-09-28,6.7929
PFD.L,2026-09-22,194.9
PFD.L,2026-09-23,191.8
PFD.L,2026-09-24,194.5
PFD.L,2026-09-25,195.1
PFD.L,2026-09-28,195.924
PFE,2026-09-21,27.74
PFE,2026-09-22,27.93
PFE,2026-09-23,28.18
PFE,2026-09-24,28.41
PFE,2026-09-25,28.67
PFG,2026-09-21,116.47
PFG,2026-09-22,113.59
PFG,2026-09-23,113.92
PFG,2026-09-24,114.15
PFG,2026-09-25,114.77
PG,2026-09-21,146.08
PG,2026-09-22,148.22
PG,2026-09-23,147.39
PG,2026-09-24,145.68
PG,2026-09-25,146.23
PGR,2026-09-21,212.24
PGR,2026-09-22,206.94
PGR,2026-09-23,203.13
PGR,2026-09-24,202.17
PGR,2026-09-25,205.5
PH,2026-09-21,958.17
PH,2026-09-22,964.85
PH,2026-09-23,971.21
PH,2026-09-24,974.98
PH,2026-09-25,978.33
PHI.L,2026-09-22,1144.0
PHI.L,2026-09-23,1146.0
PHI.L,2026-09-24,1132.0
PHI.L,2026-09-25,1146.0
PHI.L,2026-09-28,1117.2994
PHM,2026-09-21,118.97
PHM,2026-09-22,122.29
PHM,2026-09-23,118.71
PHM,2026-09-24,118.18
PHM,2026-09-25,119.85
PHP.L,2026-09-22,93.95
PHP.L,2026-09-23,92.8
PHP.L,2026-09-24,92.0
PHP.L,2026-09-25,91.8
PHP.L,2026-09-28,92.45
PIN.L,2026-09-22,376.0
PIN.L,2026-09-23,377.0
PIN.L,2026-09-24,377.0
PIN.L,2026-09-25,385.0
PIN.L,2026-09-28,385.5
PINE.L,2026-09-22,447.0
PINE.L,2026-09-23,447.0
PINE.L,2026-09-24,446.0
PINE.L,2026-09-25,444.5
PINE.L,2026-09-28,446.0
PINT.L,2026-09-22,116.6
PINT.L,2026-09-23,117.2
PINT.L,2026-09-24,118.4
PINT.L,2026-09-25,118.4
PINT.L,2026-09-28,117.5
PKG,2026-09-21,238.31
PKG,2026-09-22,238.23
PKG,2026-09-23,240.98
PKG,2026-09-24,238.11
PKG,2026-09-25,237.18
PLD,2026-09-21,135.82
PLD,2026-09-22,135.88
PLD,2026-09-23,133.96
PLD,2026-09-24,133.82
PLD,2026-09-25,133.05
PLTR,2026-09-21,183.09
PLTR,2026-09-22,184.99
PLTR,2026-09-23,191.79
PLTR,2026-09-24,192.59
PLTR,2026-09-25,189.67
PLUS.L,2026-09-22,3528.0
PLUS.L,2026-09-23,3436.0
PLUS.L,2026-09-24,3442.0
PLUS.L,2026-09-25,3426.0
PLUS.L,2026-09-28,3448.0
PM,2026-09-21,187.48
PM,2026-09-22,190.23
PM,2026-09-23,190.84
PM,2026-09-24,191.5
PM,2026-09-25,190.48
PNC,2026-09-21,233.25
PNC,2026-09-22,227.96
PNC,2026-09-23,224.03
PNC,2026-09-24,223.34
PNC,2026-09-25,225.64
PNL.L,2026-09-22,543.0
PNL.L,2026-09-23,542.0
PNL.L,2026-09-24,544.0
PNL.L,2026-09-25,545.0
PNL.L,2026-09-28,542.236
PNN.L,2026-09-22,466.8
PNN.L,2026-09-23,453.6
PNN.L,2026-09-24,450.8
PNN.L,2026-09-25,448.0
PNN.L,2026-09-28,450.8
PNR,2026-09-21,55.78
PNR,2026-09-22,55.49
PNR,2026-09-23,55.25
PNR,2026-09-24,53.03
PNR,2026-09-25,53.66
PNW,2026-09-21,93.31
PNW,2026-09-22,93.16
PNW,2026-09-23,92.05
PNW,2026-09-24,91.08
PNW,2026-09-25,91.74
PODD,2026-09-21,140.53
PODD,2026-09-22,139.38
PODD,2026-09-23,136.49
PODD,2026-09-24,135.78
PODD,2026-09-25,136.13
POLN.L,2026-09-22,815.0
POLN.L,2026-09-23,917.0
POLN.L,2026-09-24,904.0
POLN.L,2026-09-25,920.0
POLN.L,2026-09-28,927.0
PPET.L,2026-09-22,598.0
PPET.L,2026-09-23,598.0
PPET.L,2026-09-24,598.0
PPET.L,2026-09-25,604.0
PPET.L,2026-09-28,598.0
PPG,2026-09-21,104.93
PPG,2026-09-22,107.77
PPG,2026-09-23,107.2
PPG,2026-09-24,106.32
PPG,2026-09-25,107.52
PPH.L,2026-09-22,1544.0
PPH.L,2026-09-23,1546.0
PPH.L,2026-09-24,1470.0
PPH.L,2026-09-25,1494.0
PPH.L,2026-09-28,1498.0
PPL,2026-09-21,33.05
PPL,2026-09-22,32.88
PPL,2026-09-23,32.25
PPL,2026-09-24,31.97
PPL,2026-09-25,32.03
PRN.L,2026-09-22,333.5
PRN.L,2026-09-23,331.5
PRN.L,2026-09-24,333.0
PRN.L,2026-09-25,334.0
PRN.L,2026-09-28,334.0
PRU,2026-09-21,118.53
PRU,2026-09-22,117.66
PRU,2026-09-23,117.59
PRU,2026-09-24,118.75
PRU,2026-09-25,119.45
PRU.L,2026-09-22,958.4
PRU.L,2026-09-23,951.0
PRU.L,2026-09-24,949.6
PRU.L,2026-09-25,941.8
PRU.L,2026-09-28,945.6
PRX.AS,2026-09-22,37.565
PRX.AS,2026-09-23,35.755
PRX.AS,2026-09-24,35.44
PRX.AS,2026-09-25,36.09
PRX.AS,2026-09-28,36.235
PRY.MI,2026-09-22,129.3
PRY.MI,2026-09-23,127.25
PRY.MI,2026-09-24,122.35
PRY.MI,2026-09-25,122.4
PRY.MI,2026-09-28,122.95
PSA,2026-09-21,296.67
PSA,2026-09-22,289.71
PSA,2026-09-23,286.73
PSA,2026-09-24,284.56
PSA,2026-09-25,287.97
PSH.L,2026-09-22,3706.0
PSH.L,2026-09-23,3660.0
PSH.L,2026-09-24,3622.0
PSH.L,2026-09-25,3722.0
PSH.L,2026-09-28,3666.2629
PSKY,2026-09-21,9.91
PSKY,2026-09-22,10.11
PSKY,2026-09-23,9.96
PSKY,2026-09-24,10.18
PSKY,2026-09-25,9.96
PSN.L,2026-09-22,1194.0
PSN.L,2026-09-23,1167.0
PSN.L,2026-09-24,1148.5
PSN.L,2026-09-25,1154.5
PSN.L,2026-09-28,1333.0
PSON.L,2026-09-22,1198.0
PSON.L,2026-09-23,1203.0
PSON.L,2026-09-24,1212.5
PSON.L,2026-09-25,1218.5
PSON.L,2026-09-28,1222.0
PST.MI,2026-09-22,25.61
PST.MI,2026-09-23,25.46
PST.MI,2026-09-24,25.71
PST.MI,2026-09-25,25.82
PST.MI,2026-09-28,25.9
PSX,2026-09-21,261.75
PSX,2026-09-22,256.78
PSX,2026-09-23,256.48
PSX,2026-09-24,255.87
PSX,2026-09-25,255.75
PTC,2026-09-21,135.28
PTC,2026-09-22,140.0
PTC,2026-09-23,140.4
PTC,2026-09-24,137.41
PTC,2026-09-25,138.12
PTEC.L,2026-09-22,411.0
PTEC.L,2026-09-23,399.2
PTEC.L,2026-09-24,387.2
PTEC.L,2026-09-25,388.6
PTEC.L,2026-09-28,384.2
PUB.PA,2026-09-22,97.48
PUB.PA,2026-09-23,97.54
PUB.PA,2026-09-24,97.66
PUB.PA,2026-09-25,97.86
PUB.PA,2026-09-28,97.8
PWR,2026-09-21,642.61
PWR,2026-09-22,642.63
PWR,2026-09-23,634.9
PWR,2026-09-24,643.5
PWR,2026-09-25,649.13
PYPL,2026-09-21,52.62
PYPL,2026-09-22,52.89
PYPL,2026-09-23,52.51
PYPL,2026-09-24,52.6
PYPL,2026-09-25,55.04
Q,2026-09-21,121.82
Q,2026-09-22,124.86
Q,2026-09-23,124.5
Q,2026-09-24,122.31
Q,2026-09-25,124.69
QCOM,2026-09-21,194.23
QCOM,2026-09-22,198.27
QCOM,2026-09-23,197.24
QCOM,2026-09-24,194.26
QCOM,2026-09-25,201.97
QIA.DE,2026-09-22,38.41
QIA.DE,2026-09-23,38.51
QIA.DE,2026-09-24,38.835
QIA.DE,2026-09-25,38.955
QIA.DE,2026-09-28,39.42
QLT.L,2026-09-22,183.0
QLT.L,2026-09-23,182.1
QLT.L,2026-09-24,178.9
QLT.L,2026-09-25,178.6
QLT.L,2026-09-28,179.4
QQ.L,2026-09-22,489.0
QQ.L,2026-09-23,498.2
QQ.L,2026-09-24,489.8
QQ.L,2026-09-25,489.2
QQ.L,2026-09-28,488.2
RACE.MI,2026-09-22,360.9
RACE.MI,2026-09-23,365.0
RACE.MI,2026-09-24,360.65
RACE.MI,2026-09-25,357.05
RACE.MI,2026-09-28,356.85
RAT.L,2026-09-22,1606.0
RAT.L,2026-09-23,1586.0
RAT.L,2026-09-24,1550.0
RAT.L,2026-09-25,1550.0
RAT.L,2026-09-28,1578.6801
RCL,2026-09-21,250.25
RCL,2026-09-22,234.89
RCL,2026-09-23,230.3
RCL,2026-09-24,238.98
RCL,2026-09-25,242.7
RCP.L,2026-09-22,2505.0
RCP.L,2026-09-23,2525.0
RCP.L,2026-09-24,2515.0
RCP.L,2026-09-25,2515.0
RCP.L,2026-09-28,2518.5969
RDDT,2026-09-21,158.73
RDDT,2026-09-22,155.67
RDDT,2026-09-23,151.98
RDDT,2026-09-24,152.72
RDDT,2026-09-25,149.84
REC.MI,2026-09-22,52.8
REC.MI,2026-09-23,52.9
REC.MI,2026-09-24,53.0
REC.MI,2026-09-25,53.05
REC.MI,2026-09-28,53.2
REG,2026-09-21,72.92
REG,2026-09-22,73.53
REG,2026-09-23,72.73
REG,2026-09-24,72.92
REG,2026-09-25,73.23
REGN,2026-09-21,798.17
REGN,2026-09-22,803.9
REGN,2026-09-23,801.82
REGN,2026-09-24,796.02
REGN,2026-09-25,788.04
REL.L,2026-09-22,2450.0
REL.L,2026-09-23,2511.0
REL.L,2026-09-24,2525.0
REL.L,2026-09-25,2527.0
REL.L,2026-09-28,2505.0
RF,2026-09-21,28.55
RF,2026-09-22,27.91
RF,2026-09-23,27.39
RF,2026-09-24,27.26
RF,2026-09-25,27.62
RHIM.L,2026-09-22,2840.0
RHIM.L,2026-09-23,2905.0
RHIM.L,2026-09-24,2810.0
RHIM.L,2026-09-25,2820.0
RHIM.L,2026-09-28,2860.0
RHM.DE,2026-09-22,991.4
RHM.DE,2026-09-23,1025.0
RHM.DE,2026-09-24,990.0
RHM.DE,2026-09-25,982.4
RHM.DE,2026-09-28,975.0
RI.PA,2026-09-22,60.64
RI.PA,2026-09-23,59.6
RI.PA,2026-09-24,59.58
RI.PA,2026-09-25,59.04
RI.PA,2026-09-28,59.34
RICA.L,2026-09-22,298.5
RICA.L,2026-09-23,297.0
RICA.L,2026-09-24,297.5
RICA.L,2026-09-25,297.0
RICA.L,2026-09-28,296.5
RIO.L,2026-09-22,7234.0
RIO.L,2026-09-23,7199.0
RIO.L,2026-09-24,7070.0
RIO.L,2026-09-25,7088.0
RIO.L,2026-09-28,6995.0
RJF,2026-09-21,165.19
RJF,2026-09-22,159.39
RJF,2026-09-23,158.23
RJF,2026-09-24,158.76
RJF,2026-09-25,159.87
RKT.L,2026-09-22,5004.0
RKT.L,2026-09-23,4967.0
RKT.L,2026-09-24,4923.0
RKT.L,2026-09-25,4905.0
RKT.L,2026-09-28,4920.0
RL,2026-09-21,339.82
RL,2026-09-22,346.06
RL,2026-09-23,337.47
RL,2026-09-24,351.86
RL,2026-09-25,357.1
RMD,2026-09-21,223.61
RMD,2026-09-22,221.97
RMD,2026-09-23,222.3
RMD,2026-09-24,221.89
RMD,2026-09-25,222.0
RMS.PA,2026-09-22,1355.0
RMS.PA,2026-09-23,1349.5
RMS.PA,2026-09-24,1354.5
RMS.PA,2026-09-25,1347.5
RMS.PA,2026-09-28,1368.5
RMV.L,2026-09-22,484.6
RMV.L,2026-09-23,468.0
RMV.L,2026-09-24,448.0
RMV.L,2026-09-25,440.9
RMV.L,2026-09-28,447.0
RNK.L,2026-09-22,82.0
RNK.L,2026-09-23,79.1
RNK.L,2026-09-24,75.8
RNK.L,2026-09-25,76.6
RNK.L,2026-09-28,75.1
RNO.PA,2026-09-22,27.26
RNO.PA,2026-09-23,26.6
RNO.PA,2026-09-24,26.15
RNO.PA,2026-09-25,26.3
RNO.PA,2026-09-28,26.6
ROK,2026-09-21,424.89
ROK,2026-09-22,427.19
ROK,2026-09-23,432.89
ROK,2026-09-24,432.93
ROK,2026-09-25,434.15
ROL,2026-09-21,32.35
ROL,2026-09-22,32.86
ROL,2026-09-23,32.49
ROL,2026-09-24,30.4
ROL,2026-09-25,30.03
ROP,2026-09-21,365.4
ROP,2026-09-22,363.85
ROP,2026-09-23,366.36
ROP,2026-09-24,364.02
ROP,2026-09-25,358.56
ROR.L,2026-09-22,485.8
ROR.L,2026-09-23,485.6
ROR.L,2026-09-24,486.0
ROR.L,2026-09-25,485.6
ROR.L,2026-09-28,486.0
ROSE.L,2026-09-22,331.0
ROSE.L,2026-09-23,325.0
ROSE.L,2026-09-24,315.0
ROSE.L,2026-09-25,312.0
ROSE.L,2026-09-28,313.0
ROST,2026-09-21,231.25
ROST,2026-09-22,232.51
ROST,2026-09-23,233.98
ROST,2026-09-24,235.4
ROST,2026-09-25,236.12
RPI.L,2026-09-22,610.5
RPI.L,2026-09-23,631.5
RPI.L,2026-09-24,755.0
RPI.L,2026-09-25,711.5
RPI.L,2026-09-28,672.0
RR.L,2026-09-22,1481.8
RR.L,2026-09-23,1503.2
RR.L,2026-09-24,1484.0
RR.L,2026-09-25,1481.4
RR.L,2026-09-28,1479.2
RS1.L,2026-09-22,759.5
RS1.L,2026-09-23,763.5
RS1.L,2026-09-24,755.0
RS1.L,2026-09-25,757.0
RS1.L,2026-09-28,758.5
RSG,2026-09-21,213.93
RSG,2026-09-22,213.88
RSG,2026-09-23,213.1
RSG,2026-09-24,212.72
RSG,2026-09-25,212.1
RSW.L,2026-09-22,5535.0
RSW.L,2026-09-23,5565.0
RSW.L,2026-09-24,5600.0
RSW.L,2026-09-25,5660.0
RSW.L,2026-09-28,5615.0
RTO.L,2026-09-22,316.6
RTO.L,2026-09-23,323.1
RTO.L,2026-09-24,309.2
RTO.L,2026-09-25,308.7
RTO.L,2026-09-28,302.3
RTW.L,2026-09-22,2.39
RTW.L,2026-09-23,2.35
RTW.L,2026-09-24,2.34
RTW.L,2026-09-25,2.36
RTW.L,2026-09-28,2.31
RTX,2026-09-21,194.34
RTX,2026-09-22,190.99
RTX,2026-09-23,192.19
RTX,2026-09-24,188.61
RTX,2026-09-25,189.4
RVTY,2026-09-21,143.59
RVTY,2026-09-22,143.31
RVTY,2026-09-23,142.11
RVTY,2026-09-24,150.68
RVTY,2026-09-25,151.11
RWE.DE,2026-09-22,60.38
RWE.DE,2026-09-23,60.08
RWE.DE,2026-09-24,59.16
RWE.DE,2026-09-25,59.4
RWE.DE,2026-09-28,59.78
SAF.PA,2026-09-22,332.0
SAF.PA,2026-09-23,336.0
SAF.PA,2026-09-24,334.3
SAF.PA,2026-09-25,336.3
SAF.PA,2026-09-28,335.6
SAFE.L,2026-09-22,532.5
SAFE.L,2026-09-23,525.5
SAFE.L,2026-09-24,524.5
SAFE.L,2026-09-25,522.0
SAFE.L,2026-09-28,535.0
SAGA.L,2026-09-22,613.0
SAGA.L,2026-09-23,607.0
SAGA.L,2026-09-24,604.0
SAGA.L,2026-09-25,616.0
SAGA.L,2026-09-28,605.0
SAIN.L,2026-09-22,554.0
SAIN.L,2026-09-23,555.0
SAIN.L,2026-09-24,553.0
SAIN.L,2026-09-25,553.0
SAIN.L,2026-09-28,550.22
SAN.MC,2026-09-22,12.698
SAN.MC,2026-09-23,12.61
SAN.MC,2026-09-24,12.528
SAN.MC,2026-09-25,12.572
SAN.MC,2026-09-28,12.528
SAN.PA,2026-09-22,74.39
SAN.PA,2026-09-23,73.11
SAN.PA,2026-09-24,72.1
SAN.PA,2026-09-25,71.79
SAN.PA,2026-09-28,71.61
SAP.DE,2026-09-22,182.32
SAP.DE,2026-09-23,186.46
SAP.DE,2026-09-24,184.18
SAP.DE,2026-09-25,185.92
SAP.DE,2026-09-28,183.7
SBAC,2026-09-21,176.28
SBAC,2026-09-22,175.84
SBAC,2026-09-23,170.53
SBAC,2026-09-24,166.12
SBAC,2026-09-25,166.15
SBRY.L,2026-09-22,338.7
SBRY.L,2026-09-23,333.8
SBRY.L,2026-09-24,337.0
SBRY.L,2026-09-25,337.0
SBRY.L,2026-09-28,339.0
SBUX,2026-09-21,94.9
SBUX,2026-09-22,95.11
SBUX,2026-09-23,94.14
SBUX,2026-09-24,93.65
SBUX,2026-09-25,94.86
SCHW,2026-09-21,106.88
SCHW,2026-09-22,100.35
SCHW,2026-09-23,99.5
SCHW,2026-09-24,99.49
SCHW,2026-09-25,99.03
SCT.L,2026-09-22,1916.0
SCT.L,2026-09-23,1847.0
SCT.L,2026-09-24,1784.0
SCT.L,2026-09-25,1789.0
SCT.L,2026-09-28,1802.0
SDLF.L,2026-09-22,934.0
SDLF.L,2026-09-23,926.0
SDLF.L,2026-09-24,887.0
SDLF.L,2026-09-25,894.0
SDLF.L,2026-09-28,899.5
SDP.L,2026-09-22,860.0
SDP.L,2026-09-23,860.0
SDP.L,2026-09-24,853.0
SDP.L,2026-09-25,859.0
SDP.L,2026-09-28,847.5952
SDR.L,2026-09-22,589.0
SDR.L,2026-09-23,588.0
SDR.L,2026-09-24,588.5
SDR.L,2026-09-25,588.5
SDR.L,2026-09-28,588.5
SEIT.L,2026-09-22,36.4
SEIT.L,2026-09-23,36.5
SEIT.L,2026-09-24,36.45
SEIT.L,2026-09-25,34.6
SEIT.L,2026-09-28,34.9
SEQI.L,2026-09-22,84.6
SEQI.L,2026-09-23,84.5
SEQI.L,2026-09-24,84.6
SEQI.L,2026-09-25,85.2
SEQI.L,2026-09-28,85.098
SGE.L,2026-09-22,989.6
SGE.L,2026-09-23,1000.0
SGE.L,2026-09-24,990.0
SGE.L,2026-09-25,1002.5
SGE.L,2026-09-28,991.8
SGO.PA,2026-09-22,71.22
SGO.PA,2026-09-23,70.64
SGO.PA,2026-09-24,69.82
SGO.PA,2026-09-25,69.82
SGO.PA,2026-09-28,70.68
SGRO.L,2026-09-22,949.0
SGRO.L,2026-09-23,950.0
SGRO.L,2026-09-24,949.0
SGRO.L,2026-09-25,941.2
SGRO.L,2026-09-28,944.066
SHAW.L,2026-09-22,312.5
SHAW.L,2026-09-23,313.0
SHAW.L,2026-09-24,305.0
SHAW.L,2026-09-25,310.0
SHAW.L,2026-09-28,311.0
SHC.L,2026-09-22,141.3
SHC.L,2026-09-23,139.8
SHC.L,2026-09-24,137.8
SHC.L,2026-09-25,137.4
SHC.L,2026-09-28,138.6
SHEL.L,2026-09-22,3510.0
SHEL.L,2026-09-23,3580.0
SHEL.L,2026-09-24,3641.0
SHEL.L,2026-09-25,3611.0
SHEL.L,2026-09-28,3670.6316
SHL.DE,2026-09-22,37.43
SHL.DE,2026-09-23,37.2
SHL.DE,2026-09-24,37.21
SHL.DE,2026-09-25,37.79
SHL.DE,2026-09-28,39.0
SHW,2026-09-21,321.31
SHW,2026-09-22,328.35
SHW,2026-09-23,326.46
SHW,2026-09-24,320.4
SHW,2026-09-25,329.1
SIE.DE,2026-09-22,273.85
SIE.DE,2026-09-23,273.95
SIE.DE,2026-09-24,274.8
SIE.DE,2026-09-25,278.3
SIE.DE,2026-09-28,277.5
SJM,2026-09-21,119.88
SJM,2026-09-22,121.11
SJM,2026-09-23,122.41
SJM,2026-09-24,121.66
SJM,2026-09-25,121.0
SLB,2026-09-21,51.76
SLB,2026-09-22,52.12
SLB,2026-09-23,51.87
SLB,2026-09-24,51.43
SLB,2026-09-25,51.54
SMCI,2026-09-21,41.2
SMCI,2026-09-22,41.54
SMCI,2026-09-23,41.44
SMCI,2026-09-24,41.51
SMCI,2026-09-25,43.26
SMIN.L,2026-09-22,2783.0
SMIN.L,2026-09-23,2785.0
SMIN.L,2026-09-24,2757.0
SMIN.L,2026-09-25,2816.0
SMIN.L,2026-09-28,2834.0
SMT.L,2026-09-22,1572.5
SMT.L,2026-09-23,1573.0
SMT.L,2026-09-24,1570.0
SMT.L,2026-09-25,1571.0
SMT.L,2026-09-28,1573.0
SMWH.L,2026-09-22,384.0
SMWH.L,2026-09-23,370.2
SMWH.L,2026-09-24,360.6
SMWH.L,2026-09-25,371.0
SMWH.L,2026-09-28,382.8
SN.L,2026-09-22,1030.5
SN.L,2026-09-23,1007.5
SN.L,2026-09-24,1004.5
SN.L,2026-09-25,1008.0
SN.L,2026-09-28,1013.5
SNA,2026-09-21,369.75
SNA,2026-09-22,371.8
SNA,2026-09-23,370.25
SNA,2026-09-24,367.71
SNA,2026-09-25,369.2
SNDK,2026-09-21,1766.64
SNDK,2026-09-22,1887.04
SNDK,2026-09-23,1816.5699
SNDK,2026-09-24,1753.62
SNDK,2026-09-25,1777.8
SNPS,2026-09-21,401.85
SNPS,2026-09-22,409.24
SNPS,2026-09-23,413.06
SNPS,2026-09-24,424.91
SNPS,2026-09-25,425.76
SNR.L,2026-09-22,296.0
SNR.L,2026-09-23,296.5
SNR.L,2026-09-24,295.5
SNR.L,2026-09-25,296.0
SNR.L,2026-09-28,296.0
SO,2026-09-21,85.46
SO,2026-09-22,85.15
SO,2026-09-23,83.47
SO,2026-09-24,82.89
SO,2026-09-25,82.88
SOI.L,2026-09-22,464.5
SOI.L,2026-09-23,465.0
SOI.L,2026-09-24,460.5
SOI.L,2026-09-25,466.5
SOI.L,2026-09-28,463.25
SOLV,2026-09-21,88.84
SOLV,2026-09-22,88.75
SOLV,2026-09-23,88.37
SOLV,2026-09-24,88.59
SOLV,2026-09-25,89.5
SPG,2026-09-21,204.98
SPG,2026-09-22,205.95
SPG,2026-09-23,204.16
SPG,2026-09-24,204.7
SPG,2026-09-25,204.82
SPGI,2026-09-21,404.47
SPGI,2026-09-22,402.44
SPGI,2026-09-23,406.5
SPGI,2026-09-24,403.25
SPGI,2026-09-25,403.3
SPI.L,2026-09-22,245.5
SPI.L,2026-09-23,245.5
SPI.L,2026-09-24,245.5
SPI.L,2026-09-25,245.5
SPI.L,2026-09-28,245.5
SPM.MI,2026-09-22,4.338
SPM.MI,2026-09-23,4.363
SPM.MI,2026-09-24,4.361
SPM.MI,2026-09-25,4.349
SPM.MI,2026-09-28,4.433
SPX.L,2026-09-22,7275.0
SPX.L,2026-09-23,7110.0
SPX.L,2026-09-24,6970.0
SPX.L,2026-09-25,7050.0
SPX.L,2026-09-28,7115.0
SPY,2026-09-21,773.5
SPY,2026-09-22,773.38
SPY,2026-09-23,767.81
SPY,2026-09-24,767.18
SPY,2026-09-25,771.35
SRE,2026-09-21,81.2
SRE,2026-09-22,80.98
SRE,2026-09-23,79.0
SRE,2026-09-24,77.74
SRE,2026-09-25,77.93
SRE.L,2026-09-22,91.1
SRE.L,2026-09-23,90.25
SRE.L,2026-09-24,89.55
SRE.L,2026-09-25,89.6
SRE.L,2026-09-28,90.35
SRG.MI,2026-09-22,5.66
SRG.MI,2026-09-23,5.628
SRG.MI,2026-09-24,5.59
SRG.MI,2026-09-25,5.588
SRG.MI,2026-09-28,5.63
SRP.L,2026-09-22,252.6
SRP.L,2026-09-23,254.0
SRP.L,2026-09-24,252.8
SRP.L,2026-09-25,254.2
SRP.L,2026-09-28,254.6
SSE.L,2026-09-22,2469.0
SSE.L,2026-09-23,2470.0
SSE.L,2026-09-24,2475.0
SSE.L,2026-09-25,2456.0
SSE.L,2026-09-28,2484.0
SSIT.L,2026-09-22,189.2
SSIT.L,2026-09-23,191.4
SSIT.L,2026-09-24,184.6
SSIT.L,2026-09-25,186.4
SSIT.L,2026-09-28,185.8
SSPG.L,2026-09-22,188.2
SSPG.L,2026-09-23,184.7
SSPG.L,2026-09-24,183.2
SSPG.L,2026-09-25,186.3
SSPG.L,2026-09-28,189.5
STAN.L,2026-09-22,2266.0
STAN.L,2026-09-23,2279.0
STAN.L,2026-09-24,2257.0
STAN.L,2026-09-25,2313.0
STAN.L,2026-09-28,2337.0
STE,2026-09-21,206.97
STE,2026-09-22,208.79
STE,2026-09-23,209.98
STE,2026-09-24,208.77
STE,2026-09-25,208.93
STJ.L,2026-09-22,1118.0
STJ.L,2026-09-23,1097.0
STJ.L,2026-09-24,1064.5
STJ.L,2026-09-25,1071.0
STJ.L,2026-09-28,1079.0
STLAM.MI,2026-09-22,4.2165
STLAM.MI,2026-09-23,4.142
STLAM.MI,2026-09-24,3.9635
STLAM.MI,2026-09-25,4.0325
STLAM.MI,2026-09-28,4.1445
STLAP.PA,2026-09-22,4.2235
STLAP.PA,2026-09-23,4.141
STLAP.PA,2026-09-24,3.9695
STLAP.PA,2026-09-25,4.0265
STLAP.PA,2026-09-28,4.1415
STLD,2026-09-21,229.99
STLD,2026-09-22,233.99
STLD,2026-09-23,234.29
STLD,2026-09-24,235.2
STLD,2026-09-25,233.66
STMMI.MI,2026-09-22,46.61
STMMI.MI,2026-09-23,46.15
STMMI.MI,2026-09-24,44.89
STMMI.MI,2026-09-25,45.125
STMMI.MI,2026-09-28,45.37
STMPA.PA,2026-09-22,46.6
STMPA.PA,2026-09-23,46.11
STMPA.PA,2026-09-24,44.88
STMPA.PA,2026-09-25,45.105
STMPA.PA,2026-09-28,45.39
STT,2026-09-21,184.4
STT,2026-09-22,180.25
STT,2026-09-23,179.95
STT,2026-09-24,181.09
STT,2026-09-25,181.34
STX,2026-09-21,877.33
STX,2026-09-22,919.84
STX,2026-09-23,923.86
STX,2026-09-24,905.92
STX,2026-09-25,916.83
STZ,2026-09-21,118.39
STZ,2026-09-22,117.59
STZ,2026-09-23,116.57
STZ,2026-09-24,114.21
STZ,2026-09-25,113.63
SU.PA,2026-09-22,295.0
SU.PA,2026-09-23,293.35
SU.PA,2026-09-24,289.8
SU.PA,2026-09-25,291.0
SU.PA,2026-09-28,291.55
SUPR.L,2026-09-22,84.8
SUPR.L,2026-09-23,83.95
SUPR.L,2026-09-24,83.6
SUPR.L,2026-09-25,83.6
SUPR.L,2026-09-28,84.05
SVS.L,2026-09-22,1032.0
SVS.L,2026-09-23,1014.0
SVS.L,2026-09-24,1008.0
SVS.L,2026-09-25,1016.0
SVS.L,2026-09-28,1040.0
SVT.L,2026-09-22,3108.0
SVT.L,2026-09-23,3044.0
SVT.L,2026-09-24,3062.0
SVT.L,2026-09-25,3062.0
SVT.L,2026-09-28,3088.0
SW,2026-09-21,45.41
SW,2026-09-22,46.45
SW,2026-09-23,46.49
SW,2026-09-24,46.0
SW,2026-09-25,46.41
SWK,2026-09-21,88.68
SWK,2026-09-22,92.13
SWK,2026-09-23,91.76
SWK,2026-09-24,90.17
SWK,2026-09-25,91.4
SWKS,2026-09-21,88.74
SWKS,2026-09-22,89.96
SWKS,2026-09-23,91.45
SWKS,2026-09-24,87.81
SWKS,2026-09-25,89.34
SY1.DE,2026-09-22,93.4
SY1.DE,2026-09-23,92.42
SY1.DE,2026-09-24,93.24
SY1.DE,2026-09-25,93.08
SY1.DE,2026-09-28,93.88
SYF,2026-09-21,75.0
SYF,2026-09-22,72.67
SYF,2026-09-23,70.67
SYF,2026-09-24,71.55
SYF,2026-09-25,72.94
SYK,2026-09-21,274.19
SYK,2026-09-22,275.09
SYK,2026-09-23,273.4
SYK,2026-09-24,269.75
SYK,2026-09-25,272.36
SYNC.L,2026-09-22,116.0
SYNC.L,2026-09-23,117.8
SYNC.L,2026-09-24,117.8
SYNC.L,2026-09-25,122.0
SYNC.L,2026-09-28,122.8
SYY,2026-09-21,78.43
SYY,2026-09-22,78.67
SYY,2026-09-23,77.14
SYY,2026-09-24,78.19
SYY,2026-09-25,78.46
T,2026-09-21,25.45
T,2026-09-22,25.1
T,2026-09-23,25.3
T,2026-09-24,25.45
T,2026-09-25,25.38
TATE.L,2026-09-22,559.5
TATE.L,2026-09-23,559.0
TATE.L,2026-09-24,559.0
TATE.L,2026-09-25,559.0
TATE.L,2026-09-28,558.5
TBCG.L,2026-09-22,5230.0
TBCG.L,2026-09-23,5300.0
TBCG.L,2026-09-24,5250.0
TBCG.L,2026-09-25,5335.0
TBCG.L,2026-09-28,5430.0
TCAP.L,2026-09-22,329.8
TCAP.L,2026-09-23,331.0
TCAP.L,2026-09-24,327.6
TCAP.L,2026-09-25,328.4
TCAP.L,2026-09-28,330.2
TDG,2026-09-21,1109.65
TDG,2026-09-22,1112.42
TDG,2026-09-23,1105.28
TDG,2026-09-24,1105.28
TDG,2026-09-25,1116.2
TDY,2026-09-21,609.08
TDY,2026-09-22,612.74
TDY,2026-09-23,621.05
TDY,2026-09-24,612.02
TDY,2026-09-25,614.15
TECH,2026-09-21,72.47
TECH,2026-09-22,72.55
TECH,2026-09-23,72.52
TECH,2026-09-24,72.57
TECH,2026-09-25,72.61
TEL,2026-09-21,210.01
TEL,2026-09-22,213.48
TEL,2026-09-23,214.39
TEL,2026-09-24,213.67
TEL,2026-09-25,218.59
TEM.L,2026-09-22,335.0
TEM.L,2026-09-23,337.0
TEM.L,2026-09-24,334.0
TEM.L,2026-09-25,335.0
TEM.L,2026-09-28,330.439
TEN.MI,2026-09-22,24.55
TEN.MI,2026-09-23,24.68
TEN.MI,2026-09-24,24.89
TEN.MI,2026-09-25,24.42
TEN.MI,2026-09-28,24.59
TEP.L,2026-09-22,819.0
TEP.L,2026-09-23,790.0
TEP.L,2026-09-24,812.0
TEP.L,2026-09-25,806.0
TEP.L,2026-09-28,807.0
TEP.PA,2026-09-22,70.1
TEP.PA,2026-09-23,73.7
TEP.PA,2026-09-24,71.56
TEP.PA,2026-09-25,72.36
TEP.PA,2026-09-28,72.26
TER,2026-09-21,381.54
TER,2026-09-22,398.69
TER,2026-09-23,389.14
TER,2026-09-24,387.7
TER,2026-09-25,398.38
TFC,2026-09-21,49.0
TFC,2026-09-22,48.07
TFC,2026-09-23,47.0
TFC,2026-09-24,47.18
TFC,2026-09-25,47.66
TFIF.L,2026-09-22,108.6
TFIF.L,2026-09-23,108.6
TFIF.L,2026-09-24,108.8
TFIF.L,2026-09-25,108.6
TFIF.L,2026-09-28,108.7325
TGT,2026-09-21,157.71
TGT,2026-09-22,159.02
TGT,2026-09-23,156.26
TGT,2026-09-24,156.15
TGT,2026-09-25,157.45
THG.L,2026-09-22,27.38
THG.L,2026-09-23,27.06
THG.L,2026-09-24,26.32
THG.L,2026-09-25,26.34
THG.L,2026-09-28,26.78
THRL.L,2026-09-22,114.0
THRL.L,2026-09-23,113.0
THRL.L,2026-09-24,113.0
THRL.L,2026-09-25,113.0
THRL.L,2026-09-28,114.3
TIT.MI,2026-09-22,7.516
TIT.MI,2026-09-23,7.489
TIT.MI,2026-09-24,7.441
TIT.MI,2026-09-25,7.241
TIT.MI,2026-09-28,7.139
TJX,2026-09-21,130.96
TJX,2026-09-22,130.79
TJX,2026-09-23,131.59
TJX,2026-09-24,131.63
TJX,2026-09-25,130.06
TKO,2026-09-21,191.12
TKO,2026-09-22,188.87
TKO,2026-09-23,189.08
TKO,2026-09-24,185.06
TKO,2026-09-25,182.67
TMO,2026-09-21,658.76
TMO,2026-09-22,658.52
TMO,2026-09-23,665.3
TMO,2026-09-24,678.39
TMO,2026-09-25,675.0
TMPL.L,2026-09-22,415.5
TMPL.L,2026-09-23,412.0
TMPL.L,2026-09-24,412.0
TMPL.L,2026-09-25,415.0
TMPL.L,2026-09-28,418.905
TMUS,2026-09-21,165.27
TMUS,2026-09-22,162.41
TMUS,2026-09-23,165.66
TMUS,2026-09-24,165.35
TMUS,2026-09-25,165.43
TPK.L,2026-09-22,611.5
TPK.L,2026-09-23,612.5
TPK.L,2026-09-24,597.0
TPK.L,2026-09-25,598.5
TPK.L,2026-09-28,635.75
TPL,2026-09-21,366.8
TPL,2026-09-22,355.24
TPL,2026-09-23,335.74
TPL,2026-09-24,338.25
TPL,2026-09-25,341.07
TPR,2026-09-21,113.07
TPR,2026-09-22,112.59
TPR,2026-09-23,110.51
TPR,2026-09-24,112.12
TPR,2026-09-25,113.88
TRGP,2026-09-21,289.36
TRGP,2026-09-22,282.15
TRGP,2026-09-23,283.01
TRGP,2026-09-24,283.15
TRGP,2026-09-25,277.84
TRIG.L,2026-09-22,79.1
TRIG.L,2026-09-23,78.8
TRIG.L,2026-09-24,78.9
TRIG.L,2026-09-25,79.2
TRIG.L,2026-09-28,80.0
TRMB,2026-09-21,57.75
TRMB,2026-09-22,59.3
TRMB,2026-09-23,59.32
TRMB,2026-09-24,57.69
TRMB,2026-09-25,57.85
TRN.L,2026-09-22,196.7
TRN.L,2026-09-23,195.0
TRN.L,2026-09-24,193.5
TRN.L,2026-09-25,194.3
TRN.L,2026-09-28,194.3
TRN.MI,2026-09-22,9.316
TRN.MI,2026-09-23,9.208
TRN.MI,2026-09-24,9.154
TRN.MI,2026-09-25,9.174
TRN.MI,2026-09-28,9.23
TROW,2026-09-21,104.63
TROW,2026-09-22,104.17
TROW,2026-09-23,104.57
TROW,2026-09-24,104.27
TROW,2026-09-25,105.51
TRST.L,2026-09-22,215.8
TRST.L,2026-09-23,212.6
TRST.L,2026-09-24,209.6
TRST.L,2026-09-25,213.6
TRST.L,2026-09-28,207.8
TRV,2026-09-21,371.13
TRV,2026-09-22,362.01
TRV,2026-09-23,360.39
TRV,2026-09-24,362.39
TRV,2026-09-25,363.04
TRY.L,2026-09-22,288.5
TRY.L,2026-09-23,286.5
TRY.L,2026-09-24,283.0
TRY.L,2026-09-25,282.5
TRY.L,2026-09-28,282.43
TSCO,2026-09-21,32.33
TSCO,2026-09-22,32.84
TSCO,2026-09-23,32.29
TSCO,2026-09-24,31.44
TSCO,2026-09-25,32.27
TSCO.L,2026-09-22,482.0
TSCO.L,2026-09-23,471.1
TSCO.L,2026-09-24,477.0
TSCO.L,2026-09-25,473.2
TSCO.L,2026-09-28,480.3
TSLA,2026-09-21,375.3
TSLA,2026-09-22,378.9
TSLA,2026-09-23,380.12
TSLA,2026-09-24,377.94
TSLA,2026-09-25,372.11
TSN,2026-09-21,52.02
TSN,2026-09-22,51.82
TSN,2026-09-23,51.36
TSN,2026-09-24,51.14
TSN,2026-09-25,50.92
TT,2026-09-21,433.32
TT,2026-09-22,437.82
TT,2026-09-23,437.09
TT,2026-09-24,438.54
TT,2026-09-25,454.44
TTE.PA,2026-09-22,78.15
TTE.PA,2026-09-23,79.62
TTE.PA,2026-09-24,81.05
TTE.PA,2026-09-25,79.99
TTE.PA,2026-09-28,81.1
TTWO,2026-09-21,209.92
TTWO,2026-09-22,205.53
TTWO,2026-09-23,206.32
TTWO,2026-09-24,202.98
TTWO,2026-09-25,201.44
TW.L,2026-09-22,80.84
TW.L,2026-09-23,80.16
TW.L,2026-09-24,78.8
TW.L,2026-09-25,80.1
TW.L,2026-09-28,89.58
TXN,2026-09-21,270.87
TXN,2026-09-22,271.41
TXN,2026-09-23,272.62
TXN,2026-09-24,270.65
TXN,2026-09-25,278.07
TXT,2026-09-21,79.41
TXT,2026-09-22,77.88
TXT,2026-09-23,76.81
TXT,2026-09-24,76.02
TXT,2026-09-25,76.59
TYL,2026-09-21,332.46
TYL,2026-09-22,331.05
TYL,2026-09-23,332.53
TYL,2026-09-24,326.85
TYL,2026-09-25,325.57
UAL,2026-09-21,114.39
UAL,2026-09-22,115.21
UAL,2026-09-23,110.72
UAL,2026-09-24,111.19
UAL,2026-09-25,113.99
UBER,2026-09-21,70.84
UBER,2026-09-22,69.89
UBER,2026-09-23,69.42
UBER,2026-09-24,69.22
UBER,2026-09-25,69.62
UCG.MI,2026-09-22,83.28
UCG.MI,2026-09-23,83.47
UCG.MI,2026-09-24,82.18
UCG.MI,2026-09-25,83.95
UCG.MI,2026-09-28,83.93
UDR,2026-09-21,33.89
UDR,2026-09-22,34.1
UDR,2026-09-23,33.79
UDR,2026-09-24,33.55
UDR,2026-09-25,33.84
UEM.L,2026-09-22,281.0
UEM.L,2026-09-23,283.0
UEM.L,2026-09-24,281.0
UEM.L,2026-09-25,283.0
UEM.L,2026-09-28,281.8128
UHS,2026-09-21,174.74
UHS,2026-09-22,179.29
UHS,2026-09-23,181.39
UHS,2026-09-24,176.99
UHS,2026-09-25,178.86
UKW.L,2026-09-22,112.9
UKW.L,2026-09-23,113.0
UKW.L,2026-09-24,113.1
UKW.L,2026-09-25,112.6
UKW.L,2026-09-28,114.0408
ULTA,2026-09-21,557.86
ULTA,2026-09-22,553.86
ULTA,2026-09-23,543.81
ULTA,2026-09-24,548.78
ULTA,2026-09-25,545.2
ULVR.L,2026-09-22,4698.0
ULVR.L,2026-09-23,4677.0
ULVR.L,2026-09-24,4708.5
ULVR.L,2026-09-25,4664.5
ULVR.L,2026-09-28,4682.0
UNH,2026-09-21,377.56
UNH,2026-09-22,372.95
UNH,2026-09-23,371.29
UNH,2026-09-24,375.01
UNH,2026-09-25,376.59
UNI.MI,2026-09-22,27.75
UNI.MI,2026-09-23,26.97
UNI.MI,2026-09-24,26.88
UNI.MI,2026-09-25,27.08
UNI.MI,2026-09-28,27.2
UNP,2026-09-21,269.63
UNP,2026-09-22,274.41
UNP,2026-09-23,275.53
UNP,2026-09-24,274.07
UNP,2026-09-25,273.79
UPS,2026-09-21,94.75
UPS,2026-09-22,95.87
UPS,2026-09-23,95.82
UPS,2026-09-24,92.05
UPS,2026-09-25,93.96
URI,2026-09-21,1029.92
URI,2026-09-22,1043.04
URI,2026-09-23,1031.99
URI,2026-09-24,1021.67
URI,2026-09-25,1047.0601
URW.PA,2026-09-22,94.98
URW.PA,2026-09-23,92.56
URW.PA,2026-09-24,92.36
URW.PA,2026-09-25,91.72
URW.PA,2026-09-28,92.14
USA.L,2026-09-22,379.0
USA.L,2026-09-23,378.0
USA.L,2026-09-24,376.0
USA.L,2026-09-25,380.0
USA.L,2026-09-28,378.4969
USB,2026-09-21,60.44
USB,2026-09-22,59.44
USB,2026-09-23,58.48
USB,2026-09-24,58.4
USB,2026-09-25,59.33
UTG.L,2026-09-22,471.4
UTG.L,2026-09-23,464.0
UTG.L,2026-09-24,457.0
UTG.L,2026-09-25,455.8
UTG.L,2026-09-28,465.2
UU.L,2026-09-22,1408.0
UU.L,2026-09-23,1385.0
UU.L,2026-09-24,1398.0
UU.L,2026-09-25,1402.0
UU.L,2026-09-28,1414.0
V,2026-09-21,369.95
V,2026-09-22,362.04
V,2026-09-23,361.52
V,2026-09-24,367.98
V,2026-09-25,367.38
VCT.L,2026-09-22,990.0
VCT.L,2026-09-23,980.0
VCT.L,2026-09-24,878.0
VCT.L,2026-09-25,905.0
VCT.L,2026-09-28,895.656
VEEV,2026-09-21,261.31
VEEV,2026-09-22,260.91
VEEV,2026-09-23,270.75
VEEV,2026-09-24,274.84
VEEV,2026-09-25,280.68
VEIL.L,2026-09-22,734.0
VEIL.L,2026-09-23,735.0
VEIL.L,2026-09-24,732.0
VEIL.L,2026-09-25,729.0
VEIL.L,2026-09-28,726.0
VICI,2026-09-21,24.05
VICI,2026-09-22,23.98
VICI,2026-09-23,23.7
VICI,2026-09-24,23.27
VICI,2026-09-25,23.51
VIE.PA,2026-09-22,31.56
VIE.PA,2026-09-23,31.3
VIE.PA,2026-09-24,31.31
VIE.PA,2026-09-25,31.36
VIE.PA,2026-09-28,31.25
VLO,2026-09-21,393.27
VLO,2026-09-22,377.14
VLO,2026-09-23,375.84
VLO,2026-09-24,382.86
VLO,2026-09-25,387.18
VLTO,2026-09-21,95.18
VLTO,2026-09-22,95.79
VLTO,2026-09-23,95.88
VLTO,2026-09-24,96.2
VLTO,2026-09-25,97.14
VLX.L,2026-09-22,635.0
VLX.L,2026-09-23,640.0
VLX.L,2026-09-24,624.0
VLX.L,2026-09-25,629.0
VLX.L,2026-09-28,635.0
VMC,2026-09-21,246.2
VMC,2026-09-22,247.87
VMC,2026-09-23,244.4
VMC,2026-09-24,241.7
VMC,2026-09-25,245.0
VMRK,2026-09-21,61.36
VMRK,2026-09-22,62.35
VMRK,2026-09-23,61.29
VMRK,2026-09-24,61.05
VMRK,2026-09-25,61.51
VNA.DE,2026-09-22,17.37
VNA.DE,2026-09-23,17.335
VNA.DE,2026-09-24,17.09
VNA.DE,2026-09-25,17.17
VNA.DE,2026-09-28,17.035
VOD.L,2026-09-22,125.15
VOD.L,2026-09-23,124.25
VOD.L,2026-09-24,125.3
VOD.L,2026-09-25,125.8
VOD.L,2026-09-28,126.35
VOF.L,2026-09-22,427.5
VOF.L,2026-09-23,430.0
VOF.L,2026-09-24,429.5
VOF.L,2026-09-25,431.0
VOF.L,2026-09-28,428.0
VOW.DE,2026-09-22,75.25
VOW.DE,2026-09-23,73.15
VOW.DE,2026-09-24,70.8
VOW.DE,2026-09-25,71.75
VOW.DE,2026-09-28,72.2
VOW3.DE,2026-09-22,75.22
VOW3.DE,2026-09-23,72.9
VOW3.DE,2026-09-24,70.82
VOW3.DE,2026-09-25,71.72
VOW3.DE,2026-09-28,71.98
VRSK,2026-09-21,172.02
VRSK,2026-09-22,171.94
VRSK,2026-09-23,171.8
VRSK,2026-09-24,168.65
VRSK,2026-09-25,169.21
VRSN,2026-09-21,308.18
VRSN,2026-09-22,299.42
VRSN,2026-09-23,293.28
VRSN,2026-09-24,291.88
VRSN,2026-09-25,287.25
VRT,2026-09-21,250.86
VRT,2026-09-22,253.46
VRT,2026-09-23,248.78
VRT,2026-09-24,245.3
VRT,2026-09-25,253.28
VRTX,2026-09-21,510.72
VRTX,2026-09-22,514.99
VRTX,2026-09-23,516.34
VRTX,2026-09-24,522.38
VRTX,2026-09-25,526.19
VST,2026-09-21,140.78
VST,2026-09-22,140.41
VST,2026-09-23,137.97
VST,2026-09-24,137.94
VST,2026-09-25,138.46
VSVS.L,2026-09-22,369.4
VSVS.L,2026-09-23,373.0
VSVS.L,2026-09-24,367.4
VSVS.L,2026-09-25,372.8
VSVS.L,2026-09-28,374.941
VTR,2026-09-21,87.03
VTR,2026-09-22,86.86
VTR,2026-09-23,86.64
VTR,2026-09-24,86.83
VTR,2026-09-25,86.59
VTRS,2026-09-21,17.1
VTRS,2026-09-22,17.18
VTRS,2026-09-23,17.12
VTRS,2026-09-24,17.42
VTRS,2026-09-25,17.83
VTY.L,2026-09-22,269.8
VTY.L,2026-09-23,268.0
VTY.L,2026-09-24,259.6
VTY.L,2026-09-25,259.0
VTY.L,2026-09-28,284.8
VZ,2026-09-21,47.68
VZ,2026-09-22,46.45
VZ,2026-09-23,46.52
VZ,2026-09-24,47.32
VZ,2026-09-25,47.08
WAB,2026-09-21,283.38
WAB,2026-09-22,289.71
WAB,2026-09-23,292.22
WAB,2026-09-24,290.23
WAB,2026-09-25,288.0
WAT,2026-09-21,423.92
WAT,2026-09-22,425.74
WAT,2026-09-23,420.57
WAT,2026-09-24,430.3
WAT,2026-09-25,433.54
WBD,2026-09-21,30.8
WBD,2026-09-22,30.83
WBD,2026-09-23,30.76
WBD,2026-09-24,30.84
WBD,2026-09-25,30.86
WDAY,2026-09-21,191.92
WDAY,2026-09-22,188.23
WDAY,2026-09-23,192.38
WDAY,2026-09-24,190.99
WDAY,2026-09-25,189.45
WDC,2026-09-21,448.17
WDC,2026-09-22,464.6
WDC,2026-09-23,473.69
WDC,2026-09-24,450.31
WDC,2026-09-25,456.81
WEC,2026-09-21,103.48
WEC,2026-09-22,102.83
WEC,2026-09-23,101.17
WEC,2026-09-24,100.9
WEC,2026-09-25,101.45
WEIR.L,2026-09-22,2712.0
WEIR.L,2026-09-23,2688.0
WEIR.L,2026-09-24,2620.0
WEIR.L,2026-09-25,2644.0
WEIR.L,2026-09-28,2622.0
WELL,2026-09-21,232.76
WELL,2026-09-22,230.39
WELL,2026-09-23,229.87
WELL,2026-09-24,233.61
WELL,2026-09-25,231.37
WFC,2026-09-21,86.54
WFC,2026-09-22,83.15
WFC,2026-09-23,81.9
WFC,2026-09-24,82.18
WFC,2026-09-25,82.97
WIX.L,2026-09-22,207.0
WIX.L,2026-09-23,200.0
WIX.L,2026-09-24,198.8
WIX.L,2026-09-25,200.0
WIX.L,2026-09-28,208.5
WIZZ.L,2026-09-22,1052.0
WIZZ.L,2026-09-23,1021.0
WIZZ.L,2026-09-24,1024.0
WIZZ.L,2026-09-25,1055.0
WIZZ.L,2026-09-28,1055.0
WKL.AS,2026-09-22,66.82
WKL.AS,2026-09-23,67.5
WKL.AS,2026-09-24,68.82
WKL.AS,2026-09-25,68.66
WKL.AS,2026-09-28,68.16
WKP.L,2026-09-22,362.0
WKP.L,2026-09-23,356.0
WKP.L,2026-09-24,351.4
WKP.L,2026-09-25,357.0
WKP.L,2026-09-28,361.8
WM,2026-09-21,207.04
WM,2026-09-22,207.68
WM,2026-09-23,207.88
WM,2026-09-24,207.96
WM,2026-09-25,206.83
WMB,2026-09-21,71.65
WMB,2026-09-22,70.98
WMB,2026-09-23,71.11
WMB,2026-09-24,70.58
WMB,2026-09-25,69.26
WMT,2026-09-21,107.44
WMT,2026-09-22,110.12
WMT,2026-09-23,110.53
WMT,2026-09-24,107.59
WMT,2026-09-25,107.98
WOSG.L,2026-09-22,679.0
WOSG.L,2026-09-23,689.0
WOSG.L,2026-09-24,679.5
WOSG.L,2026-09-25,672.5
WOSG.L,2026-09-28,677.5
WPP.L,2026-09-22,384.5
WPP.L,2026-09-23,387.0
WPP.L,2026-09-24,382.2
WPP.L,2026-09-25,393.5
WPP.L,2026-09-28,388.9
WRB,2026-09-21,68.79
WRB,2026-09-22,68.17
WRB,2026-09-23,67.67
WRB,2026-09-24,67.29
WRB,2026-09-25,66.82
WSM,2026-09-21,227.16
WSM,2026-09-22,232.69
WSM,2026-09-23,227.83
WSM,2026-09-24,228.66
WSM,2026-09-25,231.9
WST,2026-09-21,361.78
WST,2026-09-22,371.09
WST,2026-09-23,375.87
WST,2026-09-24,373.6
WST,2026-09-25,370.44
WTB.L,2026-09-22,2338.0
WTB.L,2026-09-23,2322.0
WTB.L,2026-09-24,2328.0
WTB.L,2026-09-25,2348.0
WTB.L,2026-09-28,2375.0
WTW,2026-09-21,306.82
WTW,2026-09-22,301.73
WTW,2026-09-23,298.99
WTW,2026-09-24,293.63
WTW,2026-09-25,293.99
WWH.L,2026-09-22,385.0
WWH.L,2026-09-23,381.0
WWH.L,2026-09-24,380.5
WWH.L,2026-09-25,382.0
WWH.L,2026-09-28,379.5
WY,2026-09-21,21.01
WY,2026-09-22,21.54
WY,2026-09-23,21.17
WY,2026-09-24,20.14
WY,2026-09-25,20.01
WYNN,2026-09-21,83.32
WYNN,2026-09-22,82.51
WYNN,2026-09-23,81.45
WYNN,2026-09-24,80.19
WYNN,2026-09-25,81.12
XEL,2026-09-21,71.85
XEL,2026-09-22,72.06
XEL,2026-09-23,70.66
XEL,2026-09-24,69.56
XEL,2026-09-25,69.8
XOM,2026-09-21,158.3
XOM,2026-09-22,158.71
XOM,2026-09-23,161.23
XOM,2026-09-24,162.14
XOM,2026-09-25,160.59
XPP.L,2026-09-22,2100.0
XPP.L,2026-09-23,2050.0
XPP.L,2026-09-24,2030.0
XPP.L,2026-09-25,2045.0
XPP.L,2026-09-28,2030.0
XPS.L,2026-09-22,308.5
XPS.L,2026-09-23,305.0
XPS.L,2026-09-24,298.5
XPS.L,2026-09-25,296.5
XPS.L,2026-09-28,301.5
XYL,2026-09-21,107.24
XYL,2026-09-22,107.85
XYL,2026-09-23,108.64
XYL,2026-09-24,102.66
XYL,2026-09-25,102.63
XYZ,2026-09-21,77.91
XYZ,2026-09-22,77.53
XYZ,2026-09-23,74.68
XYZ,2026-09-24,76.74
XYZ,2026-09-25,76.42
YUM,2026-09-21,139.33
YUM,2026-09-22,139.71
YUM,2026-09-23,140.63
YUM,2026-09-24,137.34
YUM,2026-09-25,138.63
ZAL.DE,2026-09-22,22.35
ZAL.DE,2026-09-23,22.35
ZAL.DE,2026-09-24,22.12
ZAL.DE,2026-09-25,22.03
ZAL.DE,2026-09-28,21.7
ZBH,2026-09-21,94.32
ZBH,2026-09-22,93.98
ZBH,2026-09-23,90.88
ZBH,2026-09-24,89.69
ZBH,2026-09-25,91.04
ZBRA,2026-09-21,350.84
ZBRA,2026-09-22,361.61
ZBRA,2026-09-23,371.02
ZBRA,2026-09-24,365.1
ZBRA,2026-09-25,370.04
ZIG.L,2026-09-22,432.5
ZIG.L,2026-09-23,427.0
ZIG.L,2026-09-24,428.0
ZIG.L,2026-09-25,428.5
ZIG.L,2026-09-28,436.159
ZTS,2026-09-21,71.33
ZTS,2026-09-22,72.86
ZTS,2026-09-23,71.61
ZTS,2026-09-24,70.27
ZTS,2026-09-25,71.05
^FCHI,2026-09-22,8154.9102
^FCHI,2026-09-23,8123.4102
^FCHI,2026-09-24,8081.4302
^FCHI,2026-09-25,8077.7998
^FCHI,2026-09-28,8103.8398
^FTMC,2026-09-22,24526.5
^FTMC,2026-09-23,24361.5996
^FTMC,2026-09-24,24154.3008
^FTMC,2026-09-25,24261.0996
^FTMC,2026-09-28,24444.1895
^FTSE,2026-09-22,10708.2998
^FTSE,2026-09-23,10705.2998
^FTSE,2026-09-24,10680.0
^FTSE,2026-09-25,10695.2998
^FTSE,2026-09-28,10727.3398
^GDAXI,2026-09-22,25578.8496
^GDAXI,2026-09-23,25410.6309
^GDAXI,2026-09-24,25266.5293
^GDAXI,2026-09-25,25408.6406
^GDAXI,2026-09-28,25411.0098
^STOXX50E,2026-09-22,6324.7202
^STOXX50E,2026-09-23,6299.8198
^STOXX50E,2026-09-24,6272.5
^STOXX50E,2026-09-25,6302.8198
^STOXX50E,2026-09-28,6308.2002
