ticker,date,close
3IN.L,2026-09-30,394.5
3IN.L,2026-10-01,389.0
3IN.L,2026-10-02,387.5
3IN.L,2026-10-05,387.0
3IN.L,2026-10-06,387.2
A,2026-09-29,175.03
A,2026-09-30,172.31
A,2026-10-01,166.68
A,2026-10-02,167.78
A,2026-10-05,171.29
A2A.MI,2026-09-30,2.263
A2A.MI,2026-10-01,2.232
A2A.MI,2026-10-02,2.245
A2A.MI,2026-10-05,2.224
A2A.MI,2026-10-06,2.243
AAF.L,2026-09-30,300.6
AAF.L,2026-10-01,304.6
AAF.L,2026-10-02,307.6
AAF.L,2026-10-05,310.4
AAF.L,2026-10-06,314.4
AAL.L,2026-09-30,4060.0
AAL.L,2026-10-01,3979.0
AAL.L,2026-10-02,4097.0
AAL.L,2026-10-05,4180.0
AAL.L,2026-10-06,4218.0
AAPL,2026-09-29,329.4
AAPL,2026-09-30,333.02
AAPL,2026-10-01,330.32
AAPL,2026-10-02,333.69
AAPL,2026-10-05,332.89
AAS.L,2026-09-30,462.0
AAS.L,2026-10-01,463.0
AAS.L,2026-10-02,468.0
AAS.L,2026-10-05,474.0
AAS.L,2026-10-06,476.0
ABBV,2026-09-29,263.29
ABBV,2026-09-30,261.59
ABBV,2026-10-01,259.93
ABBV,2026-10-02,262.82
ABBV,2026-10-05,265.76
ABDN.L,2026-09-30,248.4
ABDN.L,2026-10-01,242.4
ABDN.L,2026-10-02,243.2
ABDN.L,2026-10-05,241.6
ABDN.L,2026-10-06,237.2962
ABF.L,2026-09-30,1858.0
ABF.L,2026-10-01,1831.0
ABF.L,2026-10-02,1826.0
ABF.L,2026-10-05,1811.5
ABF.L,2026-10-06,1832.0
ABI.BR,2026-09-30,65.32
ABI.BR,2026-10-01,64.56
ABI.BR,2026-10-02,64.88
ABI.BR,2026-10-05,65.9
ABI.BR,2026-10-06,66.88
ABNB,2026-09-29,156.96
ABNB,2026-09-30,160.65
ABNB,2026-10-01,160.47
ABNB,2026-10-02,162.43
ABNB,2026-10-05,164.07
ABT,2026-09-29,100.95
ABT,2026-09-30,98.83
ABT,2026-10-01,96.69
ABT,2026-10-02,97.5
ABT,2026-10-05,100.1
AC.PA,2026-09-30,45.85
AC.PA,2026-10-01,44.01
AC.PA,2026-10-02,44.2
AC.PA,2026-10-05,43.7
AC.PA,2026-10-06,44.35
ACA.PA,2026-09-30,17.57
ACA.PA,2026-10-01,16.92
ACA.PA,2026-10-02,16.885
ACA.PA,2026-10-05,16.93
ACA.PA,2026-10-06,17.195
ACGL,2026-09-29,95.12
ACGL,2026-09-30,92.36
ACGL,2026-10-01,94.26
ACGL,2026-10-02,93.6
ACGL,2026-10-05,94.36
ACN,2026-09-29,177.12
ACN,2026-09-30,183.37
ACN,2026-10-01,212.3
ACN,2026-10-02,198.9
ACN,2026-10-05,195.05
AD.AS,2026-09-30,31.85
AD.AS,2026-10-01,31.65
AD.AS,2026-10-02,31.5
AD.AS,2026-10-05,31.46
AD.AS,2026-10-06,31.66
ADBE,2026-09-29,233.17
ADBE,2026-09-30,239.94
ADBE,2026-10-01,241.28
ADBE,2026-10-02,237.69
ADBE,2026-10-05,238.79
ADI,2026-09-29,398.22
ADI,2026-09-30,396.71
ADI,2026-10-01,404.6
ADI,2026-10-02,417.15
ADI,2026-10-05,419.1
ADM,2026-09-29,79.4
ADM,2026-09-30,79.38
ADM,2026-10-01,79.52
ADM,2026-10-02,80.45
ADM,2026-10-05,82.47
ADM.L,2026-09-30,3616.0
ADM.L,2026-10-01,3586.0
ADM.L,2026-10-02,3588.0
ADM.L,2026-10-05,3574.0
ADM.L,2026-10-06,3594.0
ADP,2026-09-29,261.8
ADP,2026-09-30,258.06
ADP,2026-10-01,263.96
ADP,2026-10-02,257.68
ADP,2026-10-05,260.26
ADS.DE,2026-09-30,145.3
ADS.DE,2026-10-01,142.65
ADS.DE,2026-10-02,144.05
ADS.DE,2026-10-05,142.3
ADS.DE,2026-10-06,145.3
ADSK,2026-09-29,203.18
ADSK,2026-09-30,209.0
ADSK,2026-10-01,211.31
ADSK,2026-10-02,212.0
ADSK,2026-10-05,221.56
ADYEN.AS,2026-09-30,876.6
ADYEN.AS,2026-10-01,855.6
ADYEN.AS,2026-10-02,859.4
ADYEN.AS,2026-10-05,862.5
ADYEN.AS,2026-10-06,870.9
AEE,2026-09-29,100.25
AEE,2026-09-30,99.38
AEE,2026-10-01,99.64
AEE,2026-10-02,99.94
AEE,2026-10-05,99.7
AEP,2026-09-29,119.3
AEP,2026-09-30,118.64
AEP,2026-10-01,119.75
AEP,2026-10-02,119.57
AEP,2026-10-05,119.73
AEP.L,2026-09-30,205.0
AEP.L,2026-10-01,198.2
AEP.L,2026-10-02,197.2
AEP.L,2026-10-05,193.2
AEP.L,2026-10-06,194.4
AES,2026-09-29,14.86
AES,2026-09-30,14.9
AES,2026-10-01,14.92
AES,2026-10-02,14.91
AES,2026-10-05,14.9
AFL,2026-09-29,113.66
AFL,2026-09-30,111.78
AFL,2026-10-01,111.18
AFL,2026-10-02,111.54
AFL,2026-10-05,112.38
AGT.L,2026-09-30,256.0
AGT.L,2026-10-01,254.0
AGT.L,2026-10-02,255.5
AGT.L,2026-10-05,256.5
AGT.L,2026-10-06,257.17
AI.PA,2026-09-30,170.88
AI.PA,2026-10-01,166.44
AI.PA,2026-10-02,170.16
AI.PA,2026-10-05,170.76
AI.PA,2026-10-06,169.22
AIE.L,2026-09-30,247.0
AIE.L,2026-10-01,244.5
AIE.L,2026-10-02,243.5
AIE.L,2026-10-05,243.0
AIE.L,2026-10-06,244.0
AIG,2026-09-29,75.27
AIG,2026-09-30,74.42
AIG,2026-10-01,75.43
AIG,2026-10-02,74.93
AIG,2026-10-05,75.12
AIR.PA,2026-09-30,190.62
AIR.PA,2026-10-01,185.6
AIR.PA,2026-10-02,189.3
AIR.PA,2026-10-05,189.08
AIR.PA,2026-10-06,188.76
AIZ,2026-09-29,263.65
AIZ,2026-09-30,263.5
AIZ,2026-10-01,266.24
AIZ,2026-10-02,267.32
AIZ,2026-10-05,266.41
AJB.L,2026-09-30,584.0
AJB.L,2026-10-01,576.0
AJB.L,2026-10-02,581.5
AJB.L,2026-10-05,587.0
AJB.L,2026-10-06,582.5
AJG,2026-09-29,227.75
AJG,2026-09-30,228.11
AJG,2026-10-01,231.82
AJG,2026-10-02,226.11
AJG,2026-10-05,227.24
AKAM,2026-09-29,108.45
AKAM,2026-09-30,106.35
AKAM,2026-10-01,106.93
AKAM,2026-10-02,108.92
AKAM,2026-10-05,107.99
ALB,2026-09-29,107.62
ALB,2026-09-30,105.78
ALB,2026-10-01,105.03
ALB,2026-10-02,104.59
ALB,2026-10-05,104.37
ALFA.L,2026-09-30,156.8
ALFA.L,2026-10-01,155.6
ALFA.L,2026-10-02,155.0
ALFA.L,2026-10-05,156.4
ALFA.L,2026-10-06,157.8
ALGN,2026-09-29,144.01
ALGN,2026-09-30,145.35
ALGN,2026-10-01,145.35
ALGN,2026-10-02,143.74
ALGN,2026-10-05,140.65
ALL,2026-09-29,225.42
ALL,2026-09-30,221.86
ALL,2026-10-01,224.41
ALL,2026-10-02,223.74
ALL,2026-10-05,224.71
ALLE,2026-09-29,155.43
ALLE,2026-09-30,153.77
ALLE,2026-10-01,154.28
ALLE,2026-10-02,154.21
ALLE,2026-10-05,153.67
ALV.DE,2026-09-30,416.3
ALV.DE,2026-10-01,412.0
ALV.DE,2026-10-02,416.2
ALV.DE,2026-10-05,419.2
ALV.DE,2026-10-06,420.9
ALW.L,2026-09-30,1380.0
ALW.L,2026-10-01,1373.0
ALW.L,2026-10-02,1387.0
ALW.L,2026-10-05,1398.0
ALW.L,2026-10-06,1402.11
AMAT,2026-09-29,512.01
AMAT,2026-09-30,511.38
AMAT,2026-10-01,529.3
AMAT,2026-10-02,540.04
AMAT,2026-10-05,542.28
AMCR,2026-09-29,42.46
AMCR,2026-09-30,41.86
AMCR,2026-10-01,41.81
AMCR,2026-10-02,41.86
AMCR,2026-10-05,41.8
AMD,2026-09-29,607.57
AMD,2026-09-30,611.76
AMD,2026-10-01,615.73
AMD,2026-10-02,633.91
AMD,2026-10-05,631.75
AME,2026-09-29,250.78
AME,2026-09-30,247.73
AME,2026-10-01,249.09
AME,2026-10-02,251.93
AME,2026-10-05,251.92
AMGN,2026-09-29,423.64
AMGN,2026-09-30,421.51
AMGN,2026-10-01,407.27
AMGN,2026-10-02,403.04
AMGN,2026-10-05,402.98
AMP,2026-09-29,497.32
AMP,2026-09-30,492.35
AMP,2026-10-01,494.82
AMP,2026-10-02,490.91
AMP,2026-10-05,494.94
AMP.MI,2026-09-30,12.1
AMP.MI,2026-10-01,11.785
AMP.MI,2026-10-02,11.555
AMP.MI,2026-10-05,12.085
AMP.MI,2026-10-06,12.255
AMT,2026-09-29,167.35
AMT,2026-09-30,163.69
AMT,2026-10-01,161.06
AMT,2026-10-02,162.2
AMT,2026-10-05,162.26
AMZN,2026-09-29,246.67
AMZN,2026-09-30,249.15
AMZN,2026-10-01,248.23
AMZN,2026-10-02,251.52
AMZN,2026-10-05,251.4
ANET,2026-09-29,202.86
ANET,2026-09-30,203.59
ANET,2026-10-01,204.49
ANET,2026-10-02,207.35
ANET,2026-10-05,206.9
ANTO.L,2026-09-30,3766.0
ANTO.L,2026-10-01,3690.0
ANTO.L,2026-10-02,3802.0
ANTO.L,2026-10-05,3838.0
ANTO.L,2026-10-06,3913.0
AO.L,2026-09-30,89.5
AO.L,2026-10-01,88.0
AO.L,2026-10-02,88.2
AO.L,2026-10-05,88.6
AO.L,2026-10-06,89.0
AON,2026-09-29,275.9
AON,2026-09-30,276.77
AON,2026-10-01,275.95
AON,2026-10-02,269.45
AON,2026-10-05,272.05
AOS,2026-09-29,58.02
AOS,2026-09-30,56.37
AOS,2026-10-01,56.67
AOS,2026-10-02,56.75
AOS,2026-10-05,56.97
APA,2026-09-29,42.19
APA,2026-09-30,41.54
APA,2026-10-01,43.34
APA,2026-10-02,43.68
APA,2026-10-05,43.85
APD,2026-09-29,279.19
APD,2026-09-30,278.23
APD,2026-10-01,273.33
APD,2026-10-02,277.57
APD,2026-10-05,279.45
APH,2026-09-29,84.34
APH,2026-09-30,84.3
APH,2026-10-01,85.67
APH,2026-10-02,86.96
APH,2026-10-05,87.27
APN.L,2026-09-30,274.0
APN.L,2026-10-01,267.5
APN.L,2026-10-02,265.5
APN.L,2026-10-05,264.5
APN.L,2026-10-06,266.5
APO,2026-09-29,119.0
APO,2026-09-30,116.06
APO,2026-10-01,114.34
APO,2026-10-02,114.02
APO,2026-10-05,115.35
APP,2026-09-29,305.66
APP,2026-09-30,290.43
APP,2026-10-01,281.31
APP,2026-10-02,268.22
APP,2026-10-05,281.97
APTV,2026-09-29,43.37
APTV,2026-09-30,43.02
APTV,2026-10-01,43.97
APTV,2026-10-02,43.54
APTV,2026-10-05,43.89
ARE,2026-09-29,48.47
ARE,2026-09-30,47.46
ARE,2026-10-01,47.03
ARE,2026-10-02,47.37
ARE,2026-10-05,45.88
ARES,2026-09-29,118.97
ARES,2026-09-30,116.17
ARES,2026-10-01,116.57
ARES,2026-10-02,117.55
ARES,2026-10-05,117.13
ARGX,2026-09-29,970.66
ARGX,2026-09-30,958.91
ARGX,2026-10-01,936.0
ARGX,2026-10-02,919.21
ARGX,2026-10-05,912.87
ARGX.BR,2026-09-30,846.8
ARGX.BR,2026-10-01,841.6
ARGX.BR,2026-10-02,815.4
ARGX.BR,2026-10-05,812.4
ARGX.BR,2026-10-06,818.0
ASHM.L,2026-09-30,217.0
ASHM.L,2026-10-01,213.0
ASHM.L,2026-10-02,217.6
ASHM.L,2026-10-05,214.0
ASHM.L,2026-10-06,215.4
ASL.L,2026-09-30,1818.0
ASL.L,2026-10-01,1802.0
ASL.L,2026-10-02,1794.0
ASL.L,2026-10-05,1792.0
ASL.L,2026-10-06,1808.0
ASML,2026-09-29,1834.39
ASML,2026-09-30,1811.67
ASML,2026-10-01,1808.49
ASML,2026-10-02,1867.3101
ASML,2026-10-05,1859.86
ASML.AS,2026-09-30,1596.8
ASML.AS,2026-10-01,1597.0
ASML.AS,2026-10-02,1653.0
ASML.AS,2026-10-05,1656.2
ASML.AS,2026-10-06,1664.2
ATG.L,2026-09-30,461.8
ATG.L,2026-10-01,458.8
ATG.L,2026-10-02,457.4
ATG.L,2026-10-05,458.2
ATG.L,2026-10-06,464.0
ATO,2026-09-29,157.6
ATO,2026-09-30,156.44
ATO,2026-10-01,156.38
ATO,2026-10-02,157.17
ATO,2026-10-05,158.05
ATR.L,2026-09-30,722.0
ATR.L,2026-10-01,718.0
ATR.L,2026-10-02,718.0
ATR.L,2026-10-05,725.0
ATR.L,2026-10-06,718.6
ATT.L,2026-09-30,771.0
ATT.L,2026-10-01,763.0
ATT.L,2026-10-02,775.0
ATT.L,2026-10-05,781.0
ATT.L,2026-10-06,785.8061
ATYM.L,2026-09-30,1080.0
ATYM.L,2026-10-01,1042.0
ATYM.L,2026-10-02,1043.0
ATYM.L,2026-10-05,1055.0
ATYM.L,2026-10-06,1057.0
AUTO.L,2026-09-30,452.8
AUTO.L,2026-10-01,460.4
AUTO.L,2026-10-02,461.7
AUTO.L,2026-10-05,460.6
AUTO.L,2026-10-06,463.5
AV.L,2026-09-30,686.4
AV.L,2026-10-01,672.4
AV.L,2026-10-02,678.4
AV.L,2026-10-05,677.2
AV.L,2026-10-06,679.8
AVGO,2026-09-29,355.1
AVGO,2026-09-30,351.19
AVGO,2026-10-01,343.64
AVGO,2026-10-02,355.14
AVGO,2026-10-05,362.51
AVIO.MI,2026-09-30,29.36
AVIO.MI,2026-10-01,29.33
AVIO.MI,2026-10-02,29.18
AVIO.MI,2026-10-05,30.14
AVIO.MI,2026-10-06,29.2
AVON.L,2026-09-30,1844.0
AVON.L,2026-10-01,1838.0
AVON.L,2026-10-02,1882.0
AVON.L,2026-10-05,1886.0
AVON.L,2026-10-06,1898.0
AVY,2026-09-29,170.78
AVY,2026-09-30,170.67
AVY,2026-10-01,171.62
AVY,2026-10-02,169.87
AVY,2026-10-05,170.0
AWK,2026-09-29,129.8
AWK,2026-09-30,129.47
AWK,2026-10-01,127.86
AWK,2026-10-02,130.25
AWK,2026-10-05,127.84
AXON,2026-09-29,419.58
AXON,2026-09-30,422.52
AXON,2026-10-01,422.21
AXON,2026-10-02,413.35
AXON,2026-10-05,411.81
AXP,2026-09-29,305.4
AXP,2026-09-30,304.1
AXP,2026-10-01,302.09
AXP,2026-10-02,302.78
AXP,2026-10-05,304.02
AZM.MI,2026-09-30,38.9
AZM.MI,2026-10-01,37.87
AZM.MI,2026-10-02,37.88
AZM.MI,2026-10-05,37.6
AZM.MI,2026-10-06,37.69
AZN,2026-09-29,164.21
AZN,2026-09-30,161.47
AZN,2026-10-01,157.7
AZN,2026-10-02,156.9
AZN,2026-10-05,156.53
AZN.L,2026-09-30,12280.0
AZN.L,2026-10-01,12032.0
AZN.L,2026-10-02,11870.0
AZN.L,2026-10-05,11764.0
AZN.L,2026-10-06,12010.0
AZO,2026-09-29,2875.97
AZO,2026-09-30,2830.02
AZO,2026-10-01,2819.03
AZO,2026-10-02,2792.03
AZO,2026-10-05,2807.73
BA,2026-09-29,187.68
BA,2026-09-30,186.05
BA,2026-10-01,192.28
BA,2026-10-02,193.56
BA,2026-10-05,192.72
BA.L,2026-09-30,1957.5
BA.L,2026-10-01,1943.0
BA.L,2026-10-02,1921.0
BA.L,2026-10-05,1934.0
BA.L,2026-10-06,1871.0
BAB.L,2026-09-30,987.0
BAB.L,2026-10-01,949.2
BAB.L,2026-10-02,922.2
BAB.L,2026-10-05,925.8
BAB.L,2026-10-06,910.2
BAC,2026-09-29,54.96
BAC,2026-09-30,54.43
BAC,2026-10-01,53.73
BAC,2026-10-02,53.75
BAC,2026-10-05,54.0
BAG.L,2026-09-30,576.0
BAG.L,2026-10-01,547.0
BAG.L,2026-10-02,542.0
BAG.L,2026-10-05,547.0
BAG.L,2026-10-06,556.0
BALL,2026-09-29,56.65
BALL,2026-09-30,56.03
BALL,2026-10-01,56.5
BALL,2026-10-02,56.37
BALL,2026-10-05,57.11
BAMI.MI,2026-09-30,15.92
BAMI.MI,2026-10-01,15.34
BAMI.MI,2026-10-02,15.225
BAMI.MI,2026-10-05,15.27
BAMI.MI,2026-10-06,15.33
BARC.L,2026-09-30,457.55
BARC.L,2026-10-01,438.95
BARC.L,2026-10-02,443.65
BARC.L,2026-10-05,446.7
BARC.L,2026-10-06,450.0
BAS.DE,2026-09-30,50.18
BAS.DE,2026-10-01,49.4
BAS.DE,2026-10-02,49.925
BAS.DE,2026-10-05,50.24
BAS.DE,2026-10-06,51.01
BATS.L,2026-09-30,4129.0
BATS.L,2026-10-01,3984.0
BATS.L,2026-10-02,3960.0
BATS.L,2026-10-05,3978.0
BATS.L,2026-10-06,3975.0
BAX,2026-09-29,23.48
BAX,2026-09-30,24.0
BAX,2026-10-01,23.64
BAX,2026-10-02,23.49
BAX,2026-10-05,24.22
BAYN.DE,2026-09-30,47.95
BAYN.DE,2026-10-01,45.4
BAYN.DE,2026-10-02,44.94
BAYN.DE,2026-10-05,43.96
BAYN.DE,2026-10-06,44.75
BBOX.L,2026-09-30,146.0
BBOX.L,2026-10-01,140.9
BBOX.L,2026-10-02,140.8
BBOX.L,2026-10-05,140.9
BBOX.L,2026-10-06,141.9
BBVA,2026-09-29,28.64
BBVA,2026-09-30,27.87
BBVA,2026-10-01,26.87
BBVA,2026-10-02,26.98
BBVA,2026-10-05,26.94
BBVA.MC,2026-09-30,24.81
BBVA.MC,2026-10-01,23.81
BBVA.MC,2026-10-02,23.73
BBVA.MC,2026-10-05,24.0
BBVA.MC,2026-10-06,24.35
BBY,2026-09-29,88.75
BBY,2026-09-30,88.24
BBY,2026-10-01,87.7
BBY,2026-10-02,87.97
BBY,2026-10-05,87.39
BBY.L,2026-09-30,922.0
BBY.L,2026-10-01,920.0
BBY.L,2026-10-02,937.5
BBY.L,2026-10-05,911.0
BBY.L,2026-10-06,904.5
BC.MI,2026-09-30,81.22
BC.MI,2026-10-01,79.0
BC.MI,2026-10-02,80.18
BC.MI,2026-10-05,80.46
BC.MI,2026-10-06,79.66
BCG.L,2026-09-30,2.03
BCG.L,2026-10-01,2.04
BCG.L,2026-10-02,2.056
BCG.L,2026-10-05,2.02
BCG.L,2026-10-06,1.994
BCS,2026-09-29,24.49
BCS,2026-09-30,24.27
BCS,2026-10-01,23.64
BCS,2026-10-02,23.71
BCS,2026-10-05,23.59
BDX,2026-09-29,181.97
BDX,2026-09-30,179.0
BDX,2026-10-01,178.07
BDX,2026-10-02,176.8
BDX,2026-10-05,180.67
BE,2026-09-29,291.25
BE,2026-09-30,276.98
BE,2026-10-01,277.58
BE,2026-10-02,289.15
BE,2026-10-05,286.65
BEI.DE,2026-09-30,76.94
BEI.DE,2026-10-01,75.76
BEI.DE,2026-10-02,75.4
BEI.DE,2026-10-05,75.74
BEI.DE,2026-10-06,76.34
BEN,2026-09-29,32.67
BEN,2026-09-30,32.12
BEN,2026-10-01,32.5
BEN,2026-10-02,32.81
BEN,2026-10-05,32.88
BEZ.L,2026-09-30,1308.5
BEZ.L,2026-10-01,1308.5
BEZ.L,2026-10-02,1308.5
BF-B,2026-09-29,26.29
BF-B,2026-09-30,26.2
BF-B,2026-10-01,25.97
BF-B,2026-10-02,26.16
BF-B,2026-10-05,26.27
BG,2026-09-29,108.14
BG,2026-09-30,106.95
BG,2026-10-01,106.61
BG,2026-10-02,106.72
BG,2026-10-05,107.32
BGEO.L,2026-09-30,14370.0
BGEO.L,2026-10-01,13540.0
BGEO.L,2026-10-02,13260.0
BGEO.L,2026-10-05,13280.0
BGEO.L,2026-10-06,13450.0
BGFD.L,2026-09-30,1098.0
BGFD.L,2026-10-01,1090.0
BGFD.L,2026-10-02,1096.0
BGFD.L,2026-10-05,1084.0
BGFD.L,2026-10-06,1086.0
BHMG.L,2026-09-30,413.0
BHMG.L,2026-10-01,411.5
BHMG.L,2026-10-02,411.5
BHMG.L,2026-10-05,412.5
BHMG.L,2026-10-06,412.83
BIIB,2026-09-29,227.07
BIIB,2026-09-30,225.88
BIIB,2026-10-01,222.82
BIIB,2026-10-02,219.88
BIIB,2026-10-05,223.59
BKG.L,2026-09-30,3348.0
BKG.L,2026-10-01,3190.0
BKG.L,2026-10-02,3248.0
BKG.L,2026-10-05,3182.0
BKG.L,2026-10-06,3224.0
BKNG,2026-09-29,162.34
BKNG,2026-09-30,162.91
BKNG,2026-10-01,160.28
BKNG,2026-10-02,159.02
BKNG,2026-10-05,158.33
BKR,2026-09-29,55.92
BKR,2026-09-30,54.9
BKR,2026-10-01,55.62
BKR,2026-10-02,56.0
BKR,2026-10-05,57.38
BLK,2026-09-29,1067.9399
BLK,2026-09-30,1058.29
BLK,2026-10-01,1064.36
BLK,2026-10-02,1059.63
BLK,2026-10-05,1066.45
BLND.L,2026-09-30,398.4
BLND.L,2026-10-01,381.2
BLND.L,2026-10-02,389.4
BLND.L,2026-10-05,392.6
BLND.L,2026-10-06,393.2
BME.L,2026-09-30,255.4
BME.L,2026-10-01,251.8
BME.L,2026-10-02,250.8
BME.L,2026-10-05,244.4
BME.L,2026-10-06,245.2
BMED.MI,2026-09-30,23.97
BMED.MI,2026-10-01,22.94
BMED.MI,2026-10-02,23.2
BMED.MI,2026-10-05,23.49
BMED.MI,2026-10-06,23.66
BMPS.MI,2026-09-30,11.752
BMPS.MI,2026-10-01,11.312
BMPS.MI,2026-10-02,11.278
BMPS.MI,2026-10-05,11.368
BMPS.MI,2026-10-06,11.574
BMW.DE,2026-09-30,55.32
BMW.DE,2026-10-01,54.82
BMW.DE,2026-10-02,54.32
BMW.DE,2026-10-05,54.22
BMW.DE,2026-10-06,54.18
BMY,2026-09-29,62.86
BMY,2026-09-30,62.4
BMY,2026-10-01,61.46
BMY,2026-10-02,61.15
BMY,2026-10-05,58.81
BMY.L,2026-09-30,635.0
BMY.L,2026-10-01,639.0
BMY.L,2026-10-02,637.0
BMY.L,2026-10-05,639.0
BMY.L,2026-10-06,636.0
BN.PA,2026-09-30,58.7
BN.PA,2026-10-01,57.58
BN.PA,2026-10-02,59.12
BN.PA,2026-10-05,57.76
BN.PA,2026-10-06,58.6
BNKR.L,2026-09-30,154.6
BNKR.L,2026-10-01,153.4
BNKR.L,2026-10-02,154.8
BNKR.L,2026-10-05,155.8
BNKR.L,2026-10-06,156.2
BNP.PA,2026-09-30,95.0
BNP.PA,2026-10-01,91.54
BNP.PA,2026-10-02,92.06
BNP.PA,2026-10-05,92.76
BNP.PA,2026-10-06,95.67
BNR.DE,2026-09-30,59.18
BNR.DE,2026-10-01,58.54
BNR.DE,2026-10-02,58.6
BNR.DE,2026-10-05,59.34
BNR.DE,2026-10-06,60.04
BNY,2026-09-29,146.98
BNY,2026-09-30,144.63
BNY,2026-10-01,143.92
BNY,2026-10-02,145.4
BNY,2026-10-05,143.75
BNZL.L,2026-09-30,2612.0
BNZL.L,2026-10-01,2582.0
BNZL.L,2026-10-02,2614.0
BNZL.L,2026-10-05,2622.0
BNZL.L,2026-10-06,2640.0
BOWL.L,2026-09-30,252.5
BOWL.L,2026-10-01,246.0
BOWL.L,2026-10-02,248.5
BOWL.L,2026-10-05,247.5
BOWL.L,2026-10-06,245.8905
BOY.L,2026-09-30,917.0
BOY.L,2026-10-01,909.5
BOY.L,2026-10-02,910.5
BOY.L,2026-10-05,910.5
BOY.L,2026-10-06,910.5
BP,2026-09-29,43.52
BP,2026-09-30,43.99
BP,2026-10-01,44.5
BP,2026-10-02,44.79
BP,2026-10-05,44.62
BP.L,2026-09-30,549.4
BP.L,2026-10-01,557.1
BP.L,2026-10-02,557.8
BP.L,2026-10-05,563.2
BP.L,2026-10-06,552.9
BPCR.L,2026-09-30,0.98
BPCR.L,2026-10-01,0.978
BPCR.L,2026-10-02,0.98
BPCR.L,2026-10-05,0.984
BPCR.L,2026-10-06,0.982
BPE.MI,2026-09-30,14.146
BPE.MI,2026-10-01,13.644
BPE.MI,2026-10-02,13.502
BPE.MI,2026-10-05,13.816
BPE.MI,2026-10-06,13.938
BPT.L,2026-09-30,336.0
BPT.L,2026-10-01,336.8
BPT.L,2026-10-02,331.6
BPT.L,2026-10-05,333.0
BPT.L,2026-10-06,341.8
BR,2026-09-29,160.95
BR,2026-09-30,161.1
BR,2026-10-01,161.15
BR,2026-10-02,156.93
BR,2026-10-05,159.08
BRBY.L,2026-09-30,1020.0
BRBY.L,2026-10-01,1015.0
BRBY.L,2026-10-02,1010.5
BRBY.L,2026-10-05,1003.5
BRBY.L,2026-10-06,1028.5
BREE.L,2026-09-30,328.0
BREE.L,2026-10-01,317.0
BREE.L,2026-10-02,314.0
BREE.L,2026-10-05,311.2
BREE.L,2026-10-06,310.6
BRGE.L,2026-09-30,593.0
BRGE.L,2026-10-01,582.0
BRGE.L,2026-10-02,585.0
BRGE.L,2026-10-05,587.0
BRGE.L,2026-10-06,590.0
BRK-B,2026-09-29,502.35
BRK-B,2026-09-30,497.95
BRK-B,2026-10-01,500.5
BRK-B,2026-10-02,502.65
BRK-B,2026-10-05,504.26
BRO,2026-09-29,60.6
BRO,2026-09-30,60.9
BRO,2026-10-01,61.77
BRO,2026-10-02,59.91
BRO,2026-10-05,60.93
BRSC.L,2026-09-30,268.0
BRSC.L,2026-10-01,262.0
BRSC.L,2026-10-02,263.0
BRSC.L,2026-10-05,263.0
BRSC.L,2026-10-06,264.0
BRWM.L,2026-09-30,964.0
BRWM.L,2026-10-01,932.0
BRWM.L,2026-10-02,939.0
BRWM.L,2026-10-05,946.0
BRWM.L,2026-10-06,951.228
BSX,2026-09-29,43.88
BSX,2026-09-30,43.65
BSX,2026-10-01,43.23
BSX,2026-10-02,42.6
BSX,2026-10-05,42.4
BT-A.L,2026-09-30,192.0
BT-A.L,2026-10-01,190.85
BT-A.L,2026-10-02,196.3
BT-A.L,2026-10-05,199.0
BT-A.L,2026-10-06,196.3
BTI,2026-09-29,54.85
BTI,2026-09-30,54.4
BTI,2026-10-01,53.19
BTI,2026-10-02,52.64
BTI,2026-10-05,52.88
BTRW.L,2026-09-30,332.2
BTRW.L,2026-10-01,317.7
BTRW.L,2026-10-02,318.2
BTRW.L,2026-10-05,308.9
BTRW.L,2026-10-06,310.2
BUD,2026-09-29,74.29
BUD,2026-09-30,73.47
BUD,2026-10-01,73.02
BUD,2026-10-02,73.43
BUD,2026-10-05,74.82
BUT.L,2026-09-30,1562.0
BUT.L,2026-10-01,1538.0
BUT.L,2026-10-02,1558.0
BUT.L,2026-10-05,1554.0
BUT.L,2026-10-06,1559.7788
BVI.PA,2026-09-30,26.86
BVI.PA,2026-10-01,26.6
BVI.PA,2026-10-02,26.57
BVI.PA,2026-10-05,26.33
BVI.PA,2026-10-06,26.545
BWY.L,2026-09-30,2212.0
BWY.L,2026-10-01,2094.0
BWY.L,2026-10-02,2104.0
BWY.L,2026-10-05,2038.0
BWY.L,2026-10-06,2046.0
BX,2026-09-29,114.0
BX,2026-09-30,112.09
BX,2026-10-01,112.24
BX,2026-10-02,111.75
BX,2026-10-05,111.65
BXP,2026-09-29,61.71
BXP,2026-09-30,61.11
BXP,2026-10-01,60.24
BXP,2026-10-02,60.45
BXP,2026-10-05,59.37
BYG.L,2026-09-30,829.0
BYG.L,2026-10-01,798.0
BYG.L,2026-10-02,797.5
BYG.L,2026-10-05,800.5
BYG.L,2026-10-06,807.0
BYIT.L,2026-09-30,444.0
BYIT.L,2026-10-01,446.0
BYIT.L,2026-10-02,445.0
BYIT.L,2026-10-05,447.8
BYIT.L,2026-10-06,445.228
BZU.MI,2026-09-30,37.53
BZU.MI,2026-10-01,37.27
BZU.MI,2026-10-02,37.86
BZU.MI,2026-10-05,37.49
BZU.MI,2026-10-06,37.8
C,2026-09-29,130.8
C,2026-09-30,129.48
C,2026-10-01,127.0
C,2026-10-02,128.5
C,2026-10-05,128.55
CA.PA,2026-09-30,15.91
CA.PA,2026-10-01,15.65
CA.PA,2026-10-02,15.325
CA.PA,2026-10-05,15.5
CA.PA,2026-10-06,15.73
CAH,2026-09-29,223.91
CAH,2026-09-30,222.5
CAH,2026-10-01,230.09
CAH,2026-10-02,228.3
CAH,2026-10-05,233.12
CAP.PA,2026-09-30,104.4
CAP.PA,2026-10-01,112.1
CAP.PA,2026-10-02,108.9
CAP.PA,2026-10-05,108.4
CAP.PA,2026-10-06,110.1
CARR,2026-09-29,55.38
CARR,2026-09-30,54.86
CARR,2026-10-01,55.22
CARR,2026-10-02,55.12
CARR,2026-10-05,55.73
CASY,2026-09-29,599.9
CASY,2026-09-30,608.46
CASY,2026-10-01,619.5
CASY,2026-10-02,617.76
CASY,2026-10-05,617.33
CAT,2026-09-29,826.64
CAT,2026-09-30,810.79
CAT,2026-10-01,826.35
CAT,2026-10-02,845.42
CAT,2026-10-05,848.14
CB,2026-09-29,332.08
CB,2026-09-30,325.25
CB,2026-10-01,331.3
CB,2026-10-02,330.89
CB,2026-10-05,330.49
CBG.L,2026-09-30,416.4
CBG.L,2026-10-01,397.8
CBG.L,2026-10-02,399.0
CBG.L,2026-10-05,395.0
CBG.L,2026-10-06,396.0
CBK.DE,2026-09-30,40.31
CBK.DE,2026-10-01,39.4
CBK.DE,2026-10-02,39.15
CBK.DE,2026-10-05,39.4
CBK.DE,2026-10-06,40.05
CBOE,2026-09-29,261.75
CBOE,2026-09-30,275.29
CBOE,2026-10-01,277.19
CBOE,2026-10-02,271.26
CBOE,2026-10-05,277.47
CBRE,2026-09-29,130.84
CBRE,2026-09-30,128.47
CBRE,2026-10-01,130.53
CBRE,2026-10-02,129.58
CBRE,2026-10-05,129.4
CCC.L,2026-09-30,5405.0
CCC.L,2026-10-01,5470.0
CCC.L,2026-10-02,5405.0
CCC.L,2026-10-05,5420.0
CCC.L,2026-10-06,5460.0
CCEP.L,2026-09-30,7685.0
CCEP.L,2026-10-01,7650.0
CCEP.L,2026-10-02,7675.0
CCEP.L,2026-10-05,7600.0
CCEP.L,2026-10-06,7680.0
CCH.L,2026-09-30,4354.0
CCH.L,2026-10-01,4206.0
CCH.L,2026-10-02,4242.0
CCH.L,2026-10-05,4254.0
CCH.L,2026-10-06,4234.0
CCI,2026-09-29,67.07
CCI,2026-09-30,66.65
CCI,2026-10-01,66.12
CCI,2026-10-02,66.44
CCI,2026-10-05,67.58
CCL,2026-09-29,25.11
CCL,2026-09-30,24.54
CCL,2026-10-01,25.07
CCL,2026-10-02,25.76
CCL,2026-10-05,25.56
CDNS,2026-09-29,324.17
CDNS,2026-09-30,330.19
CDNS,2026-10-01,350.73
CDNS,2026-10-02,351.35
CDNS,2026-10-05,353.48
CDW,2026-09-29,129.71
CDW,2026-09-30,128.16
CDW,2026-10-01,135.83
CDW,2026-10-02,133.29
CDW,2026-10-05,133.92
CEG,2026-09-29,264.58
CEG,2026-09-30,254.02
CEG,2026-10-01,258.92
CEG,2026-10-02,257.49
CEG,2026-10-05,267.62
CF,2026-09-29,115.71
CF,2026-09-30,115.2
CF,2026-10-01,114.54
CF,2026-10-02,115.01
CF,2026-10-05,116.02
CFG,2026-09-29,63.89
CFG,2026-09-30,63.76
CFG,2026-10-01,63.7
CFG,2026-10-02,64.33
CFG,2026-10-05,64.31
CGT.L,2026-09-30,518.0
CGT.L,2026-10-01,511.0
CGT.L,2026-10-02,511.0
CGT.L,2026-10-05,512.0
CGT.L,2026-10-06,515.0
CHD,2026-09-29,94.95
CHD,2026-09-30,94.22
CHD,2026-10-01,94.11
CHD,2026-10-02,94.31
CHD,2026-10-05,95.66
CHG.L,2026-09-30,545.5
CHG.L,2026-10-01,540.0
CHG.L,2026-10-02,529.0
CHG.L,2026-10-05,532.0
CHG.L,2026-10-06,508.0
CHRW,2026-09-29,149.71
CHRW,2026-09-30,147.96
CHRW,2026-10-01,153.14
CHRW,2026-10-02,157.72
CHRW,2026-10-05,140.61
CHTR,2026-09-29,110.67
CHTR,2026-09-30,110.9
CHTR,2026-10-01,111.37
CHTR,2026-10-02,109.29
CHTR,2026-10-05,107.77
CI,2026-09-29,275.26
CI,2026-09-30,271.83
CI,2026-10-01,267.96
CI,2026-10-02,270.53
CI,2026-10-05,271.29
CIEN,2026-09-29,354.92
CIEN,2026-09-30,351.82
CIEN,2026-10-01,379.14
CIEN,2026-10-02,391.34
CIEN,2026-10-05,389.69
CINF,2026-09-29,161.13
CINF,2026-09-30,159.37
CINF,2026-10-01,162.15
CINF,2026-10-02,161.95
CINF,2026-10-05,162.14
CKN.L,2026-09-30,5060.0
CKN.L,2026-10-01,4972.0
CKN.L,2026-10-02,5030.0
CKN.L,2026-10-05,5050.0
CKN.L,2026-10-06,5345.0
CL,2026-09-29,86.46
CL,2026-09-30,85.32
CL,2026-10-01,84.53
CL,2026-10-02,84.26
CL,2026-10-05,86.19
CLDN.L,2026-09-30,382.5
CLDN.L,2026-10-01,379.5
CLDN.L,2026-10-02,385.0
CLDN.L,2026-10-05,385.0
CLDN.L,2026-10-06,383.896
CLX,2026-09-29,81.6
CLX,2026-09-30,81.01
CLX,2026-10-01,80.65
CLX,2026-10-02,80.41
CLX,2026-10-05,82.01
CMCSA,2026-09-29,21.6
CMCSA,2026-09-30,21.76
CMCSA,2026-10-01,21.7
CMCSA,2026-10-02,21.57
CMCSA,2026-10-05,21.57
CMCX.L,2026-09-30,668.0
CMCX.L,2026-10-01,658.0
CMCX.L,2026-10-02,632.0
CMCX.L,2026-10-05,674.0
CMCX.L,2026-10-06,681.0
CME,2026-09-29,263.22
CME,2026-09-30,261.98
CME,2026-10-01,265.1
CME,2026-10-02,263.14
CME,2026-10-05,270.03
CMG,2026-09-29,31.88
CMG,2026-09-30,31.95
CMG,2026-10-01,32.32
CMG,2026-10-02,32.36
CMG,2026-10-05,30.85
CMI,2026-09-29,521.37
CMI,2026-09-30,516.57
CMI,2026-10-01,517.0
CMI,2026-10-02,528.32
CMI,2026-10-05,523.37
CMS,2026-09-29,63.45
CMS,2026-09-30,63.08
CMS,2026-10-01,63.64
CMS,2026-10-02,63.74
CMS,2026-10-05,64.03
CNA.L,2026-09-30,147.7
CNA.L,2026-10-01,147.25
CNA.L,2026-10-02,149.05
CNA.L,2026-10-05,148.25
CNA.L,2026-10-06,146.6059
CNC,2026-09-29,62.21
CNC,2026-09-30,62.12
CNC,2026-10-01,60.99
CNC,2026-10-02,62.99
CNC,2026-10-05,64.3
CNP,2026-09-29,36.94
CNP,2026-09-30,36.8
CNP,2026-10-01,37.21
CNP,2026-10-02,37.79
CNP,2026-10-05,37.75
COA.L,2026-09-30,82.5
COA.L,2026-10-01,81.6
COA.L,2026-10-02,80.45
COA.L,2026-10-05,80.8
COA.L,2026-10-06,81.375
COF,2026-09-29,196.46
COF,2026-09-30,193.07
COF,2026-10-01,194.48
COF,2026-10-02,194.72
COF,2026-10-05,195.14
COHR,2026-09-29,292.21
COHR,2026-09-30,287.81
COHR,2026-10-01,319.19
COHR,2026-10-02,337.04
COHR,2026-10-05,333.64
COIN,2026-09-29,190.02
COIN,2026-09-30,186.41
COIN,2026-10-01,189.29
COIN,2026-10-02,183.0
COIN,2026-10-05,188.22
CON.DE,2026-09-30,67.12
CON.DE,2026-10-01,67.4
CON.DE,2026-10-02,68.1
CON.DE,2026-10-05,69.0
CON.DE,2026-10-06,70.16
COO,2026-09-29,56.63
COO,2026-09-30,56.53
COO,2026-10-01,57.41
COO,2026-10-02,56.91
COO,2026-10-05,56.77
COP,2026-09-29,125.44
COP,2026-09-30,125.15
COP,2026-10-01,127.06
COP,2026-10-02,126.75
COP,2026-10-05,128.4
COR,2026-09-29,307.6
COR,2026-09-30,300.25
COR,2026-10-01,309.78
COR,2026-10-02,309.05
COR,2026-10-05,314.93
CORD.L,2026-09-30,125.0
CORD.L,2026-10-01,123.0
CORD.L,2026-10-02,122.5
CORD.L,2026-10-05,120.5
CORD.L,2026-10-06,120.7308
COST,2026-09-29,924.59
COST,2026-09-30,910.34
COST,2026-10-01,914.94
COST,2026-10-02,920.65
COST,2026-10-05,923.52
COST.L,2026-09-30,260.0
COST.L,2026-10-01,257.5
COST.L,2026-10-02,262.0
COST.L,2026-10-05,254.0
COST.L,2026-10-06,251.0
CPAY,2026-09-29,392.7
CPAY,2026-09-30,388.6
CPAY,2026-10-01,389.73
CPAY,2026-10-02,394.6
CPAY,2026-10-05,401.72
CPG.L,2026-09-30,29.48
CPG.L,2026-10-01,29.18
CPG.L,2026-10-02,29.73
CPG.L,2026-10-05,29.63
CPG.L,2026-10-06,29.81
CPR.MI,2026-09-30,6.128
CPR.MI,2026-10-01,6.018
CPR.MI,2026-10-02,6.036
CPR.MI,2026-10-05,6.032
CPR.MI,2026-10-06,6.076
CPRT,2026-09-29,27.14
CPRT,2026-09-30,27.28
CPRT,2026-10-01,27.29
CPRT,2026-10-02,27.22
CPRT,2026-10-05,27.65
CPT,2026-09-29,98.46
CPT,2026-09-30,96.73
CPT,2026-10-01,96.62
CPT,2026-10-02,95.96
CPT,2026-10-05,97.37
CRDA.L,2026-09-30,3333.0
CRDA.L,2026-10-01,3274.0
CRDA.L,2026-10-02,3278.0
CRDA.L,2026-10-05,3293.0
CRDA.L,2026-10-06,3376.0
CRH,2026-09-29,84.53
CRH,2026-09-30,82.8
CRH,2026-10-01,81.7
CRH,2026-10-02,81.94
CRH,2026-10-05,82.65
CRL,2026-09-29,295.96
CRL,2026-09-30,295.01
CRL,2026-10-01,286.83
CRL,2026-10-02,290.19
CRL,2026-10-05,310.77
CRM,2026-09-29,225.31
CRM,2026-09-30,229.57
CRM,2026-10-01,236.69
CRM,2026-10-02,234.69
CRM,2026-10-05,229.79
CRWD,2026-09-29,262.74
CRWD,2026-09-30,264.75
CRWD,2026-10-01,266.09
CRWD,2026-10-02,270.04
CRWD,2026-10-05,272.67
CS.PA,2026-09-30,42.54
CS.PA,2026-10-01,41.9
CS.PA,2026-10-02,42.07
CS.PA,2026-10-05,42.15
CS.PA,2026-10-06,42.86
CSCO,2026-09-29,106.94
CSCO,2026-09-30,107.63
CSCO,2026-10-01,108.76
CSCO,2026-10-02,112.2
CSCO,2026-10-05,112.82
CSGP,2026-09-29,26.95
CSGP,2026-09-30,27.4
CSGP,2026-10-01,27.72
CSGP,2026-10-02,27.38
CSGP,2026-10-05,27.66
CSN.L,2026-09-30,351.0
CSN.L,2026-10-01,340.5
CSN.L,2026-10-02,338.5
CSN.L,2026-10-05,334.5
CSN.L,2026-10-06,332.388
CSX,2026-09-29,46.93
CSX,2026-09-30,46.51
CSX,2026-10-01,46.54
CSX,2026-10-02,47.43
CSX,2026-10-05,47.43
CTAS,2026-09-29,197.74
CTAS,2026-09-30,195.06
CTAS,2026-10-01,195.6
CTAS,2026-10-02,193.02
CTAS,2026-10-05,195.4
CTEC.L,2026-09-30,217.0
CTEC.L,2026-10-01,216.8
CTEC.L,2026-10-02,216.6
CTEC.L,2026-10-05,218.0
CTEC.L,2026-10-06,217.8
CTSH,2026-09-29,56.84
CTSH,2026-09-30,57.44
CTSH,2026-10-01,60.88
CTSH,2026-10-02,58.51
CTSH,2026-10-05,58.17
CTVA,2026-09-29,77.87
CTVA,2026-09-30,77.65
CTVA,2026-10-01,12.57
CTVA,2026-10-02,11.92
CTVA,2026-10-05,12.39
CTY.L,2026-09-30,579.0
CTY.L,2026-10-01,567.0
CTY.L,2026-10-02,567.0
CTY.L,2026-10-05,567.0
CTY.L,2026-10-06,568.0
CURY.L,2026-09-30,150.6
CURY.L,2026-10-01,145.7
CURY.L,2026-10-02,146.8
CURY.L,2026-10-05,146.1
CURY.L,2026-10-06,144.8
CVNA,2026-09-29,63.62
CVNA,2026-09-30,62.54
CVNA,2026-10-01,63.04
CVNA,2026-10-02,63.77
CVNA,2026-10-05,63.72
CVS,2026-09-29,87.1
CVS,2026-09-30,85.69
CVS,2026-10-01,85.2
CVS,2026-10-02,86.46
CVS,2026-10-05,87.01
CVSG.L,2026-09-30,1219.0
CVSG.L,2026-10-01,1160.0
CVSG.L,2026-10-02,1140.0
CVSG.L,2026-10-05,1150.0
CVSG.L,2026-10-06,1182.0096
CVX,2026-09-29,204.38
CVX,2026-09-30,204.21
CVX,2026-10-01,207.1
CVX,2026-10-02,206.69
CVX,2026-10-05,206.47
CWK.L,2026-09-30,5100.0
CWK.L,2026-10-01,5030.0
CWK.L,2026-10-02,5000.0
CWK.L,2026-10-05,4955.0
CWK.L,2026-10-06,4965.0
CWR.L,2026-09-30,407.6
CWR.L,2026-10-01,412.6
CWR.L,2026-10-02,430.0
CWR.L,2026-10-05,415.0
CWR.L,2026-10-06,406.6
D,2026-09-29,60.64
D,2026-09-30,60.52
D,2026-10-01,60.76
D,2026-10-02,61.31
D,2026-10-05,61.02
DAL,2026-09-29,84.87
DAL,2026-09-30,83.46
DAL,2026-10-01,84.13
DAL,2026-10-02,84.09
DAL,2026-10-05,83.08
DASH,2026-09-29,187.1
DASH,2026-09-30,183.55
DASH,2026-10-01,182.175
DASH,2026-10-02,189.15
DASH,2026-10-05,191.77
DASTY,2026-09-29,23.39
DASTY,2026-09-30,22.92
DASTY,2026-10-01,23.12
DASTY,2026-10-02,23.19
DASTY,2026-10-05,24.09
DATA.L,2026-09-30,58.8
DATA.L,2026-10-01,60.1
DATA.L,2026-10-02,59.3
DATA.L,2026-10-05,59.7
DATA.L,2026-10-06,59.8
DB,2026-09-29,36.11
DB,2026-09-30,35.89
DB,2026-10-01,35.13
DB,2026-10-02,34.97
DB,2026-10-05,34.97
DB1.DE,2026-09-30,286.1
DB1.DE,2026-10-01,286.7
DB1.DE,2026-10-02,287.3
DB1.DE,2026-10-05,289.7
DB1.DE,2026-10-06,292.7
DBK.DE,2026-09-30,31.865
DBK.DE,2026-10-01,31.03
DBK.DE,2026-10-02,30.94
DBK.DE,2026-10-05,31.28
DBK.DE,2026-10-06,31.455
DCC.L,2026-09-30,6430.0
DCC.L,2026-10-01,6430.0
DCC.L,2026-10-02,6435.0
DCC.L,2026-10-05,6440.0
DCC.L,2026-10-06,6435.0
DD,2026-09-29,130.12
DD,2026-09-30,129.89
DD,2026-10-01,129.2
DD,2026-10-02,129.98
DD,2026-10-05,130.69
DDOG,2026-09-29,268.56
DDOG,2026-09-30,273.85
DDOG,2026-10-01,276.46
DDOG,2026-10-02,277.22
DDOG,2026-10-05,276.415
DE,2026-09-29,680.5
DE,2026-09-30,671.55
DE,2026-10-01,667.26
DE,2026-10-02,687.0
DE,2026-10-05,682.2
DECK,2026-09-29,77.68
DECK,2026-09-30,78.14
DECK,2026-10-01,79.57
DECK,2026-10-02,79.12
DECK,2026-10-05,80.21
DELL,2026-09-29,539.59
DELL,2026-09-30,537.95
DELL,2026-10-01,541.74
DELL,2026-10-02,562.52
DELL,2026-10-05,552.29
DEO,2026-09-29,85.34
DEO,2026-09-30,85.6
DEO,2026-10-01,84.42
DEO,2026-10-02,84.75
DEO,2026-10-05,83.97
DG,2026-09-29,122.64
DG,2026-09-30,119.58
DG,2026-10-01,118.93
DG,2026-10-02,118.94
DG,2026-10-05,119.32
DG.PA,2026-09-30,106.95
DG.PA,2026-10-01,105.6
DG.PA,2026-10-02,106.8
DG.PA,2026-10-05,106.15
DG.PA,2026-10-06,108.5
DGE.L,2026-09-30,1624.0
DGE.L,2026-10-01,1598.0
DGE.L,2026-10-02,1601.5
DGE.L,2026-10-05,1575.5
DGE.L,2026-10-06,1599.5
DGX,2026-09-29,231.97
DGX,2026-09-30,233.07
DGX,2026-10-01,231.09
DGX,2026-10-02,233.33
DGX,2026-10-05,232.22
DHI,2026-09-29,139.4
DHI,2026-09-30,136.65
DHI,2026-10-01,137.06
DHI,2026-10-02,135.0
DHI,2026-10-05,133.23
DHL.DE,2026-09-30,57.0
DHL.DE,2026-10-01,55.74
DHL.DE,2026-10-02,56.72
DHL.DE,2026-10-05,55.92
DHL.DE,2026-10-06,56.6
DHR,2026-09-29,226.11
DHR,2026-09-30,221.55
DHR,2026-10-01,211.76
DHR,2026-10-02,214.06
DHR,2026-10-05,221.21
DIA.MI,2026-09-30,76.8
DIA.MI,2026-10-01,74.0
DIA.MI,2026-10-02,74.9
DIA.MI,2026-10-05,75.92
DIA.MI,2026-10-06,78.78
DIS,2026-09-29,105.41
DIS,2026-09-30,104.9
DIS,2026-10-01,101.33
DIS,2026-10-02,102.19
DIS,2026-10-05,103.61
DLN.L,2026-09-30,1821.0
DLN.L,2026-10-01,1767.0
DLN.L,2026-10-02,1778.0
DLN.L,2026-10-05,1764.0
DLN.L,2026-10-06,1785.0
DLR,2026-09-29,176.56
DLR,2026-09-30,175.53
DLR,2026-10-01,176.49
DLR,2026-10-02,178.55
DLR,2026-10-05,179.87
DLTR,2026-09-29,113.3
DLTR,2026-09-30,114.02
DLTR,2026-10-01,114.43
DLTR,2026-10-02,112.16
DLTR,2026-10-05,113.19
DNLM.L,2026-09-30,804.5
DNLM.L,2026-10-01,778.0
DNLM.L,2026-10-02,780.0
DNLM.L,2026-10-05,775.5
DNLM.L,2026-10-06,777.356
DOC,2026-09-29,20.13
DOC,2026-09-30,19.97
DOC,2026-10-01,19.44
DOC,2026-10-02,19.49
DOC,2026-10-05,18.84
DOCS.L,2026-09-30,70.1
DOCS.L,2026-10-01,67.1
DOCS.L,2026-10-02,66.6
DOCS.L,2026-10-05,66.2
DOCS.L,2026-10-06,67.08
DOM.L,2026-09-30,213.8
DOM.L,2026-10-01,211.6
DOM.L,2026-10-02,213.4
DOM.L,2026-10-05,212.4
DOM.L,2026-10-06,220.0
DOV,2026-09-29,189.7
DOV,2026-09-30,187.05
DOV,2026-10-01,188.06
DOV,2026-10-02,189.69
DOV,2026-10-05,191.3
DOW,2026-09-29,27.61
DOW,2026-09-30,27.54
DOW,2026-10-01,27.59
DOW,2026-10-02,27.97
DOW,2026-10-05,28.51
DPLM.L,2026-09-30,7725.0
DPLM.L,2026-10-01,7690.0
DPLM.L,2026-10-02,7775.0
DPLM.L,2026-10-05,7870.0
DPLM.L,2026-10-06,7940.0
DPZ,2026-09-29,301.81
DPZ,2026-09-30,299.61
DPZ,2026-10-01,295.0
DPZ,2026-10-02,297.62
DPZ,2026-10-05,297.27
DRI,2026-09-29,195.11
DRI,2026-09-30,193.25
DRI,2026-10-01,197.41
DRI,2026-10-02,200.33
DRI,2026-10-05,199.72
DRX.L,2026-09-30,815.5
DRX.L,2026-10-01,804.5
DRX.L,2026-10-02,812.0
DRX.L,2026-10-05,809.0
DRX.L,2026-10-06,797.0
DSCV.L,2026-09-30,836.0
DSCV.L,2026-10-01,825.0
DSCV.L,2026-10-02,850.0
DSCV.L,2026-10-05,858.0
DSCV.L,2026-10-06,861.0
DSY.PA,2026-09-30,20.49
DSY.PA,2026-10-01,20.57
DSY.PA,2026-10-02,20.63
DSY.PA,2026-10-05,21.4
DSY.PA,2026-10-06,21.51
DTE,2026-09-29,122.39
DTE,2026-09-30,121.8
DTE,2026-10-01,123.27
DTE,2026-10-02,124.45
DTE,2026-10-05,125.04
DTE.DE,2026-09-30,26.11
DTE.DE,2026-10-01,26.07
DTE.DE,2026-10-02,26.56
DTE.DE,2026-10-05,26.83
DTE.DE,2026-10-06,26.61
DTG.DE,2026-09-30,41.83
DTG.DE,2026-10-01,41.51
DTG.DE,2026-10-02,40.68
DTG.DE,2026-10-05,41.08
DTG.DE,2026-10-06,40.94
DUK,2026-09-29,114.21
DUK,2026-09-30,114.01
DUK,2026-10-01,113.74
DUK,2026-10-02,114.13
DUK,2026-10-05,113.84
DVA,2026-09-29,175.19
DVA,2026-09-30,174.92
DVA,2026-10-01,176.35
DVA,2026-10-02,178.69
DVA,2026-10-05,178.72
DVN,2026-09-29,46.6
DVN,2026-09-30,46.04
DVN,2026-10-01,47.16
DVN,2026-10-02,47.65
DVN,2026-10-05,47.98
DXCM,2026-09-29,86.64
DXCM,2026-09-30,86.29
DXCM,2026-10-01,86.23
DXCM,2026-10-02,85.36
DXCM,2026-10-05,86.9
E,2026-09-29,54.65
E,2026-09-30,54.3
E,2026-10-01,54.39
E,2026-10-02,54.73
E,2026-10-05,54.64
EBAY,2026-09-29,105.21
EBAY,2026-09-30,106.05
EBAY,2026-10-01,105.89
EBAY,2026-10-02,106.4
EBAY,2026-10-05,107.14
ECHO,2026-09-29,89.89
ECHO,2026-09-30,89.41
ECHO,2026-10-01,88.25
ECHO,2026-10-02,94.25
ECHO,2026-10-05,98.21
ECL,2026-09-29,277.87
ECL,2026-09-30,274.58
ECL,2026-10-01,271.26
ECL,2026-10-02,273.7
ECL,2026-10-05,277.07
ED,2026-09-29,103.33
ED,2026-09-30,102.21
ED,2026-10-01,103.5
ED,2026-10-02,103.39
ED,2026-10-05,103.38
EDEN.PA,2026-09-30,27.59
EDEN.PA,2026-10-01,26.84
EDEN.PA,2026-10-02,27.1
EDEN.PA,2026-10-05,27.25
EDEN.PA,2026-10-06,27.55
EDIN.L,2026-09-30,830.0
EDIN.L,2026-10-01,813.0
EDIN.L,2026-10-02,814.0
EDIN.L,2026-10-05,816.0
EDIN.L,2026-10-06,820.979
EDV.L,2026-09-30,4245.0
EDV.L,2026-10-01,4244.0
EDV.L,2026-10-02,4250.0
EDV.L,2026-10-05,4250.0
EDV.L,2026-10-06,4225.0
EFX,2026-09-29,140.83
EFX,2026-09-30,137.24
EFX,2026-10-01,139.73
EFX,2026-10-02,140.0
EFX,2026-10-05,142.6
EG,2026-09-29,368.81
EG,2026-09-30,365.17
EG,2026-10-01,368.72
EG,2026-10-02,368.27
EG,2026-10-05,366.81
EIX,2026-09-29,53.56
EIX,2026-09-30,53.73
EIX,2026-10-01,53.8
EIX,2026-10-02,53.89
EIX,2026-10-05,54.24
EL,2026-09-29,94.37
EL,2026-09-30,92.77
EL,2026-10-01,90.19
EL,2026-10-02,91.97
EL,2026-10-05,93.3
EL.PA,2026-09-30,145.6
EL.PA,2026-10-01,144.6
EL.PA,2026-10-02,142.8
EL.PA,2026-10-05,144.5
EL.PA,2026-10-06,145.7
ELM.L,2026-09-30,179.0
ELM.L,2026-10-01,175.0
ELM.L,2026-10-02,176.6
ELM.L,2026-10-05,179.4
ELM.L,2026-10-06,180.8
ELV,2026-09-29,392.73
ELV,2026-09-30,388.82
ELV,2026-10-01,381.67
ELV,2026-10-02,386.43
ELV,2026-10-05,394.51
EME,2026-09-29,762.03
EME,2026-09-30,754.49
EME,2026-10-01,769.03
EME,2026-10-02,786.61
EME,2026-10-05,779.2
EMG.L,2026-09-30,330.0
EMG.L,2026-10-01,316.4
EMG.L,2026-10-02,322.2
EMG.L,2026-10-05,321.4
EMG.L,2026-10-06,331.8
EMR,2026-09-29,157.24
EMR,2026-09-30,155.1
EMR,2026-10-01,158.57
EMR,2026-10-02,161.61
EMR,2026-10-05,162.33
EN.PA,2026-09-30,41.63
EN.PA,2026-10-01,40.87
EN.PA,2026-10-02,40.7
EN.PA,2026-10-05,40.65
EN.PA,2026-10-06,40.98
ENEL.MI,2026-09-30,8.747
ENEL.MI,2026-10-01,8.668
ENEL.MI,2026-10-02,8.799
ENEL.MI,2026-10-05,8.75
ENEL.MI,2026-10-06,8.778
ENGI.PA,2026-09-30,22.81
ENGI.PA,2026-10-01,22.52
ENGI.PA,2026-10-02,22.78
ENGI.PA,2026-10-05,22.87
ENGI.PA,2026-10-06,23.35
ENI.MI,2026-09-30,24.02
ENI.MI,2026-10-01,24.03
ENI.MI,2026-10-02,24.19
ENI.MI,2026-10-05,24.41
ENI.MI,2026-10-06,24.195
ENOG.L,2026-09-30,709.0
ENOG.L,2026-10-01,702.5
ENOG.L,2026-10-02,696.0
ENOG.L,2026-10-05,711.5
ENOG.L,2026-10-06,693.5
ENR.DE,2026-09-30,142.6
ENR.DE,2026-10-01,142.52
ENR.DE,2026-10-02,145.42
ENR.DE,2026-10-05,145.46
ENR.DE,2026-10-06,145.26
ENT.L,2026-09-30,417.1
ENT.L,2026-10-01,411.0
ENT.L,2026-10-02,413.4
ENT.L,2026-10-05,424.1
ENT.L,2026-10-06,422.5
EOAN.DE,2026-09-30,16.86
EOAN.DE,2026-10-01,16.765
EOAN.DE,2026-10-02,17.02
EOAN.DE,2026-10-05,16.965
EOAN.DE,2026-10-06,17.01
EOG,2026-09-29,139.66
EOG,2026-09-30,137.76
EOG,2026-10-01,141.31
EOG,2026-10-02,141.38
EOG,2026-10-05,144.08
EQIX,2026-09-29,1015.27
EQIX,2026-09-30,1011.58
EQIX,2026-10-01,1012.33
EQIX,2026-10-02,1025.72
EQIX,2026-10-05,1023.44
EQT,2026-09-29,48.88
EQT,2026-09-30,48.56
EQT,2026-10-01,50.09
EQT,2026-10-02,50.17
EQT,2026-10-05,51.12
ERF.PA,2026-09-30,75.0
ERF.PA,2026-10-01,74.54
ERF.PA,2026-10-02,74.86
ERF.PA,2026-10-05,75.54
ERF.PA,2026-10-06,78.02
ERIE,2026-09-29,222.43
ERIE,2026-09-30,219.15
ERIE,2026-10-01,222.11
ERIE,2026-10-02,221.09
ERIE,2026-10-05,221.46
ES,2026-09-29,63.9
ES,2026-09-30,64.16
ES,2026-10-01,64.31
ES,2026-10-02,64.5
ES,2026-10-05,64.69
ESCT.L,2026-09-30,233.0
ESCT.L,2026-10-01,231.0
ESCT.L,2026-10-02,231.0
ESCT.L,2026-10-05,230.0
ESCT.L,2026-10-06,231.1291
ESS,2026-09-29,273.93
ESS,2026-09-30,269.39
ESS,2026-10-01,269.51
ESS,2026-10-02,268.65
ESS,2026-10-05,271.93
ETN,2026-09-29,433.27
ETN,2026-09-30,429.71
ETN,2026-10-01,437.28
ETN,2026-10-02,436.11
ETN,2026-10-05,432.6
ETR,2026-09-29,99.76
ETR,2026-09-30,99.26
ETR,2026-10-01,100.4
ETR,2026-10-02,100.91
ETR,2026-10-05,100.82
EVRG,2026-09-29,78.73
EVRG,2026-09-30,78.44
EVRG,2026-10-01,78.79
EVRG,2026-10-02,79.17
EVRG,2026-10-05,79.09
EW,2026-09-29,88.08
EW,2026-09-30,86.32
EW,2026-10-01,85.19
EW,2026-10-02,85.15
EW,2026-10-05,87.23
EWG.L,2026-09-30,95.7
EWG.L,2026-10-01,93.3
EWG.L,2026-10-02,96.4
EWG.L,2026-10-05,95.3
EWG.L,2026-10-06,97.0
EWI.L,2026-09-30,280.0
EWI.L,2026-10-01,280.0
EWI.L,2026-10-02,281.0
EWI.L,2026-10-05,285.0
EWI.L,2026-10-06,289.5
EXC,2026-09-29,40.65
EXC,2026-09-30,40.4
EXC,2026-10-01,40.47
EXC,2026-10-02,40.73
EXC,2026-10-05,40.82
EXE,2026-09-29,84.18
EXE,2026-09-30,84.09
EXE,2026-10-01,85.96
EXE,2026-10-02,85.52
EXE,2026-10-05,86.43
EXPD,2026-09-29,188.16
EXPD,2026-09-30,184.64
EXPD,2026-10-01,187.74
EXPD,2026-10-02,192.47
EXPD,2026-10-05,194.12
EXPE,2026-09-29,266.33
EXPE,2026-09-30,263.36
EXPE,2026-10-01,262.67
EXPE,2026-10-02,265.0
EXPE,2026-10-05,260.17
EXPN.L,2026-09-30,2465.0
EXPN.L,2026-10-01,2427.0
EXPN.L,2026-10-02,2457.0
EXPN.L,2026-10-05,2466.0
EXPN.L,2026-10-06,2496.0
EXR,2026-09-29,133.49
EXR,2026-09-30,131.51
EXR,2026-10-01,133.08
EXR,2026-10-02,133.25
EXR,2026-10-05,132.91
EZJ.L,2026-09-30,677.6
EZJ.L,2026-10-01,677.2
EZJ.L,2026-10-02,680.6
EZJ.L,2026-10-05,677.0
EZJ.L,2026-10-06,677.87
F,2026-09-29,12.3
F,2026-09-30,12.06
F,2026-10-01,12.27
F,2026-10-02,12.1
F,2026-10-05,12.15
FAN.L,2026-09-30,653.0
FAN.L,2026-10-01,638.0
FAN.L,2026-10-02,639.0
FAN.L,2026-10-05,647.0
FAN.L,2026-10-06,657.0
FANG,2026-09-29,183.95
FANG,2026-09-30,183.81
FANG,2026-10-01,185.51
FANG,2026-10-02,184.71
FANG,2026-10-05,184.08
FAST,2026-09-29,49.96
FAST,2026-09-30,49.53
FAST,2026-10-01,50.23
FAST,2026-10-02,50.75
FAST,2026-10-05,50.69
FBK.MI,2026-09-30,22.13
FBK.MI,2026-10-01,21.26
FBK.MI,2026-10-02,21.73
FBK.MI,2026-10-05,21.58
FBK.MI,2026-10-06,21.91
FCH.L,2026-09-30,188.2
FCH.L,2026-10-01,183.4
FCH.L,2026-10-02,185.4
FCH.L,2026-10-05,188.4
FCH.L,2026-10-06,185.2
FCIT.L,2026-09-30,346.4
FCIT.L,2026-10-01,343.6
FCIT.L,2026-10-02,347.0
FCIT.L,2026-10-05,348.4
FCIT.L,2026-10-06,349.0
FCSS.L,2026-09-30,252.0
FCSS.L,2026-10-01,251.5
FCSS.L,2026-10-02,247.5
FCSS.L,2026-10-05,250.0
FCSS.L,2026-10-06,248.6537
FCT.MI,2026-09-30,12.04
FCT.MI,2026-10-01,12.365
FCT.MI,2026-10-02,12.12
FCT.MI,2026-10-05,12.685
FCT.MI,2026-10-06,12.265
FCX,2026-09-29,70.79
FCX,2026-09-30,70.0
FCX,2026-10-01,69.28
FCX,2026-10-02,72.04
FCX,2026-10-05,72.6
FDS,2026-09-29,259.97
FDS,2026-09-30,269.95
FDS,2026-10-01,277.61
FDS,2026-10-02,266.0
FDS,2026-10-05,276.44
FDX,2026-09-29,287.47
FDX,2026-09-30,285.09
FDX,2026-10-01,287.07
FDX,2026-10-02,290.36
FDX,2026-10-05,289.13
FDXF,2026-09-29,112.06
FDXF,2026-09-30,109.38
FDXF,2026-10-01,110.67
FDXF,2026-10-02,112.89
FDXF,2026-10-05,111.58
FE,2026-09-29,43.64
FE,2026-09-30,43.33
FE,2026-10-01,43.39
FE,2026-10-02,43.34
FE,2026-10-05,43.64
FEML.L,2026-09-30,1472.0
FEML.L,2026-10-01,1468.0
FEML.L,2026-10-02,1500.0
FEML.L,2026-10-05,1534.0
FEML.L,2026-10-06,1558.0
FERG,2026-09-29,223.87
FERG,2026-09-30,222.62
FERG,2026-10-01,221.49
FERG,2026-10-02,223.33
FERG,2026-10-05,222.93
FEV.L,2026-09-30,424.5
FEV.L,2026-10-01,417.5
FEV.L,2026-10-02,421.0
FEV.L,2026-10-05,419.5
FEV.L,2026-10-06,423.0
FFIV,2026-09-29,438.07
FFIV,2026-09-30,445.18
FFIV,2026-10-01,443.68
FFIV,2026-10-02,454.04
FFIV,2026-10-05,458.53
FGEN.L,2026-09-30,88.3
FGEN.L,2026-10-01,88.3
FGEN.L,2026-10-02,87.8
FGEN.L,2026-10-05,86.5
FGEN.L,2026-10-06,87.6
FGP.L,2026-09-30,182.7
FGP.L,2026-10-01,181.1
FGP.L,2026-10-02,181.4
FGP.L,2026-10-05,186.4
FGP.L,2026-10-06,187.2
FGT.L,2026-09-30,771.0
FGT.L,2026-10-01,764.0
FGT.L,2026-10-02,763.0
FGT.L,2026-10-05,766.0
FGT.L,2026-10-06,774.74
FICO,2026-09-29,617.87
FICO,2026-09-30,592.47
FICO,2026-10-01,661.75
FICO,2026-10-02,661.25
FICO,2026-10-05,689.61
FIS,2026-09-29,33.35
FIS,2026-09-30,32.9
FIS,2026-10-01,33.1
FIS,2026-10-02,32.44
FIS,2026-10-05,33.58
FISV,2026-09-29,45.36
FISV,2026-09-30,45.18
FISV,2026-10-01,45.38
FISV,2026-10-02,44.36
FISV,2026-10-05,46.14
FITB,2026-09-29,50.97
FITB,2026-09-30,50.58
FITB,2026-10-01,50.41
FITB,2026-10-02,50.87
FITB,2026-10-05,50.8
FIX,2026-09-29,1665.05
FIX,2026-09-30,1654.09
FIX,2026-10-01,1685.29
FIX,2026-10-02,1728.01
FIX,2026-10-05,1713.0699
FLEX,2026-09-29,113.83
FLEX,2026-09-30,109.99
FLEX,2026-10-01,112.78
FLEX,2026-10-02,116.61
FLEX,2026-10-05,116.76
FME.DE,2026-09-30,39.57
FME.DE,2026-10-01,39.68
FME.DE,2026-10-02,39.55
FME.DE,2026-10-05,40.25
FME.DE,2026-10-06,40.23
FMS,2026-09-29,22.27
FMS,2026-09-30,22.38
FMS,2026-10-01,22.26
FMS,2026-10-02,22.25
FMS,2026-10-05,22.65
FOUR.L,2026-09-30,4516.0
FOUR.L,2026-10-01,4416.0
FOUR.L,2026-10-02,4352.0
FOUR.L,2026-10-05,4286.0
FOUR.L,2026-10-06,4322.4141
FOX,2026-09-29,55.83
FOX,2026-09-30,56.3
FOX,2026-10-01,54.92
FOX,2026-10-02,55.89
FOX,2026-10-05,56.7
FOXA,2026-09-29,62.48
FOXA,2026-09-30,62.65
FOXA,2026-10-01,61.28
FOXA,2026-10-02,62.28
FOXA,2026-10-05,63.33
FRAS.L,2026-09-30,805.0
FRAS.L,2026-10-01,811.5
FRAS.L,2026-10-02,805.0
FRAS.L,2026-10-05,809.0
FRAS.L,2026-10-06,812.0
FRE.DE,2026-09-30,44.75
FRE.DE,2026-10-01,43.8
FRE.DE,2026-10-02,43.635
FRE.DE,2026-10-05,43.865
FRE.DE,2026-10-06,44.14
FRES.L,2026-09-30,2728.0
FRES.L,2026-10-01,2680.0
FRES.L,2026-10-02,2696.0
FRES.L,2026-10-05,2742.0
FRES.L,2026-10-06,2751.3621
FRT,2026-09-29,109.39
FRT,2026-09-30,108.29
FRT,2026-10-01,108.03
FRT,2026-10-02,106.69
FRT,2026-10-05,105.97
FSG.L,2026-09-30,449.0
FSG.L,2026-10-01,464.0
FSG.L,2026-10-02,456.0
FSG.L,2026-10-05,444.0
FSG.L,2026-10-06,444.9
FSLR,2026-09-29,176.93
FSLR,2026-09-30,175.16
FSLR,2026-10-01,172.11
FSLR,2026-10-02,174.61
FSLR,2026-10-05,176.16
FSV.L,2026-09-30,472.0
FSV.L,2026-10-01,463.0
FSV.L,2026-10-02,461.5
FSV.L,2026-10-05,460.5
FSV.L,2026-10-06,462.5
FTNT,2026-09-29,175.96
FTNT,2026-09-30,178.76
FTNT,2026-10-01,178.72
FTNT,2026-10-02,180.95
FTNT,2026-10-05,184.13
FTSEMIB.MI,2026-09-30,51372.0
FTSEMIB.MI,2026-10-01,50238.0
FTSEMIB.MI,2026-10-02,50483.0
FTSEMIB.MI,2026-10-05,50818.0
FTSEMIB.MI,2026-10-06,51189.5391
FTV,2026-09-29,55.41
FTV,2026-09-30,54.81
FTV,2026-10-01,55.84
FTV,2026-10-02,57.47
FTV,2026-10-05,57.38
G.MI,2026-09-30,42.75
G.MI,2026-10-01,41.86
G.MI,2026-10-02,41.46
G.MI,2026-10-05,41.94
G.MI,2026-10-06,42.22
G1A.DE,2026-09-30,66.3
G1A.DE,2026-10-01,65.8
G1A.DE,2026-10-02,66.45
G1A.DE,2026-10-05,67.5
G1A.DE,2026-10-06,68.6
G24.DE,2026-09-30,67.0
G24.DE,2026-10-01,67.6
G24.DE,2026-10-02,68.55
G24.DE,2026-10-05,67.8
G24.DE,2026-10-06,67.7
GAMA.L,2026-09-30,1124.0
GAMA.L,2026-10-01,1098.0
GAMA.L,2026-10-02,1095.0
GAMA.L,2026-10-05,1092.0
GAMA.L,2026-10-06,1092.0
GAW.L,2026-09-30,17990.0
GAW.L,2026-10-01,16870.0
GAW.L,2026-10-02,17190.0
GAW.L,2026-10-05,16970.0
GAW.L,2026-10-06,16769.4395
GCP.L,2026-09-30,83.1
GCP.L,2026-10-01,82.7
GCP.L,2026-10-02,82.2
GCP.L,2026-10-05,81.6
GCP.L,2026-10-06,81.9
GD,2026-09-29,332.34
GD,2026-09-30,331.83
GD,2026-10-01,332.72
GD,2026-10-02,330.09
GD,2026-10-05,331.72
GDDY,2026-09-29,94.06
GDDY,2026-09-30,95.51
GDDY,2026-10-01,96.98
GDDY,2026-10-02,97.21
GDDY,2026-10-05,99.74
GDWN.L,2026-09-30,13280.0
GDWN.L,2026-10-01,13500.0
GDWN.L,2026-10-02,14220.0
GDWN.L,2026-10-05,13900.0
GDWN.L,2026-10-06,13820.0
GE,2026-09-29,317.89
GE,2026-09-30,312.29
GE,2026-10-01,312.39
GE,2026-10-02,309.56
GE,2026-10-05,306.34
GEHC,2026-09-29,66.46
GEHC,2026-09-30,65.37
GEHC,2026-10-01,63.98
GEHC,2026-10-02,64.29
GEHC,2026-10-05,65.74
GEN,2026-09-29,20.85
GEN,2026-09-30,22.02
GEN,2026-10-01,22.25
GEN,2026-10-02,21.99
GEN,2026-10-05,22.28
GEN.L,2026-09-30,292.0
GEN.L,2026-10-01,282.0
GEN.L,2026-10-02,283.8
GEN.L,2026-10-05,285.4
GEN.L,2026-10-06,286.802
GEV,2026-09-29,962.49
GEV,2026-09-30,950.49
GEV,2026-10-01,987.45
GEV,2026-10-02,988.7
GEV,2026-10-05,990.0
GFRD.L,2026-09-30,706.0
GFRD.L,2026-10-01,706.0
GFRD.L,2026-10-02,709.0
GFRD.L,2026-10-05,693.0
GFRD.L,2026-10-06,694.0
GFTU.L,2026-09-30,979.2
GFTU.L,2026-10-01,945.2
GFTU.L,2026-10-02,934.3
GFTU.L,2026-10-05,933.5
GFTU.L,2026-10-06,939.1
GILD,2026-09-29,151.28
GILD,2026-09-30,149.05
GILD,2026-10-01,147.5
GILD,2026-10-02,144.74
GILD,2026-10-05,144.63
GIS,2026-09-29,33.82
GIS,2026-09-30,32.16
GIS,2026-10-01,31.67
GIS,2026-10-02,32.01
GIS,2026-10-05,31.68
GL,2026-09-29,166.08
GL,2026-09-30,165.65
GL,2026-10-01,165.83
GL,2026-10-02,165.68
GL,2026-10-05,165.92
GLE.PA,2026-09-30,69.56
GLE.PA,2026-10-01,66.08
GLE.PA,2026-10-02,66.3
GLE.PA,2026-10-05,65.99
GLE.PA,2026-10-06,68.05
GLEN.L,2026-09-30,555.2
GLEN.L,2026-10-01,545.3
GLEN.L,2026-10-02,561.4
GLEN.L,2026-10-05,569.3
GLEN.L,2026-10-06,577.7
GLW,2026-09-29,158.71
GLW,2026-09-30,153.76
GLW,2026-10-01,160.42
GLW,2026-10-02,164.19
GLW,2026-10-05,159.37
GM,2026-09-29,80.47
GM,2026-09-30,77.0
GM,2026-10-01,79.31
GM,2026-10-02,78.27
GM,2026-10-05,80.23
GNC.L,2026-09-30,254.0
GNC.L,2026-10-01,249.0
GNC.L,2026-10-02,244.4
GNC.L,2026-10-05,244.0
GNC.L,2026-10-06,244.0
GNRC,2026-09-29,212.22
GNRC,2026-09-30,206.95
GNRC,2026-10-01,207.91
GNRC,2026-10-02,216.8
GNRC,2026-10-05,215.2
GNS.L,2026-09-30,2142.0
GNS.L,2026-10-01,2150.0
GNS.L,2026-10-02,2144.0
GNS.L,2026-10-05,2126.0
GNS.L,2026-10-06,2126.0
GOOG,2026-09-29,337.32
GOOG,2026-09-30,340.74
GOOG,2026-10-01,334.93
GOOG,2026-10-02,340.35
GOOG,2026-10-05,343.83
GOOGL,2026-09-29,340.92
GOOGL,2026-09-30,344.08
GOOGL,2026-10-01,338.24
GOOGL,2026-10-02,343.5
GOOGL,2026-10-05,346.47
GPC,2026-09-29,126.95
GPC,2026-09-30,125.74
GPC,2026-10-01,125.12
GPC,2026-10-02,127.24
GPC,2026-10-05,126.24
GPE.L,2026-09-30,311.0
GPE.L,2026-10-01,301.0
GPE.L,2026-10-02,307.0
GPE.L,2026-10-05,305.0
GPE.L,2026-10-06,308.4
GPN,2026-09-29,83.33
GPN,2026-09-30,81.67
GPN,2026-10-01,80.29
GPN,2026-10-02,78.38
GPN,2026-10-05,82.18
GRG.L,2026-09-30,2028.0
GRG.L,2026-10-01,1988.0
GRG.L,2026-10-02,2026.0
GRG.L,2026-10-05,2016.0
GRG.L,2026-10-06,2052.0
GRI.L,2026-09-30,167.2
GRI.L,2026-10-01,162.6
GRI.L,2026-10-02,163.0
GRI.L,2026-10-05,162.8
GRI.L,2026-10-06,165.5
GRMN,2026-09-29,290.23
GRMN,2026-09-30,286.84
GRMN,2026-10-01,282.46
GRMN,2026-10-02,281.16
GRMN,2026-10-05,285.52
GROW.L,2026-09-30,700.0
GROW.L,2026-10-01,675.0
GROW.L,2026-10-02,674.5
GROW.L,2026-10-05,672.5
GROW.L,2026-10-06,684.779
GS,2026-09-29,916.24
GS,2026-09-30,900.36
GS,2026-10-01,896.67
GS,2026-10-02,902.56
GS,2026-10-05,893.46
GSCT.L,2026-09-30,190.6
GSCT.L,2026-10-01,189.0
GSCT.L,2026-10-02,190.6
GSCT.L,2026-10-05,191.6
GSCT.L,2026-10-06,191.06
GSK,2026-09-29,49.35
GSK,2026-09-30,48.17
GSK,2026-10-01,47.18
GSK,2026-10-02,47.03
GSK,2026-10-05,46.55
GSK.L,2026-09-30,1832.0
GSK.L,2026-10-01,1795.0
GSK.L,2026-10-02,1779.5
GSK.L,2026-10-05,1759.0
GSK.L,2026-10-06,1766.5
GWW,2026-09-29,1248.67
GWW,2026-09-30,1245.76
GWW,2026-10-01,1281.6801
GWW,2026-10-02,1280.3
GWW,2026-10-05,1286.84
HAL,2026-09-29,31.54
HAL,2026-09-30,31.8
HAL,2026-10-01,31.88
HAL,2026-10-02,31.85
HAL,2026-10-05,32.78
HANA.L,2026-09-30,330.0
HANA.L,2026-10-01,336.0
HANA.L,2026-10-02,334.0
HANA.L,2026-10-05,335.0
HANA.L,2026-10-06,332.795
HAS,2026-09-29,88.26
HAS,2026-09-30,87.68
HAS,2026-10-01,89.98
HAS,2026-10-02,89.54
HAS,2026-10-05,92.38
HAS.L,2026-09-30,63.25
HAS.L,2026-10-01,63.65
HAS.L,2026-10-02,64.3
HAS.L,2026-10-05,62.85
HAS.L,2026-10-06,63.5
HBAN,2026-09-29,15.27
HBAN,2026-09-30,15.26
HBAN,2026-10-01,15.19
HBAN,2026-10-02,15.33
HBAN,2026-10-05,15.29
HBR.L,2026-09-30,263.0
HBR.L,2026-10-01,276.2
HBR.L,2026-10-02,269.2
HBR.L,2026-10-05,273.0
HBR.L,2026-10-06,267.6
HCA,2026-09-29,431.63
HCA,2026-09-30,426.74
HCA,2026-10-01,423.39
HCA,2026-10-02,426.69
HCA,2026-10-05,434.92
HD,2026-09-29,288.04
HD,2026-09-30,284.49
HD,2026-10-01,282.46
HD,2026-10-02,282.85
HD,2026-10-05,281.15
HEI.DE,2026-09-30,141.75
HEI.DE,2026-10-01,145.7
HEI.DE,2026-10-02,148.4
HEI.DE,2026-10-05,145.7
HEI.DE,2026-10-06,145.65
HEN3.DE,2026-09-30,73.02
HEN3.DE,2026-10-01,71.92
HEN3.DE,2026-10-02,72.3
HEN3.DE,2026-10-05,71.66
HEN3.DE,2026-10-06,73.18
HER.MI,2026-09-30,3.538
HER.MI,2026-10-01,3.502
HER.MI,2026-10-02,3.534
HER.MI,2026-10-05,3.496
HER.MI,2026-10-06,3.51
HFD.L,2026-09-30,267.5
HFD.L,2026-10-01,263.0
HFD.L,2026-10-02,258.0
HFD.L,2026-10-05,257.5
HFD.L,2026-10-06,256.5
HFEL.L,2026-09-30,272.5
HFEL.L,2026-10-01,272.0
HFEL.L,2026-10-02,273.0
HFEL.L,2026-10-05,273.5
HFEL.L,2026-10-06,273.0
HFG.L,2026-09-30,719.0
HFG.L,2026-10-01,702.0
HFG.L,2026-10-02,698.5
HFG.L,2026-10-05,695.0
HFG.L,2026-10-06,705.5
HGT.L,2026-09-30,385.5
HGT.L,2026-10-01,376.0
HGT.L,2026-10-02,373.0
HGT.L,2026-10-05,373.0
HGT.L,2026-10-06,385.0
HICL.L,2026-09-30,134.2
HICL.L,2026-10-01,132.2
HICL.L,2026-10-02,131.2
HICL.L,2026-10-05,131.4
HICL.L,2026-10-06,131.3355
HIG,2026-09-29,125.85
HIG,2026-09-30,122.36
HIG,2026-10-01,125.74
HIG,2026-10-02,126.05
HIG,2026-10-05,126.21
HII,2026-09-29,259.64
HII,2026-09-30,267.07
HII,2026-10-01,274.33
HII,2026-10-02,268.54
HII,2026-10-05,266.48
HIK.L,2026-09-30,1618.0
HIK.L,2026-10-01,1571.0
HIK.L,2026-10-02,1580.0
HIK.L,2026-10-05,1579.0
HIK.L,2026-10-06,1614.0
HILS.L,2026-09-30,3320.0
HILS.L,2026-10-01,3245.0
HILS.L,2026-10-02,3270.0
HILS.L,2026-10-05,3295.0
HILS.L,2026-10-06,3265.0
HLMA.L,2026-09-30,3502.0
HLMA.L,2026-10-01,3464.0
HLMA.L,2026-10-02,3600.0
HLMA.L,2026-10-05,3528.0
HLMA.L,2026-10-06,3532.0
HLN,2026-09-29,9.07
HLN,2026-09-30,9.0
HLN,2026-10-01,8.72
HLN,2026-10-02,8.8
HLN,2026-10-05,8.82
HLN.L,2026-09-30,337.6
HLN.L,2026-10-01,327.8
HLN.L,2026-10-02,328.3
HLN.L,2026-10-05,330.8
HLN.L,2026-10-06,334.3
HLT,2026-09-29,323.44
HLT,2026-09-30,318.12
HLT,2026-10-01,315.44
HLT,2026-10-02,319.36
HLT,2026-10-05,316.12
HMSO.L,2026-09-30,344.8
HMSO.L,2026-10-01,329.6
HMSO.L,2026-10-02,334.2
HMSO.L,2026-10-05,330.8
HMSO.L,2026-10-06,336.2
HNR1.DE,2026-09-30,252.4
HNR1.DE,2026-10-01,250.8
HNR1.DE,2026-10-02,255.0
HNR1.DE,2026-10-05,255.4
HNR1.DE,2026-10-06,255.6
HO.PA,2026-09-30,224.5
HO.PA,2026-10-01,225.3
HO.PA,2026-10-02,222.7
HO.PA,2026-10-05,226.8
HO.PA,2026-10-06,221.5
HOC.L,2026-09-30,530.5
HOC.L,2026-10-01,532.0
HOC.L,2026-10-02,540.5
HOC.L,2026-10-05,534.5
HOC.L,2026-10-06,526.0
HON,2026-09-29,210.13
HON,2026-09-30,210.94
HON,2026-10-01,213.8
HON,2026-10-02,213.99
HON,2026-10-05,214.14
HONA,2026-09-29,155.44
HONA,2026-09-30,154.97
HONA,2026-10-01,154.07
HONA,2026-10-02,154.63
HONA,2026-10-05,155.74
HOOD,2026-09-29,116.22
HOOD,2026-09-30,112.5
HOOD,2026-10-01,111.15
HOOD,2026-10-02,112.74
HOOD,2026-10-05,114.11
HPE,2026-09-29,61.49
HPE,2026-09-30,63.89
HPE,2026-10-01,64.58
HPE,2026-10-02,69.33
HPE,2026-10-05,68.36
HPQ,2026-09-29,30.73
HPQ,2026-09-30,31.28
HPQ,2026-10-01,32.15
HPQ,2026-10-02,32.12
HPQ,2026-10-05,31.47
HRI.L,2026-09-30,2965.0
HRI.L,2026-10-01,2950.0
HRI.L,2026-10-02,2990.0
HRI.L,2026-10-05,2995.0
HRI.L,2026-10-06,3003.4299
HRL,2026-09-29,19.85
HRL,2026-09-30,19.94
HRL,2026-10-01,19.96
HRL,2026-10-02,20.25
HRL,2026-10-05,20.08
HSBA.L,2026-09-30,1497.6
HSBA.L,2026-10-01,1437.0
HSBA.L,2026-10-02,1442.2
HSBA.L,2026-10-05,1459.0
HSBA.L,2026-10-06,1471.8
HSBC,2026-09-29,100.72
HSBC,2026-09-30,99.31
HSBC,2026-10-01,95.82
HSBC,2026-10-02,96.14
HSBC,2026-10-05,96.68
HSIC,2026-09-29,84.97
HSIC,2026-09-30,83.97
HSIC,2026-10-01,84.93
HSIC,2026-10-02,84.88
HSIC,2026-10-05,84.23
HSL.L,2026-09-30,983.0
HSL.L,2026-10-01,951.0
HSL.L,2026-10-02,955.0
HSL.L,2026-10-05,951.0
HSL.L,2026-10-06,953.108
HST,2026-09-29,22.44
HST,2026-09-30,22.39
HST,2026-10-01,22.51
HST,2026-10-02,22.56
HST,2026-10-05,22.44
HSX.L,2026-09-30,1854.0
HSX.L,2026-10-01,1848.0
HSX.L,2026-10-02,1861.0
HSX.L,2026-10-05,1851.0
HSX.L,2026-10-06,1836.0
HSY,2026-09-29,161.41
HSY,2026-09-30,157.61
HSY,2026-10-01,159.3
HSY,2026-10-02,160.19
HSY,2026-10-05,161.01
HTG.L,2026-09-30,397.0
HTG.L,2026-10-01,389.5
HTG.L,2026-10-02,383.0
HTG.L,2026-10-05,394.5
HTG.L,2026-10-06,386.5
HTWS.L,2026-09-30,212.8
HTWS.L,2026-10-01,210.0
HTWS.L,2026-10-02,214.4
HTWS.L,2026-10-05,216.2
HTWS.L,2026-10-06,217.6
HUBB,2026-09-29,459.09
HUBB,2026-09-30,453.6
HUBB,2026-10-01,466.98
HUBB,2026-10-02,475.52
HUBB,2026-10-05,480.65
HUM,2026-09-29,386.87
HUM,2026-09-30,381.57
HUM,2026-10-01,379.68
HUM,2026-10-02,388.36
HUM,2026-10-05,404.07
HVPE.L,2026-09-30,3315.0
HVPE.L,2026-10-01,3300.0
HVPE.L,2026-10-02,3295.0
HVPE.L,2026-10-05,3285.0
HVPE.L,2026-10-06,3290.0
HWDN.L,2026-09-30,762.0
HWDN.L,2026-10-01,749.0
HWDN.L,2026-10-02,752.5
HWDN.L,2026-10-05,753.0
HWDN.L,2026-10-06,757.5
HWG.L,2026-09-30,187.0
HWG.L,2026-10-01,187.0
HWG.L,2026-10-02,187.0
HWG.L,2026-10-05,187.0
HWG.L,2026-10-06,187.4
HWM,2026-09-29,230.94
HWM,2026-09-30,226.18
HWM,2026-10-01,228.38
HWM,2026-10-02,231.27
HWM,2026-10-05,229.57
IAD.L,2026-09-30,504.0
IAD.L,2026-10-01,496.0
IAD.L,2026-10-02,501.0
IAD.L,2026-10-05,507.0
IAD.L,2026-10-06,501.0
IAG.L,2026-09-30,437.7
IAG.L,2026-10-01,432.2
IAG.L,2026-10-02,441.2
IAG.L,2026-10-05,434.0
IAG.L,2026-10-06,439.2
IBE.MC,2026-09-30,20.61
IBE.MC,2026-10-01,20.73
IBE.MC,2026-10-02,20.82
IBE.MC,2026-10-05,21.0
IBE.MC,2026-10-06,21.1
IBKR,2026-09-29,86.18
IBKR,2026-09-30,85.42
IBKR,2026-10-01,85.81
IBKR,2026-10-02,88.3
IBKR,2026-10-05,89.05
IBM,2026-09-29,219.99
IBM,2026-09-30,219.93
IBM,2026-10-01,225.62
IBM,2026-10-02,222.64
IBM,2026-10-05,221.58
ICE,2026-09-29,152.19
ICE,2026-09-30,152.03
ICE,2026-10-01,151.47
ICE,2026-10-02,150.15
ICE,2026-10-05,152.15
ICG.L,2026-09-30,1849.0
ICG.L,2026-10-01,1795.0
ICG.L,2026-10-02,1763.0
ICG.L,2026-10-05,1764.0
ICG.L,2026-10-06,1762.092
ICGT.L,2026-09-30,1400.0
ICGT.L,2026-10-01,1382.0
ICGT.L,2026-10-02,1370.0
ICGT.L,2026-10-05,1378.0
ICGT.L,2026-10-06,1374.5
IDXX,2026-09-29,533.44
IDXX,2026-09-30,522.19
IDXX,2026-10-01,517.75
IDXX,2026-10-02,518.39
IDXX,2026-10-05,527.07
IEX,2026-09-29,230.43
IEX,2026-09-30,227.98
IEX,2026-10-01,229.85
IEX,2026-10-02,232.99
IEX,2026-10-05,235.29
IFF,2026-09-29,85.25
IFF,2026-09-30,83.48
IFF,2026-10-01,83.12
IFF,2026-10-02,82.42
IFF,2026-10-05,83.26
IFX.DE,2026-09-30,59.5
IFX.DE,2026-10-01,59.42
IFX.DE,2026-10-02,64.64
IFX.DE,2026-10-05,63.47
IFX.DE,2026-10-06,64.07
IG.MI,2026-09-30,8.408
IG.MI,2026-10-01,8.238
IG.MI,2026-10-02,8.256
IG.MI,2026-10-05,8.13
IG.MI,2026-10-06,8.158
IGG.L,2026-09-30,1325.0
IGG.L,2026-10-01,1279.0
IGG.L,2026-10-02,990.0
IGG.L,2026-10-05,986.0
IGG.L,2026-10-06,973.5
IHG,2026-09-29,163.1
IHG,2026-09-30,160.8
IHG,2026-10-01,161.44
IHG,2026-10-02,161.74
IHG,2026-10-05,159.51
IHG.L,2026-09-30,161.55
IHG.L,2026-10-01,159.75
IHG.L,2026-10-02,160.85
IHG.L,2026-10-05,159.35
IHG.L,2026-10-06,160.15
IHP.L,2026-09-30,377.5
IHP.L,2026-10-01,365.5
IHP.L,2026-10-02,362.0
IHP.L,2026-10-05,364.5
IHP.L,2026-10-06,364.0
III.L,2026-09-30,2624.0
III.L,2026-10-01,2544.0
III.L,2026-10-02,2555.0
III.L,2026-10-05,2412.0
III.L,2026-10-06,2365.0
ILMN,2026-09-29,272.0
ILMN,2026-09-30,273.68
ILMN,2026-10-01,265.72
ILMN,2026-10-02,273.04
ILMN,2026-10-05,293.69
IMB.L,2026-09-30,2445.0
IMB.L,2026-10-01,2424.0
IMB.L,2026-10-02,2443.0
IMB.L,2026-10-05,2450.0
IMB.L,2026-10-06,2460.0
IMI.L,2026-09-30,3136.0
IMI.L,2026-10-01,3066.0
IMI.L,2026-10-02,3130.0
IMI.L,2026-10-05,3150.0
IMI.L,2026-10-06,3164.0
INCH.L,2026-09-30,748.0
INCH.L,2026-10-01,743.0
INCH.L,2026-10-02,739.5
INCH.L,2026-10-05,731.5
INCH.L,2026-10-06,696.0
INCY,2026-09-29,123.2
INCY,2026-09-30,121.35
INCY,2026-10-01,117.14
INCY,2026-10-02,115.3
INCY,2026-10-05,114.13
INF.L,2026-09-30,868.0
INF.L,2026-10-01,860.4
INF.L,2026-10-02,857.6
INF.L,2026-10-05,861.8
INF.L,2026-10-06,901.4
ING,2026-09-29,36.08
ING,2026-09-30,35.5
ING,2026-10-01,34.25
ING,2026-10-02,34.78
ING,2026-10-05,34.77
INGA.AS,2026-09-30,31.485
INGA.AS,2026-10-01,30.25
INGA.AS,2026-10-02,30.685
INGA.AS,2026-10-05,31.035
INGA.AS,2026-10-06,31.43
INPP.L,2026-09-30,138.8
INPP.L,2026-10-01,137.0
INPP.L,2026-10-02,135.4
INPP.L,2026-10-05,134.8
INPP.L,2026-10-06,135.2
INTC,2026-09-29,115.93
INTC,2026-09-30,120.23
INTC,2026-10-01,120.0
INTC,2026-10-02,119.33
INTC,2026-10-05,116.19
INTU,2026-09-29,268.03
INTU,2026-09-30,275.71
INTU,2026-10-01,282.78
INTU,2026-10-02,281.08
INTU,2026-10-05,284.68
INVH,2026-09-29,26.57
INVH,2026-09-30,26.33
INVH,2026-10-01,26.4
INVH,2026-10-02,26.04
INVH,2026-10-05,26.06
INVP.L,2026-09-30,623.5
INVP.L,2026-10-01,610.0
INVP.L,2026-10-02,605.0
INVP.L,2026-10-05,604.0
INVP.L,2026-10-06,609.0
INW.MI,2026-09-30,6.44
INW.MI,2026-10-01,6.355
INW.MI,2026-10-02,6.5
INW.MI,2026-10-05,6.46
INW.MI,2026-10-06,6.675
IP,2026-09-29,33.32
IP,2026-09-30,33.17
IP,2026-10-01,32.52
IP,2026-10-02,31.97
IP,2026-10-05,32.05
IPO.L,2026-09-30,75.4
IPO.L,2026-10-01,73.1
IPO.L,2026-10-02,74.0
IPO.L,2026-10-05,70.2
IPO.L,2026-10-06,72.2
IQV,2026-09-29,268.99
IQV,2026-09-30,268.85
IQV,2026-10-01,260.72
IQV,2026-10-02,258.21
IQV,2026-10-05,266.09
IR,2026-09-29,76.48
IR,2026-09-30,75.11
IR,2026-10-01,75.25
IR,2026-10-02,76.07
IR,2026-10-05,78.55
IRM,2026-09-29,111.5
IRM,2026-09-30,110.95
IRM,2026-10-01,111.13
IRM,2026-10-02,113.39
IRM,2026-10-05,112.33
ISP.MI,2026-09-30,6.645
ISP.MI,2026-10-01,6.378
ISP.MI,2026-10-02,6.328
ISP.MI,2026-10-05,6.426
ISP.MI,2026-10-06,6.516
ISRG,2026-09-29,412.18
ISRG,2026-09-30,406.63
ISRG,2026-10-01,401.24
ISRG,2026-10-02,391.95
ISRG,2026-10-05,406.48
IT,2026-09-29,185.85
IT,2026-09-30,186.54
IT,2026-10-01,192.8
IT,2026-10-02,184.8
IT,2026-10-05,187.76
ITH.L,2026-09-30,274.4
ITH.L,2026-10-01,276.0
ITH.L,2026-10-02,275.4
ITH.L,2026-10-05,281.4
ITH.L,2026-10-06,271.8
ITRK.L,2026-09-30,5870.0
ITRK.L,2026-10-01,5875.0
ITRK.L,2026-10-02,5880.0
ITRK.L,2026-10-05,5885.0
ITRK.L,2026-10-06,5885.0
ITV.L,2026-09-30,67.75
ITV.L,2026-10-01,66.5
ITV.L,2026-10-02,66.75
ITV.L,2026-10-05,66.4
ITV.L,2026-10-06,66.9
ITW,2026-09-29,267.07
ITW,2026-09-30,257.28
ITW,2026-10-01,260.84
ITW,2026-10-02,262.92
ITW,2026-10-05,264.19
ITX.MC,2026-09-30,53.92
ITX.MC,2026-10-01,53.06
ITX.MC,2026-10-02,53.24
ITX.MC,2026-10-05,53.0
ITX.MC,2026-10-06,53.9
IVG.MI,2026-09-30,14.29
IVG.MI,2026-10-01,14.29
IVG.MI,2026-10-02,14.27
IVG.MI,2026-10-05,14.175
IVG.MI,2026-10-06,14.23
IVZ,2026-09-29,30.42
IVZ,2026-09-30,30.16
IVZ,2026-10-01,30.42
IVZ,2026-10-02,30.66
IVZ,2026-10-05,30.5
IWG.L,2026-09-30,178.6
IWG.L,2026-10-01,177.0
IWG.L,2026-10-02,176.4
IWG.L,2026-10-05,174.5
IWG.L,2026-10-06,174.1
J,2026-09-29,136.48
J,2026-09-30,135.27
J,2026-10-01,139.79
J,2026-10-02,138.06
J,2026-10-05,138.67
JAM.L,2026-09-30,1230.0
JAM.L,2026-10-01,1222.0
JAM.L,2026-10-02,1238.0
JAM.L,2026-10-05,1244.0
JAM.L,2026-10-06,1248.807
JBHT,2026-09-29,229.28
JBHT,2026-09-30,224.05
JBHT,2026-10-01,227.2
JBHT,2026-10-02,234.2
JBHT,2026-10-05,229.74
JBL,2026-09-29,318.84
JBL,2026-09-30,286.86
JBL,2026-10-01,299.79
JBL,2026-10-02,304.41
JBL,2026-10-05,300.94
JCH.L,2026-09-30,952.0
JCH.L,2026-10-01,926.0
JCH.L,2026-10-02,924.0
JCH.L,2026-10-05,924.0
JCH.L,2026-10-06,926.0
JCI,2026-09-29,149.42
JCI,2026-09-30,148.65
JCI,2026-10-01,151.77
JCI,2026-10-02,156.24
JCI,2026-10-05,156.85
JD.L,2026-09-30,81.28
JD.L,2026-10-01,80.86
JD.L,2026-10-02,79.72
JD.L,2026-10-05,79.7
JD.L,2026-10-06,80.16
JDW.L,2026-09-30,813.5
JDW.L,2026-10-01,813.0
JDW.L,2026-10-02,915.0
JDW.L,2026-10-05,952.5
JDW.L,2026-10-06,956.5
JEDT.L,2026-09-30,624.0
JEDT.L,2026-10-01,611.0
JEDT.L,2026-10-02,611.0
JEDT.L,2026-10-05,608.0
JEDT.L,2026-10-06,615.0
JEGI.L,2026-09-30,142.6
JEGI.L,2026-10-01,140.6
JEGI.L,2026-10-02,140.4
JEGI.L,2026-10-05,139.2
JEGI.L,2026-10-06,140.6
JEMI.L,2026-09-30,214.0
JEMI.L,2026-10-01,213.0
JEMI.L,2026-10-02,214.0
JEMI.L,2026-10-05,218.0
JEMI.L,2026-10-06,219.0
JFJ.L,2026-09-30,832.0
JFJ.L,2026-10-01,827.0
JFJ.L,2026-10-02,842.0
JFJ.L,2026-10-05,841.0
JFJ.L,2026-10-06,848.0
JGGI.L,2026-09-30,611.5
JGGI.L,2026-10-01,606.0
JGGI.L,2026-10-02,609.5
JGGI.L,2026-10-05,614.0
JGGI.L,2026-10-06,616.7313
JKHY,2026-09-29,146.22
JKHY,2026-09-30,143.24
JKHY,2026-10-01,143.84
JKHY,2026-10-02,142.54
JKHY,2026-10-05,145.12
JMAT.L,2026-09-30,2406.0
JMAT.L,2026-10-01,2370.0
JMAT.L,2026-10-02,2422.0
JMAT.L,2026-10-05,2406.0
JMAT.L,2026-10-06,2415.728
JMGI.L,2026-09-30,169.2
JMGI.L,2026-10-01,168.6
JMGI.L,2026-10-02,170.4
JMGI.L,2026-10-05,174.6
JMGI.L,2026-10-06,174.4
JNJ,2026-09-29,267.57
JNJ,2026-09-30,264.74
JNJ,2026-10-01,258.66
JNJ,2026-10-02,256.03
JNJ,2026-10-05,252.93
JPM,2026-09-29,334.98
JPM,2026-09-30,330.83
JPM,2026-10-01,333.18
JPM,2026-10-02,332.38
JPM,2026-10-05,332.38
JSG.L,2026-09-30,137.8
JSG.L,2026-10-01,136.0
JSG.L,2026-10-02,136.9
JSG.L,2026-10-05,136.0
JSG.L,2026-10-06,136.9
JUP.L,2026-09-30,173.4
JUP.L,2026-10-01,168.4
JUP.L,2026-10-02,169.2
JUP.L,2026-10-05,166.4
JUP.L,2026-10-06,168.2
KDP,2026-09-29,31.03
KDP,2026-09-30,30.34
KDP,2026-10-01,30.69
KDP,2026-10-02,30.37
KDP,2026-10-05,30.89
KER.PA,2026-09-30,223.4
KER.PA,2026-10-01,217.3
KER.PA,2026-10-02,210.3
KER.PA,2026-10-05,209.25
KER.PA,2026-10-06,212.4
KEY,2026-09-29,20.12
KEY,2026-09-30,20.07
KEY,2026-10-01,20.05
KEY,2026-10-02,20.08
KEY,2026-10-05,20.18
KEYS,2026-09-29,360.65
KEYS,2026-09-30,364.04
KEYS,2026-10-01,373.88
KEYS,2026-10-02,384.64
KEYS,2026-10-05,384.17
KGF.L,2026-09-30,334.3
KGF.L,2026-10-01,327.9
KGF.L,2026-10-02,328.3
KGF.L,2026-10-05,325.2
KGF.L,2026-10-06,326.9
KHC,2026-09-29,23.45
KHC,2026-09-30,22.72
KHC,2026-10-01,22.46
KHC,2026-10-02,22.19
KHC,2026-10-05,21.84
KIE.L,2026-09-30,310.6
KIE.L,2026-10-01,306.6
KIE.L,2026-10-02,308.0
KIE.L,2026-10-05,300.0
KIE.L,2026-10-06,301.0
KIM,2026-09-29,22.42
KIM,2026-09-30,22.21
KIM,2026-10-01,22.21
KIM,2026-10-02,22.24
KIM,2026-10-05,22.03
KKR,2026-09-29,93.18
KKR,2026-09-30,91.3
KKR,2026-10-01,91.24
KKR,2026-10-02,90.29
KKR,2026-10-05,89.96
KLAC,2026-09-29,196.53
KLAC,2026-09-30,194.93
KLAC,2026-10-01,200.33
KLAC,2026-10-02,206.89
KLAC,2026-10-05,206.85
KLR.L,2026-09-30,3340.0
KLR.L,2026-10-01,3344.0
KLR.L,2026-10-02,3328.0
KLR.L,2026-10-05,3280.0
KLR.L,2026-10-06,3276.0
KMB,2026-09-29,98.99
KMB,2026-09-30,97.43
KMB,2026-10-01,94.34
KMB,2026-10-02,94.36
KMB,2026-10-05,95.41
KMI,2026-09-29,30.45
KMI,2026-09-30,30.15
KMI,2026-10-01,30.53
KMI,2026-10-02,31.07
KMI,2026-10-05,31.41
KNOS.L,2026-09-30,1225.0
KNOS.L,2026-10-01,1211.0
KNOS.L,2026-10-02,1200.0
KNOS.L,2026-10-05,1204.0
KNOS.L,2026-10-06,1225.0
KO,2026-09-29,86.84
KO,2026-09-30,86.08
KO,2026-10-01,86.1
KO,2026-10-02,85.65
KO,2026-10-05,86.51
KR,2026-09-29,60.79
KR,2026-09-30,58.62
KR,2026-10-01,59.48
KR,2026-10-02,59.03
KR,2026-10-05,58.78
KVUE,2026-09-29,17.91
KVUE,2026-09-30,17.66
KVUE,2026-10-01,17.22
KVUE,2026-10-02,17.2
KVUE,2026-10-05,17.39
L,2026-09-29,105.93
L,2026-09-30,104.43
L,2026-10-01,105.05
L,2026-10-02,106.03
L,2026-10-05,105.67
LAND.L,2026-09-30,624.5
LAND.L,2026-10-01,607.5
LAND.L,2026-10-02,615.0
LAND.L,2026-10-05,618.5
LAND.L,2026-10-06,620.5
LDO.MI,2026-09-30,49.0
LDO.MI,2026-10-01,47.8
LDO.MI,2026-10-02,47.39
LDO.MI,2026-10-05,48.3
LDO.MI,2026-10-06,46.99
LDOS,2026-09-29,123.1
LDOS,2026-09-30,121.83
LDOS,2026-10-01,121.97
LDOS,2026-10-02,117.74
LDOS,2026-10-05,119.45
LEN,2026-09-29,83.01
LEN,2026-09-30,81.59
LEN,2026-10-01,82.11
LEN,2026-10-02,79.81
LEN,2026-10-05,74.44
LGEN.L,2026-09-30,292.0
LGEN.L,2026-10-01,285.6
LGEN.L,2026-10-02,287.2
LGEN.L,2026-10-05,288.8
LGEN.L,2026-10-06,288.3
LH,2026-09-29,308.81
LH,2026-09-30,308.11
LH,2026-10-01,304.6
LH,2026-10-02,308.49
LH,2026-10-05,308.65
LHX,2026-09-29,236.47
LHX,2026-09-30,236.78
LHX,2026-10-01,238.4
LHX,2026-10-02,236.6
LHX,2026-10-05,236.88
LII,2026-09-29,360.16
LII,2026-09-30,355.02
LII,2026-10-01,360.46
LII,2026-10-02,356.3
LII,2026-10-05,361.15
LIN,2026-09-29,473.37
LIN,2026-09-30,474.65
LIN,2026-10-01,469.45
LIN,2026-10-02,479.48
LIN,2026-10-05,482.38
LITE,2026-09-29,973.49
LITE,2026-09-30,971.26
LITE,2026-10-01,1045.78
LITE,2026-10-02,1085.42
LITE,2026-10-05,1091.67
LLOY.L,2026-09-30,106.9
LLOY.L,2026-10-01,102.1
LLOY.L,2026-10-02,104.0
LLOY.L,2026-10-05,104.0
LLOY.L,2026-10-06,105.0
LLY,2026-09-29,1184.63
LLY,2026-09-30,1157.08
LLY,2026-10-01,1149.85
LLY,2026-10-02,1142.85
LLY,2026-10-05,1143.12
LMP.L,2026-09-30,179.2
LMP.L,2026-10-01,171.3
LMP.L,2026-10-02,171.6
LMP.L,2026-10-05,170.8
LMP.L,2026-10-06,173.0
LMT,2026-09-29,512.21
LMT,2026-09-30,509.25
LMT,2026-10-01,505.5
LMT,2026-10-02,505.41
LMT,2026-10-05,506.63
LNT,2026-09-29,64.34
LNT,2026-09-30,63.3
LNT,2026-10-01,63.71
LNT,2026-10-02,64.33
LNT,2026-10-05,64.29
LOW,2026-09-29,187.26
LOW,2026-09-30,184.29
LOW,2026-10-01,182.38
LOW,2026-10-02,180.8
LOW,2026-10-05,179.5
LR.PA,2026-09-30,141.6
LR.PA,2026-10-01,139.75
LR.PA,2026-10-02,144.55
LR.PA,2026-10-05,143.1
LR.PA,2026-10-06,146.4
LRCX,2026-09-29,323.86
LRCX,2026-09-30,328.51
LRCX,2026-10-01,340.1
LRCX,2026-10-02,347.49
LRCX,2026-10-05,345.8
LRE.L,2026-09-30,642.5
LRE.L,2026-10-01,634.5
LRE.L,2026-10-02,638.5
LRE.L,2026-10-05,638.5
LRE.L,2026-10-06,632.5
LSEG.L,2026-09-30,8160.0
LSEG.L,2026-10-01,8120.0
LSEG.L,2026-10-02,8090.0
LSEG.L,2026-10-05,8240.0
LSEG.L,2026-10-06,8280.0
LTMC.MI,2026-09-30,25.53
LTMC.MI,2026-10-01,25.03
LTMC.MI,2026-10-02,25.42
LTMC.MI,2026-10-05,24.95
LTMC.MI,2026-10-06,24.82
LULU,2026-09-29,96.87
LULU,2026-09-30,96.19
LULU,2026-10-01,95.86
LULU,2026-10-02,94.46
LULU,2026-10-05,93.14
LUV,2026-09-29,42.08
LUV,2026-09-30,41.64
LUV,2026-10-01,41.84
LUV,2026-10-02,42.47
LUV,2026-10-05,41.85
LVS,2026-09-29,38.32
LVS,2026-09-30,37.81
LVS,2026-10-01,36.69
LVS,2026-10-02,36.23
LVS,2026-10-05,36.61
LWDB.L,2026-09-30,1244.0
LWDB.L,2026-10-01,1222.0
LWDB.L,2026-10-02,1228.0
LWDB.L,2026-10-05,1222.0
LWDB.L,2026-10-06,1230.0
LYB,2026-09-29,58.18
LYB,2026-09-30,57.47
LYB,2026-10-01,57.78
LYB,2026-10-02,58.58
LYB,2026-10-05,59.22
LYG,2026-09-29,5.69
LYG,2026-09-30,5.63
LYG,2026-10-01,5.42
LYG,2026-10-02,5.5
LYG,2026-10-05,5.46
LYV,2026-09-29,171.09
LYV,2026-09-30,169.3
LYV,2026-10-01,166.85
LYV,2026-10-02,168.77
LYV,2026-10-05,170.67
MA,2026-09-29,563.58
MA,2026-09-30,551.47
MA,2026-10-01,550.0
MA,2026-10-02,552.26
MA,2026-10-05,564.59
MAA,2026-09-29,118.43
MAA,2026-09-30,117.74
MAA,2026-10-01,116.38
MAA,2026-10-02,115.27
MAA,2026-10-05,116.47
MAB.L,2026-09-30,283.0
MAB.L,2026-10-01,282.5
MAB.L,2026-10-02,294.5
MAB.L,2026-10-05,294.5
MAB.L,2026-10-06,289.327
MAR,2026-09-29,361.62
MAR,2026-09-30,355.67
MAR,2026-10-01,354.79
MAR,2026-10-02,358.96
MAR,2026-10-05,355.89
MAS,2026-09-29,68.37
MAS,2026-09-30,67.4
MAS,2026-10-01,68.28
MAS,2026-10-02,68.36
MAS,2026-10-05,68.46
MB.MI,2026-09-30,28.62
MB.MI,2026-10-01,27.41
MB.MI,2026-10-02,27.41
MB.MI,2026-10-05,26.0
MB.MI,2026-10-06,26.12
MBG.DE,2026-09-30,40.595
MBG.DE,2026-10-01,40.06
MBG.DE,2026-10-02,39.725
MBG.DE,2026-10-05,40.2
MBG.DE,2026-10-06,40.505
MC.PA,2026-09-30,390.0
MC.PA,2026-10-01,379.5
MC.PA,2026-10-02,378.55
MC.PA,2026-10-05,380.9
MC.PA,2026-10-06,385.2
MCD,2026-09-29,233.98
MCD,2026-09-30,230.94
MCD,2026-10-01,231.83
MCD,2026-10-02,231.89
MCD,2026-10-05,233.04
MCHP,2026-09-29,78.78
MCHP,2026-09-30,77.77
MCHP,2026-10-01,78.5
MCHP,2026-10-02,81.32
MCHP,2026-10-05,81.49
MCK,2026-09-29,864.82
MCK,2026-09-30,853.81
MCK,2026-10-01,898.82
MCK,2026-10-02,902.28
MCK,2026-10-05,915.45
MCO,2026-09-29,454.82
MCO,2026-09-30,454.13
MCO,2026-10-01,447.36
MCO,2026-10-02,441.36
MCO,2026-10-05,448.15
MDLZ,2026-09-29,59.32
MDLZ,2026-09-30,57.82
MDLZ,2026-10-01,57.76
MDLZ,2026-10-02,58.19
MDLZ,2026-10-05,58.49
MDT,2026-09-29,87.09
MDT,2026-09-30,86.29
MDT,2026-10-01,86.44
MDT,2026-10-02,86.38
MDT,2026-10-05,87.97
MEGP.L,2026-09-30,122.8
MEGP.L,2026-10-01,119.0
MEGP.L,2026-10-02,117.8
MEGP.L,2026-10-05,117.2
MEGP.L,2026-10-06,116.6194
MET,2026-09-29,95.2
MET,2026-09-30,94.16
MET,2026-10-01,94.35
MET,2026-10-02,94.43
MET,2026-10-05,96.88
META,2026-09-29,738.79
META,2026-09-30,725.18
META,2026-10-01,725.93
META,2026-10-02,728.08
META,2026-10-05,741.9
MGAM.L,2026-09-30,268.0
MGAM.L,2026-10-01,267.5
MGAM.L,2026-10-02,270.5
MGAM.L,2026-10-05,271.0
MGAM.L,2026-10-06,273.334
MGM,2026-09-29,31.52
MGM,2026-09-30,31.05
MGM,2026-10-01,30.47
MGM,2026-10-02,30.48
MGM,2026-10-05,30.17
MGNS.L,2026-09-30,4332.0
MGNS.L,2026-10-01,4208.0
MGNS.L,2026-10-02,4224.0
MGNS.L,2026-10-05,4172.0
MGNS.L,2026-10-06,4166.0
MKC,2026-09-29,48.4
MKC,2026-09-30,46.4
MKC,2026-10-01,44.14
MKC,2026-10-02,44.67
MKC,2026-10-05,45.54
MKS.L,2026-09-30,385.7
MKS.L,2026-10-01,377.6
MKS.L,2026-10-02,378.7
MKS.L,2026-10-05,376.2
MKS.L,2026-10-06,385.3
ML.PA,2026-09-30,33.75
ML.PA,2026-10-01,33.1
ML.PA,2026-10-02,33.02
ML.PA,2026-10-05,33.31
ML.PA,2026-10-06,33.56
MLM,2026-09-29,479.09
MLM,2026-09-30,479.81
MLM,2026-10-01,479.17
MLM,2026-10-02,482.27
MLM,2026-10-05,485.5
MMM,2026-09-29,168.49
MMM,2026-09-30,164.15
MMM,2026-10-01,163.02
MMM,2026-10-02,161.89
MMM,2026-10-05,163.19
MNDI.L,2026-09-30,814.0
MNDI.L,2026-10-01,797.4
MNDI.L,2026-10-02,788.2
MNDI.L,2026-10-05,782.8
MNDI.L,2026-10-06,781.2
MNG.L,2026-09-30,320.6
MNG.L,2026-10-01,310.7
MNG.L,2026-10-02,313.5
MNG.L,2026-10-05,313.6
MNG.L,2026-10-06,308.6
MNKS.L,2026-09-30,1642.0
MNKS.L,2026-10-01,1636.0
MNKS.L,2026-10-02,1648.0
MNKS.L,2026-10-05,1678.0
MNKS.L,2026-10-06,1685.849
MNST,2026-09-29,41.74
MNST,2026-09-30,41.62
MNST,2026-10-01,42.14
MNST,2026-10-02,42.94
MNST,2026-10-05,43.51
MNTN.L,2026-09-30,2.19
MNTN.L,2026-10-01,2.18
MNTN.L,2026-10-02,2.16
MNTN.L,2026-10-05,2.2
MNTN.L,2026-10-06,2.205
MO,2026-09-29,68.72
MO,2026-09-30,67.34
MO,2026-10-01,66.95
MO,2026-10-02,67.35
MO,2026-10-05,67.88
MONC.MI,2026-09-30,44.64
MONC.MI,2026-10-01,43.39
MONC.MI,2026-10-02,43.7
MONC.MI,2026-10-05,43.79
MONC.MI,2026-10-06,43.89
MONY.L,2026-09-30,176.1
MONY.L,2026-10-01,172.8
MONY.L,2026-10-02,172.7
MONY.L,2026-10-05,172.8
MONY.L,2026-10-06,174.6
MOON.L,2026-09-30,275.8
MOON.L,2026-10-01,272.0
MOON.L,2026-10-02,268.0
MOON.L,2026-10-05,268.4
MOON.L,2026-10-06,269.2
MOS,2026-09-29,22.42
MOS,2026-09-30,21.65
MOS,2026-10-01,21.55
MOS,2026-10-02,21.07
MOS,2026-10-05,21.29
MPC,2026-09-29,392.03
MPC,2026-09-30,395.42
MPC,2026-10-01,420.15
MPC,2026-10-02,422.33
MPC,2026-10-05,433.47
MPWR,2026-09-29,1355.99
MPWR,2026-09-30,1347.22
MPWR,2026-10-01,1360.97
MPWR,2026-10-02,1439.73
MPWR,2026-10-05,1479.89
MRC.L,2026-09-30,280.5
MRC.L,2026-10-01,275.5
MRC.L,2026-10-02,273.5
MRC.L,2026-10-05,272.0
MRC.L,2026-10-06,272.853
MRCH.L,2026-09-30,670.0
MRCH.L,2026-10-01,657.0
MRCH.L,2026-10-02,654.0
MRCH.L,2026-10-05,657.0
MRCH.L,2026-10-06,659.0
MRK,2026-09-29,149.28
MRK,2026-09-30,145.31
MRK,2026-10-01,143.81
MRK,2026-10-02,144.3
MRK,2026-10-05,139.54
MRK.DE,2026-09-30,138.1
MRK.DE,2026-10-01,134.45
MRK.DE,2026-10-02,136.9
MRK.DE,2026-10-05,136.05
MRK.DE,2026-10-06,141.75
MRNA,2026-09-29,203.46
MRNA,2026-09-30,192.57
MRNA,2026-10-01,188.94
MRNA,2026-10-02,190.01
MRNA,2026-10-05,203.21
MRO.L,2026-09-30,476.1
MRO.L,2026-10-01,465.5
MRO.L,2026-10-02,470.0
MRO.L,2026-10-05,475.1
MRO.L,2026-10-06,472.35
MRSH,2026-09-29,170.42
MRSH,2026-09-30,170.73
MRSH,2026-10-01,171.85
MRSH,2026-10-02,170.06
MRSH,2026-10-05,170.43
MRVL,2026-09-29,263.27
MRVL,2026-09-30,264.21
MRVL,2026-10-01,268.08
MRVL,2026-10-02,272.29
MRVL,2026-10-05,271.25
MS,2026-09-29,192.76
MS,2026-09-30,188.08
MS,2026-10-01,188.01
MS,2026-10-02,190.31
MS,2026-10-05,190.19
MSCI,2026-09-29,539.76
MSCI,2026-09-30,538.66
MSCI,2026-10-01,545.39
MSCI,2026-10-02,535.95
MSCI,2026-10-05,552.35
MSFT,2026-09-29,508.96
MSFT,2026-09-30,512.9
MSFT,2026-10-01,512.8
MSFT,2026-10-02,517.53
MSFT,2026-10-05,525.18
MSI,2026-09-29,446.12
MSI,2026-09-30,445.97
MSI,2026-10-01,448.03
MSI,2026-10-02,447.41
MSI,2026-10-05,455.37
MT,2026-09-29,67.96
MT,2026-09-30,66.74
MT,2026-10-01,64.56
MT,2026-10-02,64.51
MT,2026-10-05,64.73
MT.AS,2026-09-30,59.36
MT.AS,2026-10-01,56.74
MT.AS,2026-10-02,57.28
MT.AS,2026-10-05,57.6
MT.AS,2026-10-06,58.94
MTB,2026-09-29,217.5
MTB,2026-09-30,217.6
MTB,2026-10-01,217.35
MTB,2026-10-02,219.14
MTB,2026-10-05,218.26
MTD,2026-09-29,1537.33
MTD,2026-09-30,1510.95
MTD,2026-10-01,1481.17
MTD,2026-10-02,1486.1899
MTD,2026-10-05,1541.63
MTLN.L,2026-09-30,49.0
MTLN.L,2026-10-01,49.2
MTLN.L,2026-10-02,48.6
MTLN.L,2026-10-05,49.62
MTLN.L,2026-10-06,49.92
MTO.L,2026-09-30,210.0
MTO.L,2026-10-01,210.0
MTO.L,2026-10-02,210.0
MTO.L,2026-10-05,210.0
MTO.L,2026-10-06,210.0
MTRO.L,2026-09-30,171.4
MTRO.L,2026-10-01,166.8
MTRO.L,2026-10-02,164.8
MTRO.L,2026-10-05,161.4
MTRO.L,2026-10-06,161.0
MTX.DE,2026-09-30,374.6
MTX.DE,2026-10-01,368.4
MTX.DE,2026-10-02,370.2
MTX.DE,2026-10-05,370.3
MTX.DE,2026-10-06,374.3
MU,2026-09-29,1065.08
MU,2026-09-30,1065.11
MU,2026-10-01,1097.39
MU,2026-10-02,1074.89
MU,2026-10-05,1063.96
MUT.L,2026-09-30,977.0
MUT.L,2026-10-01,958.0
MUT.L,2026-10-02,952.0
MUT.L,2026-10-05,951.0
MUT.L,2026-10-06,954.0
MUV2.DE,2026-09-30,502.4
MUV2.DE,2026-10-01,498.8
MUV2.DE,2026-10-02,508.6
MUV2.DE,2026-10-05,510.4
MUV2.DE,2026-10-06,508.8
MYI.L,2026-09-30,363.5
MYI.L,2026-10-01,356.0
MYI.L,2026-10-02,355.0
MYI.L,2026-10-05,355.0
MYI.L,2026-10-06,357.0
N91.L,2026-09-30,210.4
N91.L,2026-10-01,203.4
N91.L,2026-10-02,206.6
N91.L,2026-10-05,204.4
N91.L,2026-10-06,205.4
NAIT.L,2026-09-30,434.0
NAIT.L,2026-10-01,423.0
NAIT.L,2026-10-02,425.0
NAIT.L,2026-10-05,427.0
NAIT.L,2026-10-06,423.879
NAS.L,2026-09-30,433.0
NAS.L,2026-10-01,425.0
NAS.L,2026-10-02,421.0
NAS.L,2026-10-05,425.0
NAS.L,2026-10-06,425.0
NBPE.L,2026-09-30,1480.0
NBPE.L,2026-10-01,1468.0
NBPE.L,2026-10-02,1494.0
NBPE.L,2026-10-05,1502.0
NBPE.L,2026-10-06,1495.0
NCC.L,2026-09-30,147.8
NCC.L,2026-10-01,146.2
NCC.L,2026-10-02,145.6
NCC.L,2026-10-05,145.4
NCC.L,2026-10-06,146.0
NCLH,2026-09-29,14.8
NCLH,2026-09-30,14.66
NCLH,2026-10-01,14.64
NCLH,2026-10-02,15.14
NCLH,2026-10-05,14.87
NDA-FI.HE,2026-09-30,17.475
NDA-FI.HE,2026-10-01,16.99
NDA-FI.HE,2026-10-02,17.085
NDA-FI.HE,2026-10-05,17.1
NDA-FI.HE,2026-10-06,17.195
NDAQ,2026-09-29,91.85
NDAQ,2026-09-30,92.01
NDAQ,2026-10-01,91.67
NDAQ,2026-10-02,90.33
NDAQ,2026-10-05,92.19
NDSN,2026-09-29,329.53
NDSN,2026-09-30,327.85
NDSN,2026-10-01,329.02
NDSN,2026-10-02,333.54
NDSN,2026-10-05,334.43
NEE,2026-09-29,75.89
NEE,2026-09-30,75.74
NEE,2026-10-01,76.35
NEE,2026-10-02,76.83
NEE,2026-10-05,76.28
NEM,2026-09-29,117.09
NEM,2026-09-30,115.34
NEM,2026-10-01,114.67
NEM,2026-10-02,115.56
NEM,2026-10-05,115.82
NEXI.MI,2026-09-30,4.17
NEXI.MI,2026-10-01,4.062
NEXI.MI,2026-10-02,4.045
NEXI.MI,2026-10-05,4.044
NEXI.MI,2026-10-06,4.186
NFLX,2026-09-29,70.3
NFLX,2026-09-30,69.58
NFLX,2026-10-01,67.85
NFLX,2026-10-02,67.06
NFLX,2026-10-05,67.5
NG.L,2026-09-30,1145.5
NG.L,2026-10-01,1134.0
NG.L,2026-10-02,1146.5
NG.L,2026-10-05,1148.5
NG.L,2026-10-06,1150.0
NGG,2026-09-29,74.94
NGG,2026-09-30,75.82
NGG,2026-10-01,75.33
NGG,2026-10-02,76.12
NGG,2026-10-05,76.02
NI,2026-09-29,39.32
NI,2026-09-30,39.0
NI,2026-10-01,39.5
NI,2026-10-02,39.43
NI,2026-10-05,39.55
NKE,2026-09-29,35.84
NKE,2026-09-30,35.4
NKE,2026-10-01,35.15
NKE,2026-10-02,33.87
NKE,2026-10-05,33.96
NOC,2026-09-29,504.61
NOC,2026-09-30,483.48
NOC,2026-10-01,482.0
NOC,2026-10-02,478.0
NOC,2026-10-05,476.11
NOW,2026-09-29,129.94
NOW,2026-09-30,134.01
NOW,2026-10-01,137.76
NOW,2026-10-02,134.38
NOW,2026-10-05,136.08
NRG,2026-09-29,97.17
NRG,2026-09-30,95.65
NRG,2026-10-01,96.93
NRG,2026-10-02,95.23
NRG,2026-10-05,96.8
NSC,2026-09-29,313.0
NSC,2026-09-30,309.0
NSC,2026-10-01,310.26
NSC,2026-10-02,317.44
NSC,2026-10-05,316.23
NTAP,2026-09-29,209.18
NTAP,2026-09-30,210.08
NTAP,2026-10-01,215.05
NTAP,2026-10-02,226.27
NTAP,2026-10-05,223.77
NTRS,2026-09-29,172.94
NTRS,2026-09-30,169.36
NTRS,2026-10-01,169.2
NTRS,2026-10-02,171.4
NTRS,2026-10-05,170.67
NUE,2026-09-29,236.24
NUE,2026-09-30,233.75
NUE,2026-10-01,235.98
NUE,2026-10-02,240.39
NUE,2026-10-05,251.41
NVDA,2026-09-29,227.21
NVDA,2026-09-30,228.38
NVDA,2026-10-01,230.86
NVDA,2026-10-02,233.95
NVDA,2026-10-05,238.9
NVR,2026-09-29,6234.6299
NVR,2026-09-30,6154.3901
NVR,2026-10-01,6126.3799
NVR,2026-10-02,5993.8501
NVR,2026-10-05,5970.21
NWG,2026-09-29,18.26
NWG,2026-09-30,18.15
NWG,2026-10-01,17.4
NWG,2026-10-02,17.67
NWG,2026-10-05,17.5
NWG.L,2026-09-30,688.4
NWG.L,2026-10-01,651.4
NWG.L,2026-10-02,662.8
NWG.L,2026-10-05,663.4
NWG.L,2026-10-06,664.0
NWS,2026-09-29,31.5
NWS,2026-09-30,31.72
NWS,2026-10-01,31.45
NWS,2026-10-02,31.65
NWS,2026-10-05,32.0
NWSA,2026-09-29,28.52
NWSA,2026-09-30,28.65
NWSA,2026-10-01,28.64
NWSA,2026-10-02,28.69
NWSA,2026-10-05,28.95
NXPI,2026-09-29,236.47
NXPI,2026-09-30,237.53
NXPI,2026-10-01,239.19
NXPI,2026-10-02,243.66
NXPI,2026-10-05,241.97
NXT.L,2026-09-30,14795.0
NXT.L,2026-10-01,14480.0
NXT.L,2026-10-02,14365.0
NXT.L,2026-10-05,14180.0
NXT.L,2026-10-06,14305.0
O,2026-09-29,55.14
O,2026-09-30,54.3
O,2026-10-01,53.53
O,2026-10-02,54.13
O,2026-10-05,53.77
OCDO.L,2026-09-30,253.2
OCDO.L,2026-10-01,258.4
OCDO.L,2026-10-02,260.4
OCDO.L,2026-10-05,256.8
OCDO.L,2026-10-06,264.6
OCI.L,2026-09-30,522.0
OCI.L,2026-10-01,520.0
OCI.L,2026-10-02,520.0
OCI.L,2026-10-05,520.0
OCI.L,2026-10-06,520.0
ODFL,2026-09-29,177.46
ODFL,2026-09-30,173.84
ODFL,2026-10-01,178.1
ODFL,2026-10-02,180.48
ODFL,2026-10-05,179.37
OKE,2026-09-29,86.86
OKE,2026-09-30,85.27
OKE,2026-10-01,87.16
OKE,2026-10-02,87.88
OKE,2026-10-05,88.58
OMC,2026-09-29,74.14
OMC,2026-09-30,73.63
OMC,2026-10-01,74.7
OMC,2026-10-02,74.15
OMC,2026-10-05,75.25
ON,2026-09-29,75.95
ON,2026-09-30,76.87
ON,2026-10-01,80.08
ON,2026-10-02,84.89
ON,2026-10-05,85.93
ONT.L,2026-09-30,217.6
ONT.L,2026-10-01,214.0
ONT.L,2026-10-02,223.2
ONT.L,2026-10-05,220.0
ONT.L,2026-10-06,232.2
OR.PA,2026-09-30,379.45
OR.PA,2026-10-01,371.75
OR.PA,2026-10-02,372.75
OR.PA,2026-10-05,373.45
OR.PA,2026-10-06,375.35
ORA.PA,2026-09-30,13.705
ORA.PA,2026-10-01,13.815
ORA.PA,2026-10-02,13.98
ORA.PA,2026-10-05,14.03
ORA.PA,2026-10-06,14.14
ORCL,2026-09-29,137.79
ORCL,2026-09-30,137.3
ORCL,2026-10-01,138.07
ORCL,2026-10-02,142.3
ORCL,2026-10-05,142.48
ORLY,2026-09-29,86.07
ORLY,2026-09-30,85.41
ORLY,2026-10-01,85.03
ORLY,2026-10-02,84.9
ORLY,2026-10-05,83.9
OSB.L,2026-09-30,511.5
OSB.L,2026-10-01,493.2
OSB.L,2026-10-02,493.6
OSB.L,2026-10-05,491.2
OSB.L,2026-10-06,493.0
OTIS,2026-09-29,65.63
OTIS,2026-09-30,64.32
OTIS,2026-10-01,64.48
OTIS,2026-10-02,64.05
OTIS,2026-10-05,65.88
OXB.L,2026-09-30,522.0
OXB.L,2026-10-01,509.0
OXB.L,2026-10-02,544.0
OXB.L,2026-10-05,544.0
OXB.L,2026-10-06,553.2
OXIG.L,2026-09-30,3020.0
OXIG.L,2026-10-01,3014.0
OXIG.L,2026-10-02,3102.0
OXIG.L,2026-10-05,3048.0
OXIG.L,2026-10-06,3086.6541
OXY,2026-09-29,54.94
OXY,2026-09-30,55.32
OXY,2026-10-01,57.84
OXY,2026-10-02,58.08
OXY,2026-10-05,58.31
P,2026-09-29,130.05
P,2026-09-30,130.78
P,2026-10-01,134.13
P,2026-10-02,140.14
P,2026-10-05,143.88
PAF.L,2026-09-30,119.6
PAF.L,2026-10-01,120.2
PAF.L,2026-10-02,120.0
PAF.L,2026-10-05,119.8
PAF.L,2026-10-06,120.091
PAG.L,2026-09-30,742.5
PAG.L,2026-10-01,719.0
PAG.L,2026-10-02,718.5
PAG.L,2026-10-05,715.0
PAG.L,2026-10-06,706.5
PAGE.L,2026-09-30,210.2
PAGE.L,2026-10-01,211.2
PAGE.L,2026-10-02,212.6
PAGE.L,2026-10-05,208.0
PAGE.L,2026-10-06,211.8
PAH3.DE,2026-09-30,25.61
PAH3.DE,2026-10-01,24.69
PAH3.DE,2026-10-02,24.53
PAH3.DE,2026-10-05,24.46
PAH3.DE,2026-10-06,24.38
PANW,2026-09-29,388.41
PANW,2026-09-30,397.31
PANW,2026-10-01,396.25
PANW,2026-10-02,403.24
PANW,2026-10-05,406.76
PAYX,2026-09-29,99.31
PAYX,2026-09-30,98.5
PAYX,2026-10-01,100.84
PAYX,2026-10-02,98.94
PAYX,2026-10-05,99.78
PCAR,2026-09-29,111.8
PCAR,2026-09-30,109.81
PCAR,2026-10-01,109.94
PCAR,2026-10-02,109.68
PCAR,2026-10-05,109.36
PCG,2026-09-29,12.18
PCG,2026-09-30,12.25
PCG,2026-10-01,12.17
PCG,2026-10-02,12.32
PCG,2026-10-05,12.35
PCGH.L,2026-09-30,439.5
PCGH.L,2026-10-01,432.5
PCGH.L,2026-10-02,426.5
PCGH.L,2026-10-05,429.5
PCGH.L,2026-10-06,432.0
PCT.L,2026-09-30,699.0
PCT.L,2026-10-01,696.5
PCT.L,2026-10-02,711.5
PCT.L,2026-10-05,717.0
PCT.L,2026-10-06,719.5999
PEG,2026-09-29,67.68
PEG,2026-09-30,67.34
PEG,2026-10-01,67.89
PEG,2026-10-02,68.07
PEG,2026-10-05,68.68
PEP,2026-09-29,128.69
PEP,2026-09-30,126.72
PEP,2026-10-01,125.6
PEP,2026-10-02,125.89
PEP,2026-10-05,125.65
PETS.L,2026-09-30,217.8
PETS.L,2026-10-01,213.2
PETS.L,2026-10-02,212.0
PETS.L,2026-10-05,206.2
PETS.L,2026-10-06,205.2
PEY.L,2026-09-30,7.0
PEY.L,2026-10-01,6.94
PEY.L,2026-10-02,6.94
PEY.L,2026-10-05,7.04
PEY.L,2026-10-06,7.0
PFD.L,2026-09-30,195.5
PFD.L,2026-10-01,191.1
PFD.L,2026-10-02,187.5
PFD.L,2026-10-05,186.7
PFD.L,2026-10-06,188.5
PFE,2026-09-29,28.72
PFE,2026-09-30,28.52
PFE,2026-10-01,28.12
PFE,2026-10-02,27.8
PFE,2026-10-05,27.41
PFG,2026-09-29,113.97
PFG,2026-09-30,111.96
PFG,2026-10-01,112.24
PFG,2026-10-02,111.96
PFG,2026-10-05,111.03
PG,2026-09-29,148.32
PG,2026-09-30,145.28
PG,2026-10-01,143.95
PG,2026-10-02,144.91
PG,2026-10-05,145.94
PGR,2026-09-29,210.52
PGR,2026-09-30,207.31
PGR,2026-10-01,210.96
PGR,2026-10-02,210.31
PGR,2026-10-05,212.62
PH,2026-09-29,970.37
PH,2026-09-30,955.42
PH,2026-10-01,965.88
PH,2026-10-02,972.55
PH,2026-10-05,975.68
PHI.L,2026-09-30,1128.0
PHI.L,2026-10-01,1130.0
PHI.L,2026-10-02,1138.0
PHI.L,2026-10-05,1152.0
PHI.L,2026-10-06,1143.0601
PHM,2026-09-29,118.5
PHM,2026-09-30,116.06
PHM,2026-10-01,116.35
PHM,2026-10-02,115.73
PHM,2026-10-05,113.98
PHP.L,2026-09-30,91.7
PHP.L,2026-10-01,89.55
PHP.L,2026-10-02,90.35
PHP.L,2026-10-05,89.55
PHP.L,2026-10-06,90.15
PIN.L,2026-09-30,387.0
PIN.L,2026-10-01,384.5
PIN.L,2026-10-02,388.0
PIN.L,2026-10-05,388.0
PIN.L,2026-10-06,386.1049
PINE.L,2026-09-30,446.0
PINE.L,2026-10-01,446.0
PINE.L,2026-10-02,446.5
PINE.L,2026-10-05,447.0
PINE.L,2026-10-06,446.5
PINT.L,2026-09-30,117.8
PINT.L,2026-10-01,113.2
PINT.L,2026-10-02,112.0
PINT.L,2026-10-05,110.8
PINT.L,2026-10-06,111.05
PKG,2026-09-29,233.28
PKG,2026-09-30,229.26
PKG,2026-10-01,229.71
PKG,2026-10-02,228.54
PKG,2026-10-05,229.31
PLD,2026-09-29,132.61
PLD,2026-09-30,129.84
PLD,2026-10-01,128.18
PLD,2026-10-02,128.91
PLD,2026-10-05,128.08
PLTR,2026-09-29,186.97
PLTR,2026-09-30,187.05
PLTR,2026-10-01,190.04
PLTR,2026-10-02,188.75
PLTR,2026-10-05,189.4
PLUS.L,2026-09-30,3424.0
PLUS.L,2026-10-01,3416.0
PLUS.L,2026-10-02,3240.0
PLUS.L,2026-10-05,3270.0
PLUS.L,2026-10-06,3258.0
PM,2026-09-29,193.9
PM,2026-09-30,190.82
PM,2026-10-01,188.18
PM,2026-10-02,187.46
PM,2026-10-05,189.53
PNC,2026-09-29,221.65
PNC,2026-09-30,222.26
PNC,2026-10-01,220.75
PNC,2026-10-02,221.03
PNC,2026-10-05,220.28
PNL.L,2026-09-30,542.0
PNL.L,2026-10-01,537.0
PNL.L,2026-10-02,537.0
PNL.L,2026-10-05,539.0
PNL.L,2026-10-06,541.83
PNN.L,2026-09-30,458.0
PNN.L,2026-10-01,443.6
PNN.L,2026-10-02,458.8
PNN.L,2026-10-05,448.6
PNN.L,2026-10-06,453.4
PNR,2026-09-29,53.47
PNR,2026-09-30,52.99
PNR,2026-10-01,52.88
PNR,2026-10-02,53.03
PNR,2026-10-05,52.78
PNW,2026-09-29,93.4
PNW,2026-09-30,93.04
PNW,2026-10-01,94.63
PNW,2026-10-02,95.92
PNW,2026-10-05,95.96
PODD,2026-09-29,132.84
PODD,2026-09-30,130.47
PODD,2026-10-01,130.79
PODD,2026-10-02,131.69
PODD,2026-10-05,135.62
POLN.L,2026-09-30,921.0
POLN.L,2026-10-01,909.0
POLN.L,2026-10-02,900.0
POLN.L,2026-10-05,897.0
POLN.L,2026-10-06,887.0
PPET.L,2026-09-30,602.0
PPET.L,2026-10-01,600.0
PPET.L,2026-10-02,600.0
PPET.L,2026-10-05,600.0
PPET.L,2026-10-06,594.0
PPG,2026-09-29,106.02
PPG,2026-09-30,104.33
PPG,2026-10-01,104.67
PPG,2026-10-02,105.15
PPG,2026-10-05,105.27
PPH.L,2026-09-30,1496.0
PPH.L,2026-10-01,1448.0
PPH.L,2026-10-02,1454.0
PPH.L,2026-10-05,1438.0
PPH.L,2026-10-06,1442.0
PPL,2026-09-29,32.58
PPL,2026-09-30,32.89
PPL,2026-10-01,32.76
PPL,2026-10-02,32.8
PPL,2026-10-05,32.95
PRN.L,2026-09-30,335.0
PRN.L,2026-10-01,334.0
PRN.L,2026-10-02,327.0
PRN.L,2026-10-05,324.5
PRN.L,2026-10-06,325.5
PRU,2026-09-29,115.06
PRU,2026-09-30,113.58
PRU,2026-10-01,113.13
PRU,2026-10-02,112.6
PRU,2026-10-05,113.48
PRU.L,2026-09-30,931.4
PRU.L,2026-10-01,921.0
PRU.L,2026-10-02,918.0
PRU.L,2026-10-05,919.0
PRU.L,2026-10-06,923.0
PRX.AS,2026-09-30,35.52
PRX.AS,2026-10-01,34.815
PRX.AS,2026-10-02,34.5
PRX.AS,2026-10-05,35.285
PRX.AS,2026-10-06,35.125
PRY.MI,2026-09-30,124.0
PRY.MI,2026-10-01,124.85
PRY.MI,2026-10-02,129.8
PRY.MI,2026-10-05,128.05
PRY.MI,2026-10-06,129.6
PSA,2026-09-29,285.58
PSA,2026-09-30,282.84
PSA,2026-10-01,284.0
PSA,2026-10-02,283.81
PSA,2026-10-05,281.66
PSH.L,2026-09-30,3660.0
PSH.L,2026-10-01,3636.0
PSH.L,2026-10-02,3676.0
PSH.L,2026-10-05,3692.0
PSH.L,2026-10-06,3756.0
PSKY,2026-09-29,9.99
PSKY,2026-09-30,10.33
PSKY,2026-10-01,9.34
PSKY,2026-10-02,9.5
PSKY,2026-10-05,9.78
PSN.L,2026-09-30,1315.0
PSN.L,2026-10-01,1248.0
PSN.L,2026-10-02,1237.5
PSN.L,2026-10-05,1212.5
PSN.L,2026-10-06,1229.5
PSO,2026-09-29,15.96
PSO,2026-09-30,16.05
PSO,2026-10-01,16.16
PSO,2026-10-02,16.12
PSO,2026-10-05,16.24
PSON.L,2026-09-30,1216.0
PSON.L,2026-10-01,1223.5
PSON.L,2026-10-02,1222.0
PSON.L,2026-10-05,1229.5
PSON.L,2026-10-06,1231.5
PST.MI,2026-09-30,25.34
PST.MI,2026-10-01,24.53
PST.MI,2026-10-02,24.49
PST.MI,2026-10-05,24.68
PST.MI,2026-10-06,24.74
PSX,2026-09-29,252.25
PSX,2026-09-30,255.31
PSX,2026-10-01,264.23
PSX,2026-10-02,264.58
PSX,2026-10-05,269.72
PTC,2026-09-29,137.56
PTC,2026-09-30,140.3
PTC,2026-10-01,146.47
PTC,2026-10-02,144.03
PTC,2026-10-05,192.26
PTEC.L,2026-09-30,373.8
PTEC.L,2026-10-01,372.0
PTEC.L,2026-10-02,374.2
PTEC.L,2026-10-05,386.8
PTEC.L,2026-10-06,381.6545
PUB.PA,2026-09-30,94.52
PUB.PA,2026-10-01,95.34
PUB.PA,2026-10-02,94.24
PUB.PA,2026-10-05,94.18
PUB.PA,2026-10-06,95.2
PUK,2026-09-29,25.23
PUK,2026-09-30,24.74
PUK,2026-10-01,24.71
PUK,2026-10-02,24.57
PUK,2026-10-05,24.51
PWR,2026-09-29,651.79
PWR,2026-09-30,642.51
PWR,2026-10-01,662.6
PWR,2026-10-02,676.56
PWR,2026-10-05,683.42
PYPL,2026-09-29,53.89
PYPL,2026-09-30,52.53
PYPL,2026-10-01,53.06
PYPL,2026-10-02,52.8
PYPL,2026-10-05,54.41
Q,2026-09-29,125.61
Q,2026-09-30,125.74
Q,2026-10-01,128.45
Q,2026-10-02,131.48
Q,2026-10-05,131.53
QCOM,2026-09-29,184.1
QCOM,2026-09-30,184.04
QCOM,2026-10-01,182.09
QCOM,2026-10-02,184.87
QCOM,2026-10-05,180.79
QGEN,2026-09-29,44.4
QGEN,2026-09-30,43.76
QGEN,2026-10-01,42.04
QGEN,2026-10-02,44.75
QGEN,2026-10-05,45.79
QIA.DE,2026-09-30,38.72
QIA.DE,2026-10-01,38.19
QIA.DE,2026-10-02,40.405
QIA.DE,2026-10-05,40.185
QIA.DE,2026-10-06,41.81
QLT.L,2026-09-30,179.8
QLT.L,2026-10-01,175.1
QLT.L,2026-10-02,174.9
QLT.L,2026-10-05,175.6
QLT.L,2026-10-06,173.9
QQ.L,2026-09-30,489.0
QQ.L,2026-10-01,481.0
QQ.L,2026-10-02,476.0
QQ.L,2026-10-05,475.4
QQ.L,2026-10-06,451.8
RACE,2026-09-29,402.05
RACE,2026-09-30,392.85
RACE,2026-10-01,387.3
RACE,2026-10-02,388.33
RACE,2026-10-05,383.4
RACE.MI,2026-09-30,346.4
RACE.MI,2026-10-01,342.0
RACE.MI,2026-10-02,343.5
RACE.MI,2026-10-05,341.2
RACE.MI,2026-10-06,345.15
RAT.L,2026-09-30,1554.0
RAT.L,2026-10-01,1534.0
RAT.L,2026-10-02,1536.0
RAT.L,2026-10-05,1518.0
RAT.L,2026-10-06,1524.0
RCL,2026-09-29,260.67
RCL,2026-09-30,265.86
RCL,2026-10-01,269.99
RCL,2026-10-02,277.74
RCL,2026-10-05,275.03
RCP.L,2026-09-30,2540.0
RCP.L,2026-10-01,2480.0
RCP.L,2026-10-02,2475.0
RCP.L,2026-10-05,2450.0
RCP.L,2026-10-06,2461.0
RDDT,2026-09-29,145.36
RDDT,2026-09-30,142.44
RDDT,2026-10-01,149.53
RDDT,2026-10-02,147.86
RDDT,2026-10-05,150.42
REC.MI,2026-09-30,52.65
REC.MI,2026-10-01,52.55
REC.MI,2026-10-02,52.6
REC.MI,2026-10-05,52.2
REC.MI,2026-10-06,52.95
REG,2026-09-29,72.66
REG,2026-09-30,71.88
REG,2026-10-01,71.8
REG,2026-10-02,71.6
REG,2026-10-05,71.33
REGN,2026-09-29,750.51
REGN,2026-09-30,758.27
REGN,2026-10-01,734.81
REGN,2026-10-02,735.2
REGN,2026-10-05,726.47
REL.L,2026-09-30,2496.0
REL.L,2026-10-01,2510.0
REL.L,2026-10-02,2528.0
REL.L,2026-10-05,2536.0
REL.L,2026-10-06,2555.0
RELX,2026-09-29,33.24
RELX,2026-09-30,33.18
RELX,2026-10-01,33.49
RELX,2026-10-02,33.42
RELX,2026-10-05,33.82
RF,2026-09-29,26.89
RF,2026-09-30,26.88
RF,2026-10-01,26.96
RF,2026-10-02,27.1
RF,2026-10-05,27.07
RHIM.L,2026-09-30,3105.0
RHIM.L,2026-10-01,3050.0
RHIM.L,2026-10-02,2850.0
RHIM.L,2026-10-05,2880.0
RHIM.L,2026-10-06,2785.0
RHM.DE,2026-09-30,956.4
RHM.DE,2026-10-01,945.8
RHM.DE,2026-10-02,956.9
RHM.DE,2026-10-05,980.2
RHM.DE,2026-10-06,947.0
RI.PA,2026-09-30,60.66
RI.PA,2026-10-01,59.0
RI.PA,2026-10-02,58.62
RI.PA,2026-10-05,58.04
RI.PA,2026-10-06,59.2
RICA.L,2026-09-30,297.5
RICA.L,2026-10-01,295.5
RICA.L,2026-10-02,294.5
RICA.L,2026-10-05,294.0
RICA.L,2026-10-06,295.083
RIO,2026-09-29,94.16
RIO,2026-09-30,94.17
RIO,2026-10-01,92.87
RIO,2026-10-02,94.21
RIO,2026-10-05,95.65
RIO.L,2026-09-30,7099.0
RIO.L,2026-10-01,6954.0
RIO.L,2026-10-02,7056.0
RIO.L,2026-10-05,7183.0
RIO.L,2026-10-06,7204.0
RJF,2026-09-29,159.85
RJF,2026-09-30,158.02
RJF,2026-10-01,159.76
RJF,2026-10-02,158.21
RJF,2026-10-05,160.8
RKT.L,2026-09-30,4992.0
RKT.L,2026-10-01,4907.0
RKT.L,2026-10-02,4925.0
RKT.L,2026-10-05,4889.0
RKT.L,2026-10-06,4945.0
RL,2026-09-29,355.92
RL,2026-09-30,355.07
RL,2026-10-01,362.66
RL,2026-10-02,363.37
RL,2026-10-05,365.54
RMD,2026-09-29,222.83
RMD,2026-09-30,221.1
RMD,2026-10-01,221.15
RMD,2026-10-02,218.89
RMD,2026-10-05,222.86
RMS.PA,2026-09-30,1336.5
RMS.PA,2026-10-01,1301.5
RMS.PA,2026-10-02,1299.5
RMS.PA,2026-10-05,1286.0
RMS.PA,2026-10-06,1284.0
RMV.L,2026-09-30,447.0
RMV.L,2026-10-01,450.3
RMV.L,2026-10-02,452.5
RMV.L,2026-10-05,443.5
RMV.L,2026-10-06,447.9
RNK.L,2026-09-30,76.5
RNK.L,2026-10-01,74.3
RNK.L,2026-10-02,73.6
RNK.L,2026-10-05,72.9
RNK.L,2026-10-06,73.694
RNO.PA,2026-09-30,25.9
RNO.PA,2026-10-01,25.43
RNO.PA,2026-10-02,24.68
RNO.PA,2026-10-05,25.26
RNO.PA,2026-10-06,25.3
ROK,2026-09-29,431.53
ROK,2026-09-30,435.33
ROK,2026-10-01,442.45
ROK,2026-10-02,454.35
ROK,2026-10-05,455.18
ROL,2026-09-29,30.5
ROL,2026-09-30,30.12
ROL,2026-10-01,30.57
ROL,2026-10-02,30.16
ROL,2026-10-05,29.69
ROP,2026-09-29,349.45
ROP,2026-09-30,349.41
ROP,2026-10-01,362.59
ROP,2026-10-02,354.32
ROP,2026-10-05,363.38
ROR.L,2026-09-30,489.0
ROR.L,2026-10-01,488.4
ROR.L,2026-10-02,488.0
ROR.L,2026-10-05,488.6
ROR.L,2026-10-06,489.0
ROSE.L,2026-09-30,313.0
ROSE.L,2026-10-01,309.0
ROSE.L,2026-10-02,315.0
ROSE.L,2026-10-05,314.0
ROSE.L,2026-10-06,319.3977
ROST,2026-09-29,234.4
ROST,2026-09-30,233.4
ROST,2026-10-01,234.1
ROST,2026-10-02,228.54
ROST,2026-10-05,226.37
RPI.L,2026-09-30,692.5
RPI.L,2026-10-01,686.0
RPI.L,2026-10-02,716.5
RPI.L,2026-10-05,687.5
RPI.L,2026-10-06,687.5
RR.L,2026-09-30,1461.6
RR.L,2026-10-01,1471.8
RR.L,2026-10-02,1477.2
RR.L,2026-10-05,1478.0
RR.L,2026-10-06,1461.4
RS1.L,2026-09-30,780.0
RS1.L,2026-10-01,768.5
RS1.L,2026-10-02,772.5
RS1.L,2026-10-05,756.5
RS1.L,2026-10-06,762.5
RSG,2026-09-29,211.92
RSG,2026-09-30,209.87
RSG,2026-10-01,206.98
RSG,2026-10-02,209.56
RSG,2026-10-05,212.83
RSW.L,2026-09-30,5785.0
RSW.L,2026-10-01,5855.0
RSW.L,2026-10-02,5960.0
RSW.L,2026-10-05,5855.0
RSW.L,2026-10-06,5975.0
RTO,2026-09-29,20.05
RTO,2026-09-30,19.75
RTO,2026-10-01,19.8
RTO,2026-10-02,19.95
RTO,2026-10-05,20.02
RTO.L,2026-09-30,297.2
RTO.L,2026-10-01,296.1
RTO.L,2026-10-02,299.4
RTO.L,2026-10-05,299.2
RTO.L,2026-10-06,298.8
RTW.L,2026-09-30,2.38
RTW.L,2026-10-01,2.34
RTW.L,2026-10-02,2.35
RTW.L,2026-10-05,2.32
RTW.L,2026-10-06,2.33
RTX,2026-09-29,186.94
RTX,2026-09-30,185.65
RTX,2026-10-01,185.01
RTX,2026-10-02,184.68
RTX,2026-10-05,184.33
RVTY,2026-09-29,152.77
RVTY,2026-09-30,152.89
RVTY,2026-10-01,149.06
RVTY,2026-10-02,151.53
RVTY,2026-10-05,157.36
RWE.DE,2026-09-30,59.3
RWE.DE,2026-10-01,58.4
RWE.DE,2026-10-02,59.1
RWE.DE,2026-10-05,58.6
RWE.DE,2026-10-06,58.44
SAF.PA,2026-09-30,334.4
SAF.PA,2026-10-01,327.0
SAF.PA,2026-10-02,330.1
SAF.PA,2026-10-05,329.8
SAF.PA,2026-10-06,331.5
SAFE.L,2026-09-30,525.5
SAFE.L,2026-10-01,504.0
SAFE.L,2026-10-02,506.0
SAFE.L,2026-10-05,501.0
SAFE.L,2026-10-06,508.1
SAGA.L,2026-09-30,787.0
SAGA.L,2026-10-01,781.0
SAGA.L,2026-10-02,761.0
SAGA.L,2026-10-05,765.0
SAGA.L,2026-10-06,756.0
SAIN.L,2026-09-30,550.0
SAIN.L,2026-10-01,547.0
SAIN.L,2026-10-02,552.0
SAIN.L,2026-10-05,552.0
SAIN.L,2026-10-06,555.0
SAN,2026-09-29,14.19
SAN,2026-09-30,13.83
SAN,2026-10-01,13.28
SAN,2026-10-02,13.36
SAN,2026-10-05,13.9
SAN.MC,2026-09-30,12.328
SAN.MC,2026-10-01,11.812
SAN.MC,2026-10-02,11.808
SAN.MC,2026-10-05,12.342
SAN.MC,2026-10-06,12.496
SAN.PA,2026-09-30,72.64
SAN.PA,2026-10-01,73.1
SAN.PA,2026-10-02,70.81
SAN.PA,2026-10-05,69.99
SAN.PA,2026-10-06,71.01
SAP,2026-09-29,210.85
SAP,2026-09-30,208.48
SAP,2026-10-01,210.79
SAP,2026-10-02,208.57
SAP,2026-10-05,207.74
SAP.DE,2026-09-30,185.66
SAP.DE,2026-10-01,186.74
SAP.DE,2026-10-02,183.92
SAP.DE,2026-10-05,185.04
SAP.DE,2026-10-06,188.22
SBAC,2026-09-29,162.81
SBAC,2026-09-30,160.12
SBAC,2026-10-01,158.02
SBAC,2026-10-02,158.49
SBAC,2026-10-05,161.82
SBRY.L,2026-09-30,329.6
SBRY.L,2026-10-01,326.0
SBRY.L,2026-10-02,323.3
SBRY.L,2026-10-05,322.9
SBRY.L,2026-10-06,323.7
SBUX,2026-09-29,95.43
SBUX,2026-09-30,93.96
SBUX,2026-10-01,94.88
SBUX,2026-10-02,94.71
SBUX,2026-10-05,94.43
SCHW,2026-09-29,99.1
SCHW,2026-09-30,97.74
SCHW,2026-10-01,98.37
SCHW,2026-10-02,96.7
SCHW,2026-10-05,97.96
SCT.L,2026-09-30,1839.0
SCT.L,2026-10-01,1856.0
SCT.L,2026-10-02,1866.0
SCT.L,2026-10-05,1835.0
SCT.L,2026-10-06,1835.0
SDLF.L,2026-09-30,884.5
SDLF.L,2026-10-01,861.5
SDLF.L,2026-10-02,868.5
SDLF.L,2026-10-05,868.0
SDLF.L,2026-10-06,871.5
SDP.L,2026-09-30,844.0
SDP.L,2026-10-01,848.0
SDP.L,2026-10-02,855.0
SDP.L,2026-10-05,857.0
SDP.L,2026-10-06,860.0
SDR.L,2026-09-30,589.0
SDR.L,2026-10-01,589.0
SDR.L,2026-10-02,589.0
SEIT.L,2026-09-30,33.6
SEIT.L,2026-10-01,33.8
SEIT.L,2026-10-02,33.6
SEIT.L,2026-10-05,33.2
SEIT.L,2026-10-06,33.45
SEQI.L,2026-09-30,84.9
SEQI.L,2026-10-01,84.3
SEQI.L,2026-10-02,84.5
SEQI.L,2026-10-05,83.1
SEQI.L,2026-10-06,83.5996
SGE.L,2026-09-30,971.4
SGE.L,2026-10-01,979.2
SGE.L,2026-10-02,983.4
SGE.L,2026-10-05,1002.0
SGE.L,2026-10-06,1005.5
SGO.PA,2026-09-30,69.04
SGO.PA,2026-10-01,66.32
SGO.PA,2026-10-02,67.1
SGO.PA,2026-10-05,66.12
SGO.PA,2026-10-06,67.5
SGRO.L,2026-09-30,929.4
SGRO.L,2026-10-01,912.6
SGRO.L,2026-10-02,915.2
SGRO.L,2026-10-05,915.4
SGRO.L,2026-10-06,916.2
SHAW.L,2026-09-30,306.5
SHAW.L,2026-10-01,302.0
SHAW.L,2026-10-02,293.0
SHAW.L,2026-10-05,297.5
SHAW.L,2026-10-06,295.5
SHC.L,2026-09-30,138.4
SHC.L,2026-10-01,134.3
SHC.L,2026-10-02,135.8
SHC.L,2026-10-05,135.4
SHC.L,2026-10-06,137.9
SHEL,2026-09-29,95.14
SHEL,2026-09-30,95.05
SHEL,2026-10-01,95.61
SHEL,2026-10-02,96.23
SHEL,2026-10-05,96.52
SHEL.L,2026-09-30,3569.5
SHEL.L,2026-10-01,3589.0
SHEL.L,2026-10-02,3596.5
SHEL.L,2026-10-05,3631.5
SHEL.L,2026-10-06,3611.0
SHL.DE,2026-09-30,37.97
SHL.DE,2026-10-01,37.61
SHL.DE,2026-10-02,37.86
SHL.DE,2026-10-05,37.45
SHL.DE,2026-10-06,38.04
SHW,2026-09-29,330.44
SHW,2026-09-30,323.27
SHW,2026-10-01,320.78
SHW,2026-10-02,319.51
SHW,2026-10-05,318.46
SI,2026-09-29,18.79
SI,2026-09-30,18.9
SI,2026-10-01,18.75
SI,2026-10-02,19.01
SI,2026-10-05,19.6
SIE.DE,2026-09-30,275.5
SIE.DE,2026-10-01,271.9
SIE.DE,2026-10-02,276.1
SIE.DE,2026-10-05,275.0
SIE.DE,2026-10-06,279.65
SJM,2026-09-29,120.7
SJM,2026-09-30,118.91
SJM,2026-10-01,115.95
SJM,2026-10-02,117.19
SJM,2026-10-05,116.23
SLB,2026-09-29,49.87
SLB,2026-09-30,48.72
SLB,2026-10-01,48.66
SLB,2026-10-02,48.74
SLB,2026-10-05,50.28
SMCI,2026-09-29,41.02
SMCI,2026-09-30,41.07
SMCI,2026-10-01,41.92
SMCI,2026-10-02,43.69
SMCI,2026-10-05,43.19
SMIN.L,2026-09-30,2825.0
SMIN.L,2026-10-01,2782.0
SMIN.L,2026-10-02,2816.0
SMIN.L,2026-10-05,2841.0
SMIN.L,2026-10-06,2860.0
SMT.L,2026-09-30,1590.5
SMT.L,2026-10-01,1579.0
SMT.L,2026-10-02,1590.0
SMT.L,2026-10-05,1620.5
SMT.L,2026-10-06,1640.0
SMWH.L,2026-09-30,390.6
SMWH.L,2026-10-01,371.2
SMWH.L,2026-10-02,369.0
SMWH.L,2026-10-05,369.0
SMWH.L,2026-10-06,369.0
SN.L,2026-09-30,1009.0
SN.L,2026-10-01,982.4
SN.L,2026-10-02,989.0
SN.L,2026-10-05,1004.5
SN.L,2026-10-06,1017.0
SNA,2026-09-29,367.08
SNA,2026-09-30,363.35
SNA,2026-10-01,367.72
SNA,2026-10-02,368.9
SNA,2026-10-05,367.4
SNDK,2026-09-29,1729.76
SNDK,2026-09-30,1739.89
SNDK,2026-10-01,1787.6899
SNDK,2026-10-02,1719.99
SNDK,2026-10-05,1704.16
SNN,2026-09-29,26.95
SNN,2026-09-30,26.96
SNN,2026-10-01,26.58
SNN,2026-10-02,26.42
SNN,2026-10-05,26.92
SNPS,2026-09-29,415.09
SNPS,2026-09-30,434.94
SNPS,2026-10-01,490.54
SNPS,2026-10-02,489.9
SNPS,2026-10-05,488.47
SNR.L,2026-09-30,297.0
SNR.L,2026-10-01,296.5
SNR.L,2026-10-02,297.0
SNR.L,2026-10-05,297.0
SNR.L,2026-10-06,297.5
SNY,2026-09-29,40.74
SNY,2026-09-30,41.23
SNY,2026-10-01,40.67
SNY,2026-10-02,39.92
SNY,2026-10-05,39.51
SO,2026-09-29,83.45
SO,2026-09-30,82.89
SO,2026-10-01,83.47
SO,2026-10-02,83.72
SO,2026-10-05,83.79
SOI.L,2026-09-30,458.0
SOI.L,2026-10-01,459.5
SOI.L,2026-10-02,459.0
SOI.L,2026-10-05,462.0
SOI.L,2026-10-06,465.0
SOLV,2026-09-29,89.32
SOLV,2026-09-30,88.15
SOLV,2026-10-01,87.77
SOLV,2026-10-02,87.85
SOLV,2026-10-05,88.03
SPG,2026-09-29,204.28
SPG,2026-09-30,200.76
SPG,2026-10-01,200.81
SPG,2026-10-02,200.95
SPG,2026-10-05,201.4
SPGI,2026-09-29,392.45
SPGI,2026-09-30,394.47
SPGI,2026-10-01,388.16
SPGI,2026-10-02,386.27
SPGI,2026-10-05,390.92
SPI.L,2026-09-30,246.5
SPI.L,2026-10-01,247.5
SPI.L,2026-10-02,247.0
SPI.L,2026-10-05,247.0
SPI.L,2026-10-06,247.5
SPM.MI,2026-09-30,4.354
SPM.MI,2026-10-01,4.295
SPM.MI,2026-10-02,4.322
SPM.MI,2026-10-05,4.455
SPM.MI,2026-10-06,4.332
SPX.L,2026-09-30,7255.0
SPX.L,2026-10-01,7175.0
SPX.L,2026-10-02,7240.0
SPX.L,2026-10-05,7275.0
SPX.L,2026-10-06,7415.0
SPY,2026-09-29,764.2
SPY,2026-09-30,762.63
SPY,2026-10-01,763.99
SPY,2026-10-02,769.64
SPY,2026-10-05,774.83
SRE,2026-09-29,78.18
SRE,2026-09-30,77.96
SRE,2026-10-01,78.05
SRE,2026-10-02,78.38
SRE,2026-10-05,78.16
SRE.L,2026-09-30,88.9
SRE.L,2026-10-01,86.1
SRE.L,2026-10-02,86.7
SRE.L,2026-10-05,88.35
SRE.L,2026-10-06,87.75
SRG.MI,2026-09-30,5.59
SRG.MI,2026-10-01,5.534
SRG.MI,2026-10-02,5.614
SRG.MI,2026-10-05,5.538
SRG.MI,2026-10-06,5.534
SRP.L,2026-09-30,255.2
SRP.L,2026-10-01,253.2
SRP.L,2026-10-02,251.8
SRP.L,2026-10-05,252.0
SRP.L,2026-10-06,249.0
SSE.L,2026-09-30,2491.0
SSE.L,2026-10-01,2473.0
SSE.L,2026-10-02,2447.0
SSE.L,2026-10-05,2466.0
SSE.L,2026-10-06,2470.0
SSIT.L,2026-09-30,190.8
SSIT.L,2026-10-01,195.4
SSIT.L,2026-10-02,202.5
SSIT.L,2026-10-05,201.0
SSIT.L,2026-10-06,197.898
SSPG.L,2026-09-30,191.1
SSPG.L,2026-10-01,188.3
SSPG.L,2026-10-02,190.0
SSPG.L,2026-10-05,187.5
SSPG.L,2026-10-06,188.8
STAN.L,2026-09-30,2298.0
STAN.L,2026-10-01,2218.0
STAN.L,2026-10-02,2190.0
STAN.L,2026-10-05,2246.0
STAN.L,2026-10-06,2259.0
STE,2026-09-29,210.65
STE,2026-09-30,210.01
STE,2026-10-01,209.34
STE,2026-10-02,208.54
STE,2026-10-05,211.07
STJ.L,2026-09-30,1063.5
STJ.L,2026-10-01,1041.0
STJ.L,2026-10-02,1043.5
STJ.L,2026-10-05,1039.0
STJ.L,2026-10-06,1031.5
STLA,2026-09-29,4.43
STLA,2026-09-30,4.36
STLA,2026-10-01,4.69
STLA,2026-10-02,4.4
STLA,2026-10-05,4.49
STLAM.MI,2026-09-30,3.897
STLAM.MI,2026-10-01,3.8485
STLAM.MI,2026-10-02,3.8825
STLAM.MI,2026-10-05,3.9845
STLAM.MI,2026-10-06,4.09
STLAP.PA,2026-09-30,3.9005
STLAP.PA,2026-10-01,3.8465
STLAP.PA,2026-10-02,3.8825
STLAP.PA,2026-10-05,3.985
STLAP.PA,2026-10-06,4.0945
STLD,2026-09-29,221.9
STLD,2026-09-30,221.61
STLD,2026-10-01,226.17
STLD,2026-10-02,231.99
STLD,2026-10-05,241.04
STM,2026-09-29,53.24
STM,2026-09-30,53.36
STM,2026-10-01,53.5
STM,2026-10-02,57.26
STM,2026-10-05,57.68
STMMI.MI,2026-09-30,46.86
STMMI.MI,2026-10-01,47.2
STMMI.MI,2026-10-02,50.35
STMMI.MI,2026-10-05,50.86
STMMI.MI,2026-10-06,51.9
STMPA.PA,2026-09-30,46.88
STMPA.PA,2026-10-01,47.25
STMPA.PA,2026-10-02,50.34
STMPA.PA,2026-10-05,50.87
STMPA.PA,2026-10-06,51.89
STT,2026-09-29,177.78
STT,2026-09-30,174.59
STT,2026-10-01,174.62
STT,2026-10-02,175.96
STT,2026-10-05,176.37
STX,2026-09-29,913.45
STX,2026-09-30,922.34
STX,2026-10-01,945.57
STX,2026-10-02,848.99
STX,2026-10-05,887.09
STZ,2026-09-29,112.77
STZ,2026-09-30,113.06
STZ,2026-10-01,112.99
STZ,2026-10-02,112.87
STZ,2026-10-05,113.31
SU.PA,2026-09-30,292.0
SU.PA,2026-10-01,292.6
SU.PA,2026-10-02,303.0
SU.PA,2026-10-05,272.8
SU.PA,2026-10-06,262.8
SUPR.L,2026-09-30,83.25
SUPR.L,2026-10-01,81.05
SUPR.L,2026-10-02,81.4
SUPR.L,2026-10-05,80.35
SUPR.L,2026-10-06,80.65
SVS.L,2026-09-30,1030.0
SVS.L,2026-10-01,987.0
SVS.L,2026-10-02,982.0
SVS.L,2026-10-05,970.0
SVS.L,2026-10-06,965.0
SVT.L,2026-09-30,3096.0
SVT.L,2026-10-01,3074.0
SVT.L,2026-10-02,3118.0
SVT.L,2026-10-05,3102.0
SVT.L,2026-10-06,3126.0
SW,2026-09-29,44.38
SW,2026-09-30,44.1
SW,2026-10-01,43.04
SW,2026-10-02,42.54
SW,2026-10-05,42.41
SWK,2026-09-29,88.79
SWK,2026-09-30,88.59
SWK,2026-10-01,89.59
SWK,2026-10-02,91.34
SWK,2026-10-05,89.68
SWKS,2026-09-29,88.04
SWKS,2026-09-30,85.48
SWKS,2026-10-01,83.16
SWKS,2026-10-02,85.03
SWKS,2026-10-05,83.91
SY1.DE,2026-09-30,91.76
SY1.DE,2026-10-01,90.38
SY1.DE,2026-10-02,91.0
SY1.DE,2026-10-05,90.78
SY1.DE,2026-10-06,92.28
SYF,2026-09-29,71.72
SYF,2026-09-30,70.97
SYF,2026-10-01,71.51
SYF,2026-10-02,71.77
SYF,2026-10-05,71.88
SYK,2026-09-29,278.77
SYK,2026-09-30,275.39
SYK,2026-10-01,272.96
SYK,2026-10-02,275.43
SYK,2026-10-05,285.22
SYNC.L,2026-09-30,123.8
SYNC.L,2026-10-01,122.0
SYNC.L,2026-10-02,122.0
SYNC.L,2026-10-05,122.0
SYNC.L,2026-10-06,122.051
SYY,2026-09-29,78.49
SYY,2026-09-30,77.96
SYY,2026-10-01,77.77
SYY,2026-10-02,77.49
SYY,2026-10-05,76.38
T,2026-09-29,24.48
T,2026-09-30,24.4
T,2026-10-01,24.3
T,2026-10-02,24.3
T,2026-10-05,24.24
TATE.L,2026-09-30,559.0
TATE.L,2026-10-01,558.5
TATE.L,2026-10-02,559.5
TATE.L,2026-10-05,559.5
TATE.L,2026-10-06,560.5
TBCG.L,2026-09-30,5385.0
TBCG.L,2026-10-01,5165.0
TBCG.L,2026-10-02,5075.0
TBCG.L,2026-10-05,5080.0
TBCG.L,2026-10-06,5140.0
TCAP.L,2026-09-30,342.0
TCAP.L,2026-10-01,321.4
TCAP.L,2026-10-02,323.2
TCAP.L,2026-10-05,325.0
TCAP.L,2026-10-06,320.8
TDG,2026-09-29,1099.79
TDG,2026-09-30,1082.6
TDG,2026-10-01,1097.24
TDG,2026-10-02,1090.38
TDG,2026-10-05,1092.66
TDY,2026-09-29,605.59
TDY,2026-09-30,606.81
TDY,2026-10-01,612.7
TDY,2026-10-02,617.17
TDY,2026-10-05,619.64
TECH,2026-09-29,72.38
TECH,2026-09-30,72.47
TECH,2026-10-01,72.4
TECH,2026-10-02,72.4
TECH,2026-10-05,72.58
TEL,2026-09-29,212.59
TEL,2026-09-30,211.08
TEL,2026-10-01,217.76
TEL,2026-10-02,220.36
TEL,2026-10-05,218.93
TEM.L,2026-09-30,330.0
TEM.L,2026-10-01,330.0
TEM.L,2026-10-02,333.0
TEM.L,2026-10-05,339.5
TEM.L,2026-10-06,339.0
TEN.MI,2026-09-30,24.35
TEN.MI,2026-10-01,24.46
TEN.MI,2026-10-02,24.74
TEN.MI,2026-10-05,26.04
TEN.MI,2026-10-06,25.54
TEP.L,2026-09-30,809.0
TEP.L,2026-10-01,797.0
TEP.L,2026-10-02,812.0
TEP.L,2026-10-05,825.0
TEP.L,2026-10-06,849.0
TEP.PA,2026-09-30,70.22
TEP.PA,2026-10-01,71.06
TEP.PA,2026-10-02,69.0
TEP.PA,2026-10-05,68.66
TEP.PA,2026-10-06,69.16
TER,2026-09-29,403.02
TER,2026-09-30,400.91
TER,2026-10-01,415.79
TER,2026-10-02,449.04
TER,2026-10-05,444.53
TFC,2026-09-29,46.44
TFC,2026-09-30,46.3
TFC,2026-10-01,46.28
TFC,2026-10-02,46.45
TFC,2026-10-05,46.33
TFIF.L,2026-09-30,108.8
TFIF.L,2026-10-01,108.8
TFIF.L,2026-10-02,108.6
TFIF.L,2026-10-05,107.8
TFIF.L,2026-10-06,107.8408
TGT,2026-09-29,156.43
TGT,2026-09-30,156.69
TGT,2026-10-01,156.7
TGT,2026-10-02,156.0
TGT,2026-10-05,152.99
THG.L,2026-09-30,26.16
THG.L,2026-10-01,26.04
THG.L,2026-10-02,26.2
THG.L,2026-10-05,26.28
THG.L,2026-10-06,26.16
THRL.L,2026-09-30,114.2
THRL.L,2026-10-01,112.8
THRL.L,2026-10-02,113.2
THRL.L,2026-10-05,112.2
THRL.L,2026-10-06,112.8
TIT.MI,2026-09-30,6.678
TIT.MI,2026-10-01,6.572
TIT.MI,2026-10-02,6.411
TIT.MI,2026-10-05,6.26
TIT.MI,2026-10-06,5.954
TJX,2026-09-29,133.8
TJX,2026-09-30,132.31
TJX,2026-10-01,133.59
TJX,2026-10-02,132.68
TJX,2026-10-05,134.41
TKO,2026-09-29,177.58
TKO,2026-09-30,179.72
TKO,2026-10-01,176.04
TKO,2026-10-02,175.58
TKO,2026-10-05,177.04
TMO,2026-09-29,679.61
TMO,2026-09-30,675.05
TMO,2026-10-01,652.51
TMO,2026-10-02,654.8
TMO,2026-10-05,676.76
TMPL.L,2026-09-30,415.5
TMPL.L,2026-10-01,409.5
TMPL.L,2026-10-02,411.0
TMPL.L,2026-10-05,411.5
TMPL.L,2026-10-06,411.835
TMUS,2026-09-29,162.98
TMUS,2026-09-30,163.08
TMUS,2026-10-01,161.73
TMUS,2026-10-02,163.64
TMUS,2026-10-05,164.64
TPK.L,2026-09-30,610.5
TPK.L,2026-10-01,584.5
TPK.L,2026-10-02,585.0
TPK.L,2026-10-05,579.0
TPK.L,2026-10-06,578.5
TPL,2026-09-29,328.7
TPL,2026-09-30,325.83
TPL,2026-10-01,336.46
TPL,2026-10-02,340.19
TPL,2026-10-05,344.67
TPR,2026-09-29,114.12
TPR,2026-09-30,115.04
TPR,2026-10-01,119.24
TPR,2026-10-02,118.12
TPR,2026-10-05,116.95
TRGP,2026-09-29,273.49
TRGP,2026-09-30,270.31
TRGP,2026-10-01,279.31
TRGP,2026-10-02,281.74
TRGP,2026-10-05,287.4
TRIG.L,2026-09-30,79.9
TRIG.L,2026-10-01,78.2
TRIG.L,2026-10-02,77.4
TRIG.L,2026-10-05,76.1
TRIG.L,2026-10-06,76.3
TRMB,2026-09-29,57.34
TRMB,2026-09-30,57.11
TRMB,2026-10-01,57.53
TRMB,2026-10-02,57.52
TRMB,2026-10-05,58.81
TRN.L,2026-09-30,197.9
TRN.L,2026-10-01,197.4
TRN.L,2026-10-02,197.3
TRN.L,2026-10-05,194.7
TRN.L,2026-10-06,198.1
TRN.MI,2026-09-30,9.192
TRN.MI,2026-10-01,9.138
TRN.MI,2026-10-02,9.154
TRN.MI,2026-10-05,9.09
TRN.MI,2026-10-06,9.112
TROW,2026-09-29,104.51
TROW,2026-09-30,104.05
TROW,2026-10-01,105.83
TROW,2026-10-02,104.62
TROW,2026-10-05,103.93
TRST.L,2026-09-30,231.0
TRST.L,2026-10-01,230.0
TRST.L,2026-10-02,230.6
TRST.L,2026-10-05,238.2
TRST.L,2026-10-06,236.4
TRV,2026-09-29,363.21
TRV,2026-09-30,356.51
TRV,2026-10-01,361.64
TRV,2026-10-02,360.38
TRV,2026-10-05,360.7
TRY.L,2026-09-30,278.5
TRY.L,2026-10-01,273.0
TRY.L,2026-10-02,272.5
TRY.L,2026-10-05,272.0
TRY.L,2026-10-06,274.5
TS,2026-09-29,55.05
TS,2026-09-30,55.18
TS,2026-10-01,55.65
TS,2026-10-02,55.99
TS,2026-10-05,58.46
TSCO,2026-09-29,31.51
TSCO,2026-09-30,31.29
TSCO,2026-10-01,31.73
TSCO,2026-10-02,31.09
TSCO,2026-10-05,31.42
TSCO.L,2026-09-30,468.8
TSCO.L,2026-10-01,474.8
TSCO.L,2026-10-02,469.0
TSCO.L,2026-10-05,470.2
TSCO.L,2026-10-06,470.0
TSLA,2026-09-29,352.84
TSLA,2026-09-30,354.81
TSLA,2026-10-01,354.11
TSLA,2026-10-02,370.59
TSLA,2026-10-05,378.73
TSN,2026-09-29,50.98
TSN,2026-09-30,50.53
TSN,2026-10-01,50.47
TSN,2026-10-02,51.89
TSN,2026-10-05,51.71
TT,2026-09-29,455.59
TT,2026-09-30,451.98
TT,2026-10-01,458.94
TT,2026-10-02,463.91
TT,2026-10-05,470.76
TTE,2026-09-29,87.71
TTE,2026-09-30,85.5
TTE,2026-10-01,84.51
TTE,2026-10-02,84.4
TTE,2026-10-05,84.37
TTE.PA,2026-09-30,75.7
TTE.PA,2026-10-01,74.51
TTE.PA,2026-10-02,74.46
TTE.PA,2026-10-05,75.8
TTE.PA,2026-10-06,75.03
TTWO,2026-09-29,202.78
TTWO,2026-09-30,207.5
TTWO,2026-10-01,203.62
TTWO,2026-10-02,202.73
TTWO,2026-10-05,203.46
TW.L,2026-09-30,86.0
TW.L,2026-10-01,81.3
TW.L,2026-10-02,81.4
TW.L,2026-10-05,78.68
TW.L,2026-10-06,79.26
TXN,2026-09-29,281.69
TXN,2026-09-30,280.09
TXN,2026-10-01,281.31
TXN,2026-10-02,293.8
TXN,2026-10-05,294.9
TXT,2026-09-29,77.63
TXT,2026-09-30,76.2
TXT,2026-10-01,77.17
TXT,2026-10-02,77.26
TXT,2026-10-05,75.75
TYL,2026-09-29,316.26
TYL,2026-09-30,318.6
TYL,2026-10-01,330.18
TYL,2026-10-02,322.81
TYL,2026-10-05,328.32
UAL,2026-09-29,112.65
UAL,2026-09-30,110.95
UAL,2026-10-01,111.78
UAL,2026-10-02,112.51
UAL,2026-10-05,110.0
UBER,2026-09-29,69.36
UBER,2026-09-30,68.51
UBER,2026-10-01,67.88
UBER,2026-10-02,68.11
UBER,2026-10-05,69.48
UCG.MI,2026-09-30,82.9
UCG.MI,2026-10-01,79.53
UCG.MI,2026-10-02,78.85
UCG.MI,2026-10-05,79.8
UCG.MI,2026-10-06,80.83
UDR,2026-09-29,33.95
UDR,2026-09-30,33.55
UDR,2026-10-01,33.68
UDR,2026-10-02,33.27
UDR,2026-10-05,33.84
UEM.L,2026-09-30,282.0
UEM.L,2026-10-01,280.0
UEM.L,2026-10-02,282.0
UEM.L,2026-10-05,287.0
UEM.L,2026-10-06,287.31
UHS,2026-09-29,175.73
UHS,2026-09-30,174.26
UHS,2026-10-01,175.07
UHS,2026-10-02,175.72
UHS,2026-10-05,176.05
UKW.L,2026-09-30,115.5
UKW.L,2026-10-01,112.7
UKW.L,2026-10-02,112.5
UKW.L,2026-10-05,111.1
UKW.L,2026-10-06,111.2
UL,2026-09-29,61.24
UL,2026-09-30,60.73
UL,2026-10-01,59.58
UL,2026-10-02,59.7
UL,2026-10-05,59.98
ULTA,2026-09-29,547.89
ULTA,2026-09-30,546.17
ULTA,2026-10-01,537.73
ULTA,2026-10-02,543.69
ULTA,2026-10-05,542.72
ULVR.L,2026-09-30,4603.5
ULVR.L,2026-10-01,4494.0
ULVR.L,2026-10-02,4483.5
ULVR.L,2026-10-05,4500.5
ULVR.L,2026-10-06,4546.5
UNH,2026-09-29,374.94
UNH,2026-09-30,367.08
UNH,2026-10-01,365.2
UNH,2026-10-02,371.9
UNH,2026-10-05,378.58
UNI.MI,2026-09-30,26.84
UNI.MI,2026-10-01,26.08
UNI.MI,2026-10-02,25.79
UNI.MI,2026-10-05,26.82
UNI.MI,2026-10-06,26.87
UNP,2026-09-29,274.15
UNP,2026-09-30,272.13
UNP,2026-10-01,272.42
UNP,2026-10-02,278.28
UNP,2026-10-05,277.06
UPS,2026-09-29,93.93
UPS,2026-09-30,93.44
UPS,2026-10-01,93.89
UPS,2026-10-02,93.02
UPS,2026-10-05,93.14
URI,2026-09-29,1014.54
URI,2026-09-30,1000.78
URI,2026-10-01,1034.11
URI,2026-10-02,1081.04
URI,2026-10-05,1074.28
URW.PA,2026-09-30,89.1
URW.PA,2026-10-01,87.88
URW.PA,2026-10-02,87.52
URW.PA,2026-10-05,88.58
URW.PA,2026-10-06,90.06
USA.L,2026-09-30,383.0
USA.L,2026-10-01,382.0
USA.L,2026-10-02,384.0
USA.L,2026-10-05,388.0
USA.L,2026-10-06,393.0
USB,2026-09-29,58.14
USB,2026-09-30,57.76
USB,2026-10-01,57.36
USB,2026-10-02,57.51
USB,2026-10-05,57.27
UTG.L,2026-09-30,474.6
UTG.L,2026-10-01,455.8
UTG.L,2026-10-02,461.0
UTG.L,2026-10-05,453.8
UTG.L,2026-10-06,452.2
UU.L,2026-09-30,1413.0
UU.L,2026-10-01,1404.0
UU.L,2026-10-02,1417.0
UU.L,2026-10-05,1409.0
UU.L,2026-10-06,1421.0
V,2026-09-29,365.88
V,2026-09-30,359.33
V,2026-10-01,359.85
V,2026-10-02,360.66
V,2026-10-05,369.71
VCT.L,2026-09-30,923.0
VCT.L,2026-10-01,911.0
VCT.L,2026-10-02,917.0
VCT.L,2026-10-05,930.0
VCT.L,2026-10-06,932.51
VEEV,2026-09-29,278.57
VEEV,2026-09-30,285.45
VEEV,2026-10-01,281.93
VEEV,2026-10-02,273.33
VEEV,2026-10-05,283.45
VEIL.L,2026-09-30,734.0
VEIL.L,2026-10-01,724.0
VEIL.L,2026-10-02,719.0
VEIL.L,2026-10-05,722.0
VEIL.L,2026-10-06,722.0
VICI,2026-09-29,23.2
VICI,2026-09-30,22.97
VICI,2026-10-01,22.73
VICI,2026-10-02,22.65
VICI,2026-10-05,22.53
VIE.PA,2026-09-30,30.81
VIE.PA,2026-10-01,30.52
VIE.PA,2026-10-02,30.73
VIE.PA,2026-10-05,30.46
VIE.PA,2026-10-06,31.26
VLO,2026-09-29,387.72
VLO,2026-09-30,387.61
VLO,2026-10-01,408.46
VLO,2026-10-02,406.3
VLO,2026-10-05,419.33
VLTO,2026-09-29,96.65
VLTO,2026-09-30,94.32
VLTO,2026-10-01,94.6
VLTO,2026-10-02,94.68
VLTO,2026-10-05,96.57
VLX.L,2026-09-30,648.0
VLX.L,2026-10-01,657.0
VLX.L,2026-10-02,684.0
VLX.L,2026-10-05,677.0
VLX.L,2026-10-06,689.996
VMC,2026-09-29,242.75
VMC,2026-09-30,244.63
VMC,2026-10-01,243.98
VMC,2026-10-02,243.06
VMC,2026-10-05,245.57
VMRK,2026-09-29,61.35
VMRK,2026-09-30,60.76
VMRK,2026-10-01,60.17
VMRK,2026-10-02,59.79
VMRK,2026-10-05,60.09
VNA.DE,2026-09-30,17.0
VNA.DE,2026-10-01,16.74
VNA.DE,2026-10-02,16.815
VNA.DE,2026-10-05,16.9
VNA.DE,2026-10-06,17.03
VOD,2026-09-29,16.33
VOD,2026-09-30,16.15
VOD,2026-10-01,16.38
VOD,2026-10-02,16.82
VOD,2026-10-05,16.79
VOD.L,2026-09-30,122.7
VOD.L,2026-10-01,124.1
VOD.L,2026-10-02,126.8
VOD.L,2026-10-05,127.2
VOD.L,2026-10-06,126.45
VOF.L,2026-09-30,431.5
VOF.L,2026-10-01,425.0
VOF.L,2026-10-02,425.0
VOF.L,2026-10-05,425.0
VOF.L,2026-10-06,422.807
VOW.DE,2026-09-30,70.6
VOW.DE,2026-10-01,68.25
VOW.DE,2026-10-02,67.8
VOW.DE,2026-10-05,68.65
VOW.DE,2026-10-06,68.55
VOW3.DE,2026-09-30,70.46
VOW3.DE,2026-10-01,68.02
VOW3.DE,2026-10-02,67.48
VOW3.DE,2026-10-05,68.54
VOW3.DE,2026-10-06,68.12
VRSK,2026-09-29,165.94
VRSK,2026-09-30,167.85
VRSK,2026-10-01,168.38
VRSK,2026-10-02,163.88
VRSK,2026-10-05,163.28
VRSN,2026-09-29,279.84
VRSN,2026-09-30,282.01
VRSN,2026-10-01,286.9
VRSN,2026-10-02,288.32
VRSN,2026-10-05,292.26
VRT,2026-09-29,248.34
VRT,2026-09-30,241.31
VRT,2026-10-01,246.12
VRT,2026-10-02,252.18
VRT,2026-10-05,253.62
VRTX,2026-09-29,526.73
VRTX,2026-09-30,522.81
VRTX,2026-10-01,506.74
VRTX,2026-10-02,504.73
VRTX,2026-10-05,503.5
VST,2026-09-29,140.83
VST,2026-09-30,138.35
VST,2026-10-01,139.75
VST,2026-10-02,140.02
VST,2026-10-05,144.89
VSVS.L,2026-09-30,472.8
VSVS.L,2026-10-01,456.8
VSVS.L,2026-10-02,451.2
VSVS.L,2026-10-05,444.2
VSVS.L,2026-10-06,448.233
VTR,2026-09-29,86.91
VTR,2026-09-30,85.02
VTR,2026-10-01,83.73
VTR,2026-10-02,84.01
VTR,2026-10-05,81.36
VTRS,2026-09-29,18.12
VTRS,2026-09-30,17.72
VTRS,2026-10-01,17.46
VTRS,2026-10-02,17.6
VTRS,2026-10-05,17.62
VTY.L,2026-09-30,257.8
VTY.L,2026-10-01,250.0
VTY.L,2026-10-02,241.6
VTY.L,2026-10-05,238.8
VTY.L,2026-10-06,236.4
VZ,2026-09-29,45.98
VZ,2026-09-30,45.87
VZ,2026-10-01,45.98
VZ,2026-10-02,45.92
VZ,2026-10-05,45.85
WAB,2026-09-29,291.23
WAB,2026-09-30,287.18
WAB,2026-10-01,287.84
WAB,2026-10-02,287.54
WAB,2026-10-05,291.86
WAT,2026-09-29,443.26
WAT,2026-09-30,439.39
WAT,2026-10-01,425.53
WAT,2026-10-02,425.21
WAT,2026-10-05,440.12
WBD,2026-09-29,30.85
WBD,2026-09-30,30.95
WBD,2026-10-01,30.95
WBD,2026-10-02,30.94
WBD,2026-10-05,30.95
WDAY,2026-09-29,189.17
WDAY,2026-09-30,190.46
WDAY,2026-10-01,186.75
WDAY,2026-10-02,186.14
WDAY,2026-10-05,188.96
WDC,2026-09-29,453.48
WDC,2026-09-30,454.46
WDC,2026-10-01,462.56
WDC,2026-10-02,415.29
WDC,2026-10-05,441.64
WEC,2026-09-29,102.58
WEC,2026-09-30,100.78
WEC,2026-10-01,101.73
WEC,2026-10-02,101.59
WEC,2026-10-05,101.3
WEIR.L,2026-09-30,2702.0
WEIR.L,2026-10-01,2574.0
WEIR.L,2026-10-02,2580.0
WEIR.L,2026-10-05,2582.0
WEIR.L,2026-10-06,2652.0
WELL,2026-09-29,232.9
WELL,2026-09-30,230.24
WELL,2026-10-01,226.94
WELL,2026-10-02,227.71
WELL,2026-10-05,224.16
WFC,2026-09-29,80.48
WFC,2026-09-30,80.05
WFC,2026-10-01,80.25
WFC,2026-10-02,80.45
WFC,2026-10-05,81.44
WIX.L,2026-09-30,207.5
WIX.L,2026-10-01,199.2
WIX.L,2026-10-02,197.8
WIX.L,2026-10-05,198.4
WIX.L,2026-10-06,199.4
WIZZ.L,2026-09-30,1053.0
WIZZ.L,2026-10-01,1030.0
WIZZ.L,2026-10-02,1052.0
WIZZ.L,2026-10-05,1039.0
WIZZ.L,2026-10-06,1049.5
WKL.AS,2026-09-30,67.72
WKL.AS,2026-10-01,68.64
WKL.AS,2026-10-02,67.82
WKL.AS,2026-10-05,68.32
WKL.AS,2026-10-06,68.94
WKP.L,2026-09-30,374.0
WKP.L,2026-10-01,358.0
WKP.L,2026-10-02,357.0
WKP.L,2026-10-05,356.4
WKP.L,2026-10-06,365.8
WM,2026-09-29,207.09
WM,2026-09-30,203.92
WM,2026-10-01,201.9
WM,2026-10-02,204.45
WM,2026-10-05,206.66
WMB,2026-09-29,68.63
WMB,2026-09-30,67.97
WMB,2026-10-01,69.22
WMB,2026-10-02,70.54
WMB,2026-10-05,70.81
WMT,2026-09-29,106.8
WMT,2026-09-30,103.92
WMT,2026-10-01,104.26
WMT,2026-10-02,104.26
WMT,2026-10-05,105.07
WOSG.L,2026-09-30,699.5
WOSG.L,2026-10-01,687.0
WOSG.L,2026-10-02,672.5
WOSG.L,2026-10-05,662.5
WOSG.L,2026-10-06,663.5
WPP.L,2026-09-30,376.1
WPP.L,2026-10-01,382.9
WPP.L,2026-10-02,372.7
WPP.L,2026-10-05,372.4
WPP.L,2026-10-06,374.1
WRB,2026-09-29,68.22
WRB,2026-09-30,67.54
WRB,2026-10-01,68.9
WRB,2026-10-02,68.98
WRB,2026-10-05,69.77
WSM,2026-09-29,229.96
WSM,2026-09-30,227.94
WSM,2026-10-01,233.39
WSM,2026-10-02,232.3
WSM,2026-10-05,238.7
WST,2026-09-29,376.63
WST,2026-09-30,370.76
WST,2026-10-01,365.01
WST,2026-10-02,364.98
WST,2026-10-05,376.76
WTB.L,2026-09-30,2386.0
WTB.L,2026-10-01,2388.0
WTB.L,2026-10-02,2440.0
WTB.L,2026-10-05,2426.0
WTB.L,2026-10-06,2481.0
WTW,2026-09-29,288.57
WTW,2026-09-30,288.23
WTW,2026-10-01,291.6
WTW,2026-10-02,288.61
WTW,2026-10-05,288.11
WWH.L,2026-09-30,381.5
WWH.L,2026-10-01,374.5
WWH.L,2026-10-02,367.5
WWH.L,2026-10-05,366.5
WWH.L,2026-10-06,369.875
WY,2026-09-29,19.55
WY,2026-09-30,19.05
WY,2026-10-01,18.59
WY,2026-10-02,18.47
WY,2026-10-05,18.49
WYNN,2026-09-29,78.23
WYNN,2026-09-30,79.43
WYNN,2026-10-01,77.3
WYNN,2026-10-02,75.88
WYNN,2026-10-05,77.17
XEL,2026-09-29,70.69
XEL,2026-09-30,70.48
XEL,2026-10-01,70.55
XEL,2026-10-02,71.4
XEL,2026-10-05,71.49
XOM,2026-09-29,161.35
XOM,2026-09-30,162.75
XOM,2026-10-01,163.82
XOM,2026-10-02,164.01
XOM,2026-10-05,164.0
XPP.L,2026-09-30,2050.0
XPP.L,2026-10-01,2020.0
XPP.L,2026-10-02,2040.0
XPP.L,2026-10-05,2010.0
XPP.L,2026-10-06,2036.0
XPS.L,2026-09-30,303.5
XPS.L,2026-10-01,295.5
XPS.L,2026-10-02,293.5
XPS.L,2026-10-05,294.5
XPS.L,2026-10-06,297.0
XYL,2026-09-29,100.93
XYL,2026-09-30,101.27
XYL,2026-10-01,100.88
XYL,2026-10-02,101.79
XYL,2026-10-05,102.42
XYZ,2026-09-29,74.05
XYZ,2026-09-30,73.53
XYZ,2026-10-01,74.04
XYZ,2026-10-02,74.33
XYZ,2026-10-05,76.23
YUM,2026-09-29,137.73
YUM,2026-09-30,136.34
YUM,2026-10-01,136.69
YUM,2026-10-02,136.12
YUM,2026-10-05,136.97
ZAL.DE,2026-09-30,22.7
ZAL.DE,2026-10-01,22.22
ZAL.DE,2026-10-02,22.27
ZAL.DE,2026-10-05,22.22
ZAL.DE,2026-10-06,22.25
ZBH,2026-09-29,91.34
ZBH,2026-09-30,88.83
ZBH,2026-10-01,88.06
ZBH,2026-10-02,88.29
ZBH,2026-10-05,91.57
ZBRA,2026-09-29,375.97
ZBRA,2026-09-30,373.31
ZBRA,2026-10-01,375.45
ZBRA,2026-10-02,375.86
ZBRA,2026-10-05,375.66
ZIG.L,2026-09-30,472.5
ZIG.L,2026-10-01,453.5
ZIG.L,2026-10-02,447.0
ZIG.L,2026-10-05,440.0
ZIG.L,2026-10-06,439.5
ZTS,2026-09-29,70.3
ZTS,2026-09-30,69.83
ZTS,2026-10-01,69.1
ZTS,2026-10-02,69.69
ZTS,2026-10-05,71.41
^FCHI,2026-09-30,7964.5098
^FCHI,2026-10-01,7835.3101
^FCHI,2026-10-02,7897.1899
^FCHI,2026-10-05,7834.1001
^FCHI,2026-10-06,7875.6201
^FTMC,2026-09-30,24540.0
^FTMC,2026-10-01,24143.1992
^FTMC,2026-10-02,24194.1992
^FTMC,2026-10-05,24123.8008
^FTMC,2026-10-06,24195.1191
^FTSE,2026-09-30,10606.0
^FTSE,2026-10-01,10428.2998
^FTSE,2026-10-02,10462.0
^FTSE,2026-10-05,10497.9004
^FTSE,2026-10-06,10535.8701
^GDAXI,2026-09-30,25199.1895
^GDAXI,2026-10-01,24939.3496
^GDAXI,2026-10-02,25231.1992
^GDAXI,2026-10-05,25254.2109
^GDAXI,2026-10-06,25426.0
^STOXX50E,2026-09-30,6269.02
^STOXX50E,2026-10-01,6175.4502
^STOXX50E,2026-10-02,6238.5
^STOXX50E,2026-10-05,6242.1401
^STOXX50E,2026-10-06,6280.0098
