ticker,date,close
3IN.L,2026-10-01,389.0
3IN.L,2026-10-02,387.5
3IN.L,2026-10-05,387.0
3IN.L,2026-10-06,386.5
3IN.L,2026-10-07,384.862
A,2026-09-30,172.31
A,2026-10-01,166.68
A,2026-10-02,167.78
A,2026-10-05,171.29
A,2026-10-06,169.33
A2A.MI,2026-10-01,2.232
A2A.MI,2026-10-02,2.245
A2A.MI,2026-10-05,2.224
A2A.MI,2026-10-06,2.249
A2A.MI,2026-10-07,2.24
AAF.L,2026-10-01,304.6
AAF.L,2026-10-02,307.6
AAF.L,2026-10-05,310.4
AAF.L,2026-10-06,310.6
AAF.L,2026-10-07,312.8
AAL.L,2026-10-01,3979.0
AAL.L,2026-10-02,4097.0
AAL.L,2026-10-05,4180.0
AAL.L,2026-10-06,4152.0
AAL.L,2026-10-07,4060.0
AAPL,2026-09-30,333.02
AAPL,2026-10-01,330.32
AAPL,2026-10-02,333.69
AAPL,2026-10-05,332.89
AAPL,2026-10-06,333.63
AAS.L,2026-10-01,463.0
AAS.L,2026-10-02,468.0
AAS.L,2026-10-05,474.0
AAS.L,2026-10-06,472.0
AAS.L,2026-10-07,469.466
ABBV,2026-09-30,261.59
ABBV,2026-10-01,259.93
ABBV,2026-10-02,262.82
ABBV,2026-10-05,265.76
ABBV,2026-10-06,266.69
ABDN.L,2026-10-01,242.4
ABDN.L,2026-10-02,243.2
ABDN.L,2026-10-05,241.6
ABDN.L,2026-10-06,237.8
ABDN.L,2026-10-07,234.2
ABF.L,2026-10-01,1831.0
ABF.L,2026-10-02,1826.0
ABF.L,2026-10-05,1811.5
ABF.L,2026-10-06,1834.0
ABF.L,2026-10-07,1837.5
ABI.BR,2026-10-01,64.56
ABI.BR,2026-10-02,64.88
ABI.BR,2026-10-05,65.9
ABI.BR,2026-10-06,67.56
ABI.BR,2026-10-07,66.42
ABNB,2026-09-30,160.65
ABNB,2026-10-01,160.47
ABNB,2026-10-02,162.43
ABNB,2026-10-05,164.07
ABNB,2026-10-06,160.39
ABT,2026-09-30,98.83
ABT,2026-10-01,96.69
ABT,2026-10-02,97.5
ABT,2026-10-05,100.1
ABT,2026-10-06,98.16
AC.PA,2026-10-01,44.01
AC.PA,2026-10-02,44.2
AC.PA,2026-10-05,43.7
AC.PA,2026-10-06,44.86
AC.PA,2026-10-07,44.0
ACA.PA,2026-10-01,16.92
ACA.PA,2026-10-02,16.885
ACA.PA,2026-10-05,16.93
ACA.PA,2026-10-06,17.115
ACA.PA,2026-10-07,16.485
ACGL,2026-09-30,92.36
ACGL,2026-10-01,94.26
ACGL,2026-10-02,93.6
ACGL,2026-10-05,94.36
ACGL,2026-10-06,94.82
ACN,2026-09-30,183.37
ACN,2026-10-01,212.3
ACN,2026-10-02,198.9
ACN,2026-10-05,195.05
ACN,2026-10-06,193.4
AD.AS,2026-10-01,31.65
AD.AS,2026-10-02,31.5
AD.AS,2026-10-05,31.46
AD.AS,2026-10-06,31.57
AD.AS,2026-10-07,31.52
ADBE,2026-09-30,239.94
ADBE,2026-10-01,241.28
ADBE,2026-10-02,237.69
ADBE,2026-10-05,238.79
ADBE,2026-10-06,238.12
ADI,2026-09-30,396.71
ADI,2026-10-01,404.6
ADI,2026-10-02,417.15
ADI,2026-10-05,419.1
ADI,2026-10-06,420.55
ADM,2026-09-30,79.38
ADM,2026-10-01,79.52
ADM,2026-10-02,80.45
ADM,2026-10-05,82.47
ADM,2026-10-06,82.21
ADM.L,2026-10-01,3586.0
ADM.L,2026-10-02,3588.0
ADM.L,2026-10-05,3574.0
ADM.L,2026-10-06,3650.0
ADM.L,2026-10-07,3640.0
ADP,2026-09-30,258.06
ADP,2026-10-01,263.96
ADP,2026-10-02,257.68
ADP,2026-10-05,260.26
ADP,2026-10-06,262.36
ADS.DE,2026-10-01,142.65
ADS.DE,2026-10-02,144.05
ADS.DE,2026-10-05,142.3
ADS.DE,2026-10-06,145.15
ADS.DE,2026-10-07,145.75
ADSK,2026-09-30,209.0
ADSK,2026-10-01,211.31
ADSK,2026-10-02,212.0
ADSK,2026-10-05,221.56
ADSK,2026-10-06,231.28
ADYEN.AS,2026-10-01,855.6
ADYEN.AS,2026-10-02,859.4
ADYEN.AS,2026-10-05,862.5
ADYEN.AS,2026-10-06,867.0
ADYEN.AS,2026-10-07,855.8
AEE,2026-09-30,99.38
AEE,2026-10-01,99.64
AEE,2026-10-02,99.94
AEE,2026-10-05,99.7
AEE,2026-10-06,101.68
AEP,2026-09-30,118.64
AEP,2026-10-01,119.75
AEP,2026-10-02,119.57
AEP,2026-10-05,119.73
AEP,2026-10-06,121.67
AEP.L,2026-10-01,198.2
AEP.L,2026-10-02,197.2
AEP.L,2026-10-05,193.2
AEP.L,2026-10-06,196.0
AEP.L,2026-10-07,196.6
AES,2026-09-30,14.9
AES,2026-10-01,14.92
AES,2026-10-02,14.91
AES,2026-10-05,14.9
AES,2026-10-06,14.93
AFL,2026-09-30,111.78
AFL,2026-10-01,111.18
AFL,2026-10-02,111.54
AFL,2026-10-05,112.38
AFL,2026-10-06,113.63
AGT.L,2026-10-01,254.0
AGT.L,2026-10-02,255.5
AGT.L,2026-10-05,256.5
AGT.L,2026-10-06,256.5
AGT.L,2026-10-07,253.9409
AI.PA,2026-10-01,166.44
AI.PA,2026-10-02,170.16
AI.PA,2026-10-05,170.76
AI.PA,2026-10-06,169.1
AI.PA,2026-10-07,168.8
AIE.L,2026-10-01,244.5
AIE.L,2026-10-02,243.5
AIE.L,2026-10-05,243.0
AIE.L,2026-10-06,245.5
AIE.L,2026-10-07,244.5
AIG,2026-09-30,74.42
AIG,2026-10-01,75.43
AIG,2026-10-02,74.93
AIG,2026-10-05,75.12
AIG,2026-10-06,75.11
AIR.PA,2026-10-01,185.6
AIR.PA,2026-10-02,189.3
AIR.PA,2026-10-05,189.08
AIR.PA,2026-10-06,188.0
AIR.PA,2026-10-07,187.06
AIZ,2026-09-30,263.5
AIZ,2026-10-01,266.24
AIZ,2026-10-02,267.32
AIZ,2026-10-05,266.41
AIZ,2026-10-06,270.96
AJB.L,2026-10-01,576.0
AJB.L,2026-10-02,581.5
AJB.L,2026-10-05,587.0
AJB.L,2026-10-06,577.5
AJB.L,2026-10-07,573.5
AJG,2026-09-30,228.11
AJG,2026-10-01,231.82
AJG,2026-10-02,226.11
AJG,2026-10-05,227.24
AJG,2026-10-06,229.85
AKAM,2026-09-30,106.35
AKAM,2026-10-01,106.93
AKAM,2026-10-02,108.92
AKAM,2026-10-05,107.99
AKAM,2026-10-06,108.62
ALB,2026-09-30,105.78
ALB,2026-10-01,105.03
ALB,2026-10-02,104.59
ALB,2026-10-05,104.37
ALB,2026-10-06,106.35
ALFA.L,2026-10-01,155.6
ALFA.L,2026-10-02,155.0
ALFA.L,2026-10-05,156.4
ALFA.L,2026-10-06,158.8
ALFA.L,2026-10-07,158.0
ALGN,2026-09-30,145.35
ALGN,2026-10-01,145.35
ALGN,2026-10-02,143.74
ALGN,2026-10-05,140.65
ALGN,2026-10-06,141.45
ALL,2026-09-30,221.86
ALL,2026-10-01,224.41
ALL,2026-10-02,223.74
ALL,2026-10-05,224.71
ALL,2026-10-06,224.27
ALLE,2026-09-30,153.77
ALLE,2026-10-01,154.28
ALLE,2026-10-02,154.21
ALLE,2026-10-05,153.67
ALLE,2026-10-06,155.2
ALV.DE,2026-10-01,412.0
ALV.DE,2026-10-02,416.2
ALV.DE,2026-10-05,419.2
ALV.DE,2026-10-06,420.7
ALV.DE,2026-10-07,415.3
ALW.L,2026-10-01,1373.0
ALW.L,2026-10-02,1387.0
ALW.L,2026-10-05,1398.0
ALW.L,2026-10-06,1406.0
ALW.L,2026-10-07,1398.0
AMAT,2026-09-30,511.38
AMAT,2026-10-01,529.3
AMAT,2026-10-02,540.04
AMAT,2026-10-05,542.28
AMAT,2026-10-06,530.27
AMCR,2026-09-30,41.86
AMCR,2026-10-01,41.81
AMCR,2026-10-02,41.86
AMCR,2026-10-05,41.8
AMCR,2026-10-06,41.77
AMD,2026-09-30,611.76
AMD,2026-10-01,615.73
AMD,2026-10-02,633.91
AMD,2026-10-05,631.75
AMD,2026-10-06,649.42
AME,2026-09-30,247.73
AME,2026-10-01,249.09
AME,2026-10-02,251.93
AME,2026-10-05,251.92
AME,2026-10-06,253.72
AMGN,2026-09-30,421.51
AMGN,2026-10-01,407.27
AMGN,2026-10-02,403.04
AMGN,2026-10-05,402.98
AMGN,2026-10-06,402.6
AMP,2026-09-30,492.35
AMP,2026-10-01,494.82
AMP,2026-10-02,490.91
AMP,2026-10-05,494.94
AMP,2026-10-06,496.61
AMP.MI,2026-10-01,11.785
AMP.MI,2026-10-02,11.555
AMP.MI,2026-10-05,12.085
AMP.MI,2026-10-06,12.195
AMP.MI,2026-10-07,12.095
AMT,2026-09-30,163.69
AMT,2026-10-01,161.06
AMT,2026-10-02,162.2
AMT,2026-10-05,162.26
AMT,2026-10-06,164.78
AMZN,2026-09-30,249.15
AMZN,2026-10-01,248.23
AMZN,2026-10-02,251.52
AMZN,2026-10-05,251.4
AMZN,2026-10-06,256.29
ANET,2026-09-30,203.59
ANET,2026-10-01,204.49
ANET,2026-10-02,207.35
ANET,2026-10-05,206.9
ANET,2026-10-06,215.36
ANTO.L,2026-10-01,3690.0
ANTO.L,2026-10-02,3802.0
ANTO.L,2026-10-05,3838.0
ANTO.L,2026-10-06,3829.0
ANTO.L,2026-10-07,3692.0
AO.L,2026-10-01,88.0
AO.L,2026-10-02,88.2
AO.L,2026-10-05,88.6
AO.L,2026-10-06,89.0
AO.L,2026-10-07,89.3
AON,2026-09-30,276.77
AON,2026-10-01,275.95
AON,2026-10-02,269.45
AON,2026-10-05,272.05
AON,2026-10-06,273.99
AOS,2026-09-30,56.37
AOS,2026-10-01,56.67
AOS,2026-10-02,56.75
AOS,2026-10-05,56.97
AOS,2026-10-06,56.9
APA,2026-09-30,41.54
APA,2026-10-01,43.34
APA,2026-10-02,43.68
APA,2026-10-05,43.85
APA,2026-10-06,44.1
APD,2026-09-30,278.23
APD,2026-10-01,273.33
APD,2026-10-02,277.57
APD,2026-10-05,279.45
APD,2026-10-06,281.0
APH,2026-09-30,84.3
APH,2026-10-01,85.67
APH,2026-10-02,86.96
APH,2026-10-05,87.27
APH,2026-10-06,88.62
APN.L,2026-10-01,267.5
APN.L,2026-10-02,265.5
APN.L,2026-10-05,264.5
APN.L,2026-10-06,269.5
APN.L,2026-10-07,268.001
APO,2026-09-30,116.06
APO,2026-10-01,114.34
APO,2026-10-02,114.02
APO,2026-10-05,115.35
APO,2026-10-06,115.95
APP,2026-09-30,290.43
APP,2026-10-01,281.31
APP,2026-10-02,268.22
APP,2026-10-05,281.97
APP,2026-10-06,278.78
APTV,2026-09-30,43.02
APTV,2026-10-01,43.97
APTV,2026-10-02,43.54
APTV,2026-10-05,43.89
APTV,2026-10-06,44.72
ARE,2026-09-30,47.46
ARE,2026-10-01,47.03
ARE,2026-10-02,47.37
ARE,2026-10-05,45.88
ARE,2026-10-06,45.92
ARES,2026-09-30,116.17
ARES,2026-10-01,116.57
ARES,2026-10-02,117.55
ARES,2026-10-05,117.13
ARES,2026-10-06,117.74
ARGX,2026-09-30,958.91
ARGX,2026-10-01,936.0
ARGX,2026-10-02,919.21
ARGX,2026-10-05,912.87
ARGX,2026-10-06,930.52
ARGX.BR,2026-10-01,841.6
ARGX.BR,2026-10-02,815.4
ARGX.BR,2026-10-05,812.4
ARGX.BR,2026-10-06,834.8
ARGX.BR,2026-10-07,829.6
ASHM.L,2026-10-01,213.0
ASHM.L,2026-10-02,217.6
ASHM.L,2026-10-05,214.0
ASHM.L,2026-10-06,216.6
ASHM.L,2026-10-07,219.0
ASL.L,2026-10-01,1802.0
ASL.L,2026-10-02,1794.0
ASL.L,2026-10-05,1792.0
ASL.L,2026-10-06,1806.0
ASL.L,2026-10-07,1804.0
ASML,2026-09-30,1811.67
ASML,2026-10-01,1808.49
ASML,2026-10-02,1867.3101
ASML,2026-10-05,1859.86
ASML,2026-10-06,1834.1
ASML.AS,2026-10-01,1597.0
ASML.AS,2026-10-02,1653.0
ASML.AS,2026-10-05,1656.2
ASML.AS,2026-10-06,1636.4
ASML.AS,2026-10-07,1597.4
ATG.L,2026-10-01,458.8
ATG.L,2026-10-02,457.4
ATG.L,2026-10-05,458.2
ATG.L,2026-10-06,465.8
ATG.L,2026-10-07,462.2
ATO,2026-09-30,156.44
ATO,2026-10-01,156.38
ATO,2026-10-02,157.17
ATO,2026-10-05,158.05
ATO,2026-10-06,159.74
ATR.L,2026-10-01,718.0
ATR.L,2026-10-02,718.0
ATR.L,2026-10-05,725.0
ATR.L,2026-10-06,716.0
ATR.L,2026-10-07,713.95
ATT.L,2026-10-01,763.0
ATT.L,2026-10-02,775.0
ATT.L,2026-10-05,781.0
ATT.L,2026-10-06,785.0
ATT.L,2026-10-07,777.0
ATYM.L,2026-10-01,1042.0
ATYM.L,2026-10-02,1043.0
ATYM.L,2026-10-05,1055.0
ATYM.L,2026-10-06,1032.0
ATYM.L,2026-10-07,1023.0
AUTO.L,2026-10-01,460.4
AUTO.L,2026-10-02,461.7
AUTO.L,2026-10-05,460.6
AUTO.L,2026-10-06,464.5
AUTO.L,2026-10-07,471.2
AV.L,2026-10-01,672.4
AV.L,2026-10-02,678.4
AV.L,2026-10-05,677.2
AV.L,2026-10-06,688.4
AV.L,2026-10-07,674.2
AVGO,2026-09-30,351.19
AVGO,2026-10-01,343.64
AVGO,2026-10-02,355.14
AVGO,2026-10-05,362.51
AVGO,2026-10-06,375.81
AVIO.MI,2026-10-01,29.33
AVIO.MI,2026-10-02,29.18
AVIO.MI,2026-10-05,30.14
AVIO.MI,2026-10-06,29.36
AVIO.MI,2026-10-07,28.87
AVON.L,2026-10-01,1838.0
AVON.L,2026-10-02,1882.0
AVON.L,2026-10-05,1886.0
AVON.L,2026-10-06,1908.0
AVON.L,2026-10-07,2191.2661
AVY,2026-09-30,170.67
AVY,2026-10-01,171.62
AVY,2026-10-02,169.87
AVY,2026-10-05,170.0
AVY,2026-10-06,168.45
AWK,2026-09-30,129.47
AWK,2026-10-01,127.86
AWK,2026-10-02,130.25
AWK,2026-10-05,127.84
AWK,2026-10-06,128.04
AXON,2026-09-30,422.52
AXON,2026-10-01,422.21
AXON,2026-10-02,413.35
AXON,2026-10-05,411.81
AXON,2026-10-06,418.62
AXP,2026-09-30,304.1
AXP,2026-10-01,302.09
AXP,2026-10-02,302.78
AXP,2026-10-05,304.02
AXP,2026-10-06,304.55
AZM.MI,2026-10-01,37.87
AZM.MI,2026-10-02,37.88
AZM.MI,2026-10-05,37.6
AZM.MI,2026-10-06,37.77
AZM.MI,2026-10-07,36.82
AZN,2026-09-30,161.47
AZN,2026-10-01,157.7
AZN,2026-10-02,156.9
AZN,2026-10-05,156.53
AZN,2026-10-06,158.61
AZN.L,2026-10-01,12032.0
AZN.L,2026-10-02,11870.0
AZN.L,2026-10-05,11764.0
AZN.L,2026-10-06,11958.0
AZN.L,2026-10-07,12046.0
AZO,2026-09-30,2830.02
AZO,2026-10-01,2819.03
AZO,2026-10-02,2792.03
AZO,2026-10-05,2807.73
AZO,2026-10-06,2898.5701
BA,2026-09-30,186.05
BA,2026-10-01,192.28
BA,2026-10-02,193.56
BA,2026-10-05,192.72
BA,2026-10-06,189.82
BA.L,2026-10-01,1943.0
BA.L,2026-10-02,1921.0
BA.L,2026-10-05,1934.0
BA.L,2026-10-06,1855.0
BA.L,2026-10-07,1837.255
BAB.L,2026-10-01,949.2
BAB.L,2026-10-02,922.2
BAB.L,2026-10-05,925.8
BAB.L,2026-10-06,906.6
BAB.L,2026-10-07,901.2
BAC,2026-09-30,54.43
BAC,2026-10-01,53.73
BAC,2026-10-02,53.75
BAC,2026-10-05,54.0
BAC,2026-10-06,54.09
BAG.L,2026-10-01,547.0
BAG.L,2026-10-02,542.0
BAG.L,2026-10-05,547.0
BAG.L,2026-10-06,558.0
BAG.L,2026-10-07,559.0
BALL,2026-09-30,56.03
BALL,2026-10-01,56.5
BALL,2026-10-02,56.37
BALL,2026-10-05,57.11
BALL,2026-10-06,57.43
BAMI.MI,2026-10-01,15.34
BAMI.MI,2026-10-02,15.225
BAMI.MI,2026-10-05,15.27
BAMI.MI,2026-10-06,15.285
BAMI.MI,2026-10-07,14.75
BARC.L,2026-10-01,438.95
BARC.L,2026-10-02,443.65
BARC.L,2026-10-05,446.7
BARC.L,2026-10-06,447.3
BARC.L,2026-10-07,430.4
BAS.DE,2026-10-01,49.4
BAS.DE,2026-10-02,49.925
BAS.DE,2026-10-05,50.24
BAS.DE,2026-10-06,51.08
BAS.DE,2026-10-07,51.3
BATS.L,2026-10-01,3984.0
BATS.L,2026-10-02,3960.0
BATS.L,2026-10-05,3978.0
BATS.L,2026-10-06,3999.0
BATS.L,2026-10-07,4041.0
BAX,2026-09-30,24.0
BAX,2026-10-01,23.64
BAX,2026-10-02,23.49
BAX,2026-10-05,24.22
BAX,2026-10-06,24.36
BAYN.DE,2026-10-01,45.4
BAYN.DE,2026-10-02,44.94
BAYN.DE,2026-10-05,43.96
BAYN.DE,2026-10-06,44.44
BAYN.DE,2026-10-07,43.82
BBOX.L,2026-10-01,140.9
BBOX.L,2026-10-02,140.8
BBOX.L,2026-10-05,140.9
BBOX.L,2026-10-06,142.2
BBOX.L,2026-10-07,142.5
BBVA,2026-09-30,27.87
BBVA,2026-10-01,26.87
BBVA,2026-10-02,26.98
BBVA,2026-10-05,26.94
BBVA,2026-10-06,27.15
BBY,2026-09-30,88.24
BBY,2026-10-01,87.7
BBY,2026-10-02,87.97
BBY,2026-10-05,87.39
BBY,2026-10-06,84.85
BBY.L,2026-10-01,920.0
BBY.L,2026-10-02,937.5
BBY.L,2026-10-05,911.0
BBY.L,2026-10-06,900.0
BBY.L,2026-10-07,889.75
BC.MI,2026-10-01,79.0
BC.MI,2026-10-02,80.18
BC.MI,2026-10-05,80.46
BC.MI,2026-10-06,80.38
BC.MI,2026-10-07,79.72
BCG.L,2026-10-01,2.04
BCG.L,2026-10-02,2.056
BCG.L,2026-10-05,2.02
BCG.L,2026-10-06,2.02
BCG.L,2026-10-07,2.118
BCS,2026-09-30,24.27
BCS,2026-10-01,23.64
BCS,2026-10-02,23.71
BCS,2026-10-05,23.59
BCS,2026-10-06,23.67
BDX,2026-09-30,179.0
BDX,2026-10-01,178.07
BDX,2026-10-02,176.8
BDX,2026-10-05,180.67
BDX,2026-10-06,180.3
BE,2026-09-30,276.98
BE,2026-10-01,277.58
BE,2026-10-02,289.15
BE,2026-10-05,286.65
BE,2026-10-06,295.78
BEI.DE,2026-10-01,75.76
BEI.DE,2026-10-02,75.4
BEI.DE,2026-10-05,75.74
BEI.DE,2026-10-06,76.44
BEI.DE,2026-10-07,77.3
BEN,2026-09-30,32.12
BEN,2026-10-01,32.5
BEN,2026-10-02,32.81
BEN,2026-10-05,32.88
BEN,2026-10-06,32.44
BEZ.L,2026-10-01,1308.5
BEZ.L,2026-10-02,1308.5
BF-B,2026-09-30,26.2
BF-B,2026-10-01,25.97
BF-B,2026-10-02,26.16
BF-B,2026-10-05,26.27
BF-B,2026-10-06,26.35
BG,2026-09-30,106.95
BG,2026-10-01,106.61
BG,2026-10-02,106.72
BG,2026-10-05,107.32
BG,2026-10-06,107.33
BGEO.L,2026-10-01,13540.0
BGEO.L,2026-10-02,13260.0
BGEO.L,2026-10-05,13280.0
BGEO.L,2026-10-06,13320.0
BGEO.L,2026-10-07,12920.0
BGFD.L,2026-10-01,1090.0
BGFD.L,2026-10-02,1096.0
BGFD.L,2026-10-05,1084.0
BGFD.L,2026-10-06,1088.0
BGFD.L,2026-10-07,1074.0
BHMG.L,2026-10-01,411.5
BHMG.L,2026-10-02,411.5
BHMG.L,2026-10-05,412.5
BHMG.L,2026-10-06,412.5
BHMG.L,2026-10-07,423.0
BIIB,2026-09-30,225.88
BIIB,2026-10-01,222.82
BIIB,2026-10-02,219.88
BIIB,2026-10-05,223.59
BIIB,2026-10-06,222.89
BKG.L,2026-10-01,3190.0
BKG.L,2026-10-02,3248.0
BKG.L,2026-10-05,3182.0
BKG.L,2026-10-06,3244.0
BKG.L,2026-10-07,3240.9971
BKNG,2026-09-30,162.91
BKNG,2026-10-01,160.28
BKNG,2026-10-02,159.02
BKNG,2026-10-05,158.33
BKNG,2026-10-06,157.63
BKR,2026-09-30,54.9
BKR,2026-10-01,55.62
BKR,2026-10-02,56.0
BKR,2026-10-05,57.38
BKR,2026-10-06,57.13
BLK,2026-09-30,1058.29
BLK,2026-10-01,1064.36
BLK,2026-10-02,1059.63
BLK,2026-10-05,1066.45
BLK,2026-10-06,1079.42
BLND.L,2026-10-01,381.2
BLND.L,2026-10-02,389.4
BLND.L,2026-10-05,392.6
BLND.L,2026-10-06,394.6
BLND.L,2026-10-07,391.2
BME.L,2026-10-01,251.8
BME.L,2026-10-02,250.8
BME.L,2026-10-05,244.4
BME.L,2026-10-06,244.6
BME.L,2026-10-07,259.4
BMED.MI,2026-10-01,22.94
BMED.MI,2026-10-02,23.2
BMED.MI,2026-10-05,23.49
BMED.MI,2026-10-06,23.62
BMED.MI,2026-10-07,22.9
BMPS.MI,2026-10-01,11.312
BMPS.MI,2026-10-02,11.278
BMPS.MI,2026-10-05,11.368
BMPS.MI,2026-10-06,11.634
BMPS.MI,2026-10-07,11.18
BMW.DE,2026-10-01,54.82
BMW.DE,2026-10-02,54.32
BMW.DE,2026-10-05,54.22
BMW.DE,2026-10-06,54.64
BMW.DE,2026-10-07,53.22
BMY,2026-09-30,62.4
BMY,2026-10-01,61.46
BMY,2026-10-02,61.15
BMY,2026-10-05,58.81
BMY,2026-10-06,59.59
BMY.L,2026-10-01,639.0
BMY.L,2026-10-02,637.0
BMY.L,2026-10-05,639.0
BMY.L,2026-10-06,634.0
BMY.L,2026-10-07,648.0
BN.PA,2026-10-01,57.58
BN.PA,2026-10-02,59.12
BN.PA,2026-10-05,57.76
BN.PA,2026-10-06,58.82
BN.PA,2026-10-07,58.7
BNKR.L,2026-10-01,153.4
BNKR.L,2026-10-02,154.8
BNKR.L,2026-10-05,155.8
BNKR.L,2026-10-06,157.0
BNKR.L,2026-10-07,155.5251
BNP.PA,2026-10-01,91.54
BNP.PA,2026-10-02,92.06
BNP.PA,2026-10-05,92.76
BNP.PA,2026-10-06,95.09
BNP.PA,2026-10-07,91.35
BNR.DE,2026-10-01,58.54
BNR.DE,2026-10-02,58.6
BNR.DE,2026-10-05,59.34
BNR.DE,2026-10-06,60.86
BNR.DE,2026-10-07,61.38
BNY,2026-09-30,144.63
BNY,2026-10-01,143.92
BNY,2026-10-02,145.4
BNY,2026-10-05,143.75
BNY,2026-10-06,143.73
BNZL.L,2026-10-01,2582.0
BNZL.L,2026-10-02,2614.0
BNZL.L,2026-10-05,2622.0
BNZL.L,2026-10-06,2668.0
BNZL.L,2026-10-07,2666.8511
BOWL.L,2026-10-01,246.0
BOWL.L,2026-10-02,248.5
BOWL.L,2026-10-05,247.5
BOWL.L,2026-10-06,246.5
BOWL.L,2026-10-07,261.0
BOY.L,2026-10-01,909.5
BOY.L,2026-10-02,910.5
BOY.L,2026-10-05,910.5
BOY.L,2026-10-06,910.0
BOY.L,2026-10-07,910.25
BP,2026-09-30,43.99
BP,2026-10-01,44.5
BP,2026-10-02,44.79
BP,2026-10-05,44.62
BP,2026-10-06,45.01
BP.L,2026-10-01,557.1
BP.L,2026-10-02,557.8
BP.L,2026-10-05,563.2
BP.L,2026-10-06,560.9
BP.L,2026-10-07,567.9
BPCR.L,2026-10-01,0.978
BPCR.L,2026-10-02,0.98
BPCR.L,2026-10-05,0.984
BPCR.L,2026-10-06,0.978
BPCR.L,2026-10-07,0.98
BPE.MI,2026-10-01,13.644
BPE.MI,2026-10-02,13.502
BPE.MI,2026-10-05,13.816
BPE.MI,2026-10-06,14.028
BPE.MI,2026-10-07,13.414
BPT.L,2026-10-01,336.8
BPT.L,2026-10-02,331.6
BPT.L,2026-10-05,333.0
BPT.L,2026-10-06,346.8
BPT.L,2026-10-07,358.0
BR,2026-09-30,161.1
BR,2026-10-01,161.15
BR,2026-10-02,156.93
BR,2026-10-05,159.08
BR,2026-10-06,158.66
BRBY.L,2026-10-01,1015.0
BRBY.L,2026-10-02,1010.5
BRBY.L,2026-10-05,1003.5
BRBY.L,2026-10-06,1031.5
BRBY.L,2026-10-07,1007.0
BREE.L,2026-10-01,317.0
BREE.L,2026-10-02,314.0
BREE.L,2026-10-05,311.2
BREE.L,2026-10-06,309.0
BREE.L,2026-10-07,307.08
BRGE.L,2026-10-01,582.0
BRGE.L,2026-10-02,585.0
BRGE.L,2026-10-05,587.0
BRGE.L,2026-10-06,589.0
BRGE.L,2026-10-07,576.2918
BRK-B,2026-09-30,497.95
BRK-B,2026-10-01,500.5
BRK-B,2026-10-02,502.65
BRK-B,2026-10-05,504.26
BRK-B,2026-10-06,505.54
BRO,2026-09-30,60.9
BRO,2026-10-01,61.77
BRO,2026-10-02,59.91
BRO,2026-10-05,60.93
BRO,2026-10-06,60.97
BRSC.L,2026-10-01,262.0
BRSC.L,2026-10-02,263.0
BRSC.L,2026-10-05,263.0
BRSC.L,2026-10-06,264.5
BRSC.L,2026-10-07,264.0
BRWM.L,2026-10-01,932.0
BRWM.L,2026-10-02,939.0
BRWM.L,2026-10-05,946.0
BRWM.L,2026-10-06,946.0
BRWM.L,2026-10-07,933.0
BSX,2026-09-30,43.65
BSX,2026-10-01,43.23
BSX,2026-10-02,42.6
BSX,2026-10-05,42.4
BSX,2026-10-06,42.19
BT-A.L,2026-10-01,190.85
BT-A.L,2026-10-02,196.3
BT-A.L,2026-10-05,199.0
BT-A.L,2026-10-06,195.25
BT-A.L,2026-10-07,198.35
BTI,2026-09-30,54.4
BTI,2026-10-01,53.19
BTI,2026-10-02,52.64
BTI,2026-10-05,52.88
BTI,2026-10-06,53.01
BTRW.L,2026-10-01,317.7
BTRW.L,2026-10-02,318.2
BTRW.L,2026-10-05,308.9
BTRW.L,2026-10-06,309.2
BTRW.L,2026-10-07,304.6
BUD,2026-09-30,73.47
BUD,2026-10-01,73.02
BUD,2026-10-02,73.43
BUD,2026-10-05,74.82
BUD,2026-10-06,75.62
BUT.L,2026-10-01,1538.0
BUT.L,2026-10-02,1558.0
BUT.L,2026-10-05,1554.0
BUT.L,2026-10-06,1570.0
BUT.L,2026-10-07,1562.2365
BVI.PA,2026-10-01,26.6
BVI.PA,2026-10-02,26.57
BVI.PA,2026-10-05,26.33
BVI.PA,2026-10-06,26.18
BVI.PA,2026-10-07,26.17
BWY.L,2026-10-01,2094.0
BWY.L,2026-10-02,2104.0
BWY.L,2026-10-05,2038.0
BWY.L,2026-10-06,2044.0
BWY.L,2026-10-07,2026.0
BX,2026-09-30,112.09
BX,2026-10-01,112.24
BX,2026-10-02,111.75
BX,2026-10-05,111.65
BX,2026-10-06,113.36
BXP,2026-09-30,61.11
BXP,2026-10-01,60.24
BXP,2026-10-02,60.45
BXP,2026-10-05,59.37
BXP,2026-10-06,59.79
BYG.L,2026-10-01,798.0
BYG.L,2026-10-02,797.5
BYG.L,2026-10-05,800.5
BYG.L,2026-10-06,820.0
BYG.L,2026-10-07,810.0
BYIT.L,2026-10-01,446.0
BYIT.L,2026-10-02,445.0
BYIT.L,2026-10-05,447.8
BYIT.L,2026-10-06,444.8
BYIT.L,2026-10-07,440.2
BZU.MI,2026-10-01,37.27
BZU.MI,2026-10-02,37.86
BZU.MI,2026-10-05,37.49
BZU.MI,2026-10-06,37.76
BZU.MI,2026-10-07,37.36
C,2026-09-30,129.48
C,2026-10-01,127.0
C,2026-10-02,128.5
C,2026-10-05,128.55
C,2026-10-06,128.52
CA.PA,2026-10-01,15.65
CA.PA,2026-10-02,15.325
CA.PA,2026-10-05,15.5
CA.PA,2026-10-06,15.695
CA.PA,2026-10-07,15.795
CAH,2026-09-30,222.5
CAH,2026-10-01,230.09
CAH,2026-10-02,228.3
CAH,2026-10-05,233.12
CAH,2026-10-06,233.44
CAP.PA,2026-10-01,112.1
CAP.PA,2026-10-02,108.9
CAP.PA,2026-10-05,108.4
CAP.PA,2026-10-06,109.95
CAP.PA,2026-10-07,109.7
CARR,2026-09-30,54.86
CARR,2026-10-01,55.22
CARR,2026-10-02,55.12
CARR,2026-10-05,55.73
CARR,2026-10-06,56.1
CASY,2026-09-30,608.46
CASY,2026-10-01,619.5
CASY,2026-10-02,617.76
CASY,2026-10-05,617.33
CASY,2026-10-06,620.8
CAT,2026-09-30,810.79
CAT,2026-10-01,826.35
CAT,2026-10-02,845.42
CAT,2026-10-05,848.14
CAT,2026-10-06,863.44
CB,2026-09-30,325.25
CB,2026-10-01,331.3
CB,2026-10-02,330.89
CB,2026-10-05,330.49
CB,2026-10-06,334.21
CBG.L,2026-10-01,397.8
CBG.L,2026-10-02,399.0
CBG.L,2026-10-05,395.0
CBG.L,2026-10-06,395.2
CBG.L,2026-10-07,387.4
CBK.DE,2026-10-01,39.4
CBK.DE,2026-10-02,39.15
CBK.DE,2026-10-05,39.4
CBK.DE,2026-10-06,40.04
CBK.DE,2026-10-07,38.53
CBOE,2026-09-30,275.29
CBOE,2026-10-01,277.19
CBOE,2026-10-02,271.26
CBOE,2026-10-05,277.47
CBOE,2026-10-06,278.2
CBRE,2026-09-30,128.47
CBRE,2026-10-01,130.53
CBRE,2026-10-02,129.58
CBRE,2026-10-05,129.4
CBRE,2026-10-06,130.66
CCC.L,2026-10-01,5470.0
CCC.L,2026-10-02,5405.0
CCC.L,2026-10-05,5420.0
CCC.L,2026-10-06,5430.0
CCC.L,2026-10-07,5455.0
CCEP.L,2026-10-01,7650.0
CCEP.L,2026-10-02,7675.0
CCEP.L,2026-10-05,7600.0
CCEP.L,2026-10-06,7730.0
CCEP.L,2026-10-07,7720.0
CCH.L,2026-10-01,4206.0
CCH.L,2026-10-02,4242.0
CCH.L,2026-10-05,4254.0
CCH.L,2026-10-06,4236.0
CCH.L,2026-10-07,4240.0
CCI,2026-09-30,66.65
CCI,2026-10-01,66.12
CCI,2026-10-02,66.44
CCI,2026-10-05,67.58
CCI,2026-10-06,68.28
CCL,2026-09-30,24.54
CCL,2026-10-01,25.07
CCL,2026-10-02,25.76
CCL,2026-10-05,25.56
CCL,2026-10-06,26.58
CDNS,2026-09-30,330.19
CDNS,2026-10-01,350.73
CDNS,2026-10-02,351.35
CDNS,2026-10-05,353.48
CDNS,2026-10-06,359.55
CDW,2026-09-30,128.16
CDW,2026-10-01,135.83
CDW,2026-10-02,133.29
CDW,2026-10-05,133.92
CDW,2026-10-06,135.67
CEG,2026-09-30,254.02
CEG,2026-10-01,258.92
CEG,2026-10-02,257.49
CEG,2026-10-05,267.62
CEG,2026-10-06,300.4
CF,2026-09-30,115.2
CF,2026-10-01,114.54
CF,2026-10-02,115.01
CF,2026-10-05,116.02
CF,2026-10-06,116.02
CFG,2026-09-30,63.76
CFG,2026-10-01,63.7
CFG,2026-10-02,64.33
CFG,2026-10-05,64.31
CFG,2026-10-06,64.09
CGT.L,2026-10-01,511.0
CGT.L,2026-10-02,511.0
CGT.L,2026-10-05,512.0
CGT.L,2026-10-06,516.0
CGT.L,2026-10-07,514.1454
CHD,2026-09-30,94.22
CHD,2026-10-01,94.11
CHD,2026-10-02,94.31
CHD,2026-10-05,95.66
CHD,2026-10-06,96.54
CHG.L,2026-10-01,540.0
CHG.L,2026-10-02,529.0
CHG.L,2026-10-05,532.0
CHG.L,2026-10-06,508.5
CHG.L,2026-10-07,511.5
CHRW,2026-09-30,147.96
CHRW,2026-10-01,153.14
CHRW,2026-10-02,157.72
CHRW,2026-10-05,140.61
CHRW,2026-10-06,135.05
CHTR,2026-09-30,110.9
CHTR,2026-10-01,111.37
CHTR,2026-10-02,109.29
CHTR,2026-10-05,107.77
CHTR,2026-10-06,108.64
CI,2026-09-30,271.83
CI,2026-10-01,267.96
CI,2026-10-02,270.53
CI,2026-10-05,271.29
CI,2026-10-06,274.37
CIEN,2026-09-30,351.82
CIEN,2026-10-01,379.14
CIEN,2026-10-02,391.34
CIEN,2026-10-05,389.69
CIEN,2026-10-06,443.65
CINF,2026-09-30,159.37
CINF,2026-10-01,162.15
CINF,2026-10-02,161.95
CINF,2026-10-05,162.14
CINF,2026-10-06,163.08
CKN.L,2026-10-01,4972.0
CKN.L,2026-10-02,5030.0
CKN.L,2026-10-05,5050.0
CKN.L,2026-10-06,5160.0
CKN.L,2026-10-07,5179.0688
CL,2026-09-30,85.32
CL,2026-10-01,84.53
CL,2026-10-02,84.26
CL,2026-10-05,86.19
CL,2026-10-06,87.25
CLDN.L,2026-10-01,379.5
CLDN.L,2026-10-02,385.0
CLDN.L,2026-10-05,385.0
CLDN.L,2026-10-06,388.5
CLDN.L,2026-10-07,382.824
CLX,2026-09-30,81.01
CLX,2026-10-01,80.65
CLX,2026-10-02,80.41
CLX,2026-10-05,82.01
CLX,2026-10-06,83.52
CMCSA,2026-09-30,21.76
CMCSA,2026-10-01,21.7
CMCSA,2026-10-02,21.57
CMCSA,2026-10-05,21.57
CMCSA,2026-10-06,21.56
CMCX.L,2026-10-01,658.0
CMCX.L,2026-10-02,632.0
CMCX.L,2026-10-05,674.0
CMCX.L,2026-10-06,679.0
CMCX.L,2026-10-07,654.0
CME,2026-09-30,261.98
CME,2026-10-01,265.1
CME,2026-10-02,263.14
CME,2026-10-05,270.03
CME,2026-10-06,270.18
CMG,2026-09-30,31.95
CMG,2026-10-01,32.32
CMG,2026-10-02,32.36
CMG,2026-10-05,30.85
CMG,2026-10-06,30.9
CMI,2026-09-30,516.57
CMI,2026-10-01,517.0
CMI,2026-10-02,528.32
CMI,2026-10-05,523.37
CMI,2026-10-06,535.31
CMS,2026-09-30,63.08
CMS,2026-10-01,63.64
CMS,2026-10-02,63.74
CMS,2026-10-05,64.03
CMS,2026-10-06,65.07
CNA.L,2026-10-01,147.25
CNA.L,2026-10-02,149.05
CNA.L,2026-10-05,148.25
CNA.L,2026-10-06,147.7
CNA.L,2026-10-07,145.7
CNC,2026-09-30,62.12
CNC,2026-10-01,60.99
CNC,2026-10-02,62.99
CNC,2026-10-05,64.3
CNC,2026-10-06,64.61
CNP,2026-09-30,36.8
CNP,2026-10-01,37.21
CNP,2026-10-02,37.79
CNP,2026-10-05,37.75
CNP,2026-10-06,38.56
COA.L,2026-10-01,81.6
COA.L,2026-10-02,80.45
COA.L,2026-10-05,80.8
COA.L,2026-10-06,81.1
COA.L,2026-10-07,81.55
COF,2026-09-30,193.07
COF,2026-10-01,194.48
COF,2026-10-02,194.72
COF,2026-10-05,195.14
COF,2026-10-06,195.82
COHR,2026-09-30,287.81
COHR,2026-10-01,319.19
COHR,2026-10-02,337.04
COHR,2026-10-05,333.64
COHR,2026-10-06,338.36
COIN,2026-09-30,186.41
COIN,2026-10-01,189.29
COIN,2026-10-02,183.0
COIN,2026-10-05,188.22
COIN,2026-10-06,185.74
CON.DE,2026-10-01,67.4
CON.DE,2026-10-02,68.1
CON.DE,2026-10-05,69.0
CON.DE,2026-10-06,70.94
CON.DE,2026-10-07,71.24
COO,2026-09-30,56.53
COO,2026-10-01,57.41
COO,2026-10-02,56.91
COO,2026-10-05,56.77
COO,2026-10-06,56.43
COP,2026-09-30,125.15
COP,2026-10-01,127.06
COP,2026-10-02,126.75
COP,2026-10-05,128.4
COP,2026-10-06,129.35
COR,2026-09-30,300.25
COR,2026-10-01,309.78
COR,2026-10-02,309.05
COR,2026-10-05,314.93
COR,2026-10-06,316.37
CORD.L,2026-10-01,123.0
CORD.L,2026-10-02,122.5
CORD.L,2026-10-05,120.5
CORD.L,2026-10-06,119.5
CORD.L,2026-10-07,118.5
COST,2026-09-30,910.34
COST,2026-10-01,914.94
COST,2026-10-02,920.65
COST,2026-10-05,923.52
COST,2026-10-06,935.68
COST.L,2026-10-01,257.5
COST.L,2026-10-02,262.0
COST.L,2026-10-05,254.0
COST.L,2026-10-06,253.5
COST.L,2026-10-07,249.5
CPAY,2026-09-30,388.6
CPAY,2026-10-01,389.73
CPAY,2026-10-02,394.6
CPAY,2026-10-05,401.72
CPAY,2026-10-06,406.79
CPG.L,2026-10-01,29.18
CPG.L,2026-10-02,29.73
CPG.L,2026-10-05,29.63
CPG.L,2026-10-06,30.0
CPG.L,2026-10-07,30.47
CPR.MI,2026-10-01,6.018
CPR.MI,2026-10-02,6.036
CPR.MI,2026-10-05,6.032
CPR.MI,2026-10-06,6.086
CPR.MI,2026-10-07,6.08
CPRT,2026-09-30,27.28
CPRT,2026-10-01,27.29
CPRT,2026-10-02,27.22
CPRT,2026-10-05,27.65
CPRT,2026-10-06,26.82
CPT,2026-09-30,96.73
CPT,2026-10-01,96.62
CPT,2026-10-02,95.96
CPT,2026-10-05,97.37
CPT,2026-10-06,97.65
CRDA.L,2026-10-01,3274.0
CRDA.L,2026-10-02,3278.0
CRDA.L,2026-10-05,3293.0
CRDA.L,2026-10-06,3347.0
CRDA.L,2026-10-07,3335.0
CRH,2026-09-30,82.8
CRH,2026-10-01,81.7
CRH,2026-10-02,81.94
CRH,2026-10-05,82.65
CRH,2026-10-06,83.6
CRL,2026-09-30,295.01
CRL,2026-10-01,286.83
CRL,2026-10-02,290.19
CRL,2026-10-05,310.77
CRL,2026-10-06,304.96
CRM,2026-09-30,229.57
CRM,2026-10-01,236.69
CRM,2026-10-02,234.69
CRM,2026-10-05,229.79
CRM,2026-10-06,224.99
CRWD,2026-09-30,264.75
CRWD,2026-10-01,266.09
CRWD,2026-10-02,270.04
CRWD,2026-10-05,272.67
CRWD,2026-10-06,278.86
CS.PA,2026-10-01,41.9
CS.PA,2026-10-02,42.07
CS.PA,2026-10-05,42.15
CS.PA,2026-10-06,42.77
CS.PA,2026-10-07,41.93
CSCO,2026-09-30,107.63
CSCO,2026-10-01,108.76
CSCO,2026-10-02,112.2
CSCO,2026-10-05,112.82
CSCO,2026-10-06,117.94
CSGP,2026-09-30,27.4
CSGP,2026-10-01,27.72
CSGP,2026-10-02,27.38
CSGP,2026-10-05,27.66
CSGP,2026-10-06,27.63
CSN.L,2026-10-01,340.5
CSN.L,2026-10-02,338.5
CSN.L,2026-10-05,334.5
CSN.L,2026-10-06,332.5
CSN.L,2026-10-07,329.7601
CSX,2026-09-30,46.51
CSX,2026-10-01,46.54
CSX,2026-10-02,47.43
CSX,2026-10-05,47.43
CSX,2026-10-06,47.5
CTAS,2026-09-30,195.06
CTAS,2026-10-01,195.6
CTAS,2026-10-02,193.02
CTAS,2026-10-05,195.4
CTAS,2026-10-06,195.96
CTEC.L,2026-10-01,216.8
CTEC.L,2026-10-02,216.6
CTEC.L,2026-10-05,218.0
CTEC.L,2026-10-06,218.4
CTEC.L,2026-10-07,217.8
CTSH,2026-09-30,57.44
CTSH,2026-10-01,60.88
CTSH,2026-10-02,58.51
CTSH,2026-10-05,58.17
CTSH,2026-10-06,57.22
CTVA,2026-09-30,77.65
CTVA,2026-10-01,12.57
CTVA,2026-10-02,11.92
CTVA,2026-10-05,12.39
CTVA,2026-10-06,13.91
CTY.L,2026-10-01,567.0
CTY.L,2026-10-02,567.0
CTY.L,2026-10-05,567.0
CTY.L,2026-10-06,570.0
CTY.L,2026-10-07,566.0
CURY.L,2026-10-01,145.7
CURY.L,2026-10-02,146.8
CURY.L,2026-10-05,146.1
CURY.L,2026-10-06,144.9
CURY.L,2026-10-07,146.7
CVNA,2026-09-30,62.54
CVNA,2026-10-01,63.04
CVNA,2026-10-02,63.77
CVNA,2026-10-05,63.72
CVNA,2026-10-06,63.88
CVS,2026-09-30,85.69
CVS,2026-10-01,85.2
CVS,2026-10-02,86.46
CVS,2026-10-05,87.01
CVS,2026-10-06,86.43
CVSG.L,2026-10-01,1160.0
CVSG.L,2026-10-02,1140.0
CVSG.L,2026-10-05,1150.0
CVSG.L,2026-10-06,1170.0
CVSG.L,2026-10-07,1171.0
CVX,2026-09-30,204.21
CVX,2026-10-01,207.1
CVX,2026-10-02,206.69
CVX,2026-10-05,206.47
CVX,2026-10-06,207.58
CWK.L,2026-10-01,5030.0
CWK.L,2026-10-02,5000.0
CWK.L,2026-10-05,4955.0
CWK.L,2026-10-06,4980.0
CWK.L,2026-10-07,4990.9902
CWR.L,2026-10-01,412.6
CWR.L,2026-10-02,430.0
CWR.L,2026-10-05,415.0
CWR.L,2026-10-06,411.6
CWR.L,2026-10-07,389.2
D,2026-09-30,60.52
D,2026-10-01,60.76
D,2026-10-02,61.31
D,2026-10-05,61.02
D,2026-10-06,62.0
DAL,2026-09-30,83.46
DAL,2026-10-01,84.13
DAL,2026-10-02,84.09
DAL,2026-10-05,83.08
DAL,2026-10-06,83.66
DASH,2026-09-30,183.55
DASH,2026-10-01,182.175
DASH,2026-10-02,189.15
DASH,2026-10-05,191.77
DASH,2026-10-06,193.62
DASTY,2026-09-30,22.92
DASTY,2026-10-01,23.12
DASTY,2026-10-02,23.19
DASTY,2026-10-05,24.09
DASTY,2026-10-06,24.12
DATA.L,2026-10-01,60.1
DATA.L,2026-10-02,59.3
DATA.L,2026-10-05,59.7
DATA.L,2026-10-06,59.8
DATA.L,2026-10-07,60.0
DB,2026-09-30,35.89
DB,2026-10-01,35.13
DB,2026-10-02,34.97
DB,2026-10-05,34.97
DB,2026-10-06,35.13
DB1.DE,2026-10-01,286.7
DB1.DE,2026-10-02,287.3
DB1.DE,2026-10-05,289.7
DB1.DE,2026-10-06,295.3
DB1.DE,2026-10-07,291.9
DBK.DE,2026-10-01,31.03
DBK.DE,2026-10-02,30.94
DBK.DE,2026-10-05,31.28
DBK.DE,2026-10-06,31.405
DBK.DE,2026-10-07,29.675
DCC.L,2026-10-01,6430.0
DCC.L,2026-10-02,6435.0
DCC.L,2026-10-05,6440.0
DCC.L,2026-10-06,6440.0
DCC.L,2026-10-07,6445.0
DD,2026-09-30,129.89
DD,2026-10-01,129.2
DD,2026-10-02,129.98
DD,2026-10-05,130.69
DD,2026-10-06,133.28
DDOG,2026-09-30,273.85
DDOG,2026-10-01,276.46
DDOG,2026-10-02,277.22
DDOG,2026-10-05,276.415
DDOG,2026-10-06,278.24
DE,2026-09-30,671.55
DE,2026-10-01,667.26
DE,2026-10-02,687.0
DE,2026-10-05,682.2
DE,2026-10-06,682.79
DECK,2026-09-30,78.14
DECK,2026-10-01,79.57
DECK,2026-10-02,79.12
DECK,2026-10-05,80.21
DECK,2026-10-06,81.66
DELL,2026-09-30,537.95
DELL,2026-10-01,541.74
DELL,2026-10-02,562.52
DELL,2026-10-05,552.29
DELL,2026-10-06,574.0
DEO,2026-09-30,85.6
DEO,2026-10-01,84.42
DEO,2026-10-02,84.75
DEO,2026-10-05,83.97
DEO,2026-10-06,84.78
DG,2026-09-30,119.58
DG,2026-10-01,118.93
DG,2026-10-02,118.94
DG,2026-10-05,119.32
DG,2026-10-06,123.27
DG.PA,2026-10-01,105.6
DG.PA,2026-10-02,106.8
DG.PA,2026-10-05,106.15
DG.PA,2026-10-06,109.25
DG.PA,2026-10-07,108.05
DGE.L,2026-10-01,1598.0
DGE.L,2026-10-02,1601.5
DGE.L,2026-10-05,1575.5
DGE.L,2026-10-06,1603.5
DGE.L,2026-10-07,1597.0
DGX,2026-09-30,233.07
DGX,2026-10-01,231.09
DGX,2026-10-02,233.33
DGX,2026-10-05,232.22
DGX,2026-10-06,228.39
DHI,2026-09-30,136.65
DHI,2026-10-01,137.06
DHI,2026-10-02,135.0
DHI,2026-10-05,133.23
DHI,2026-10-06,136.75
DHL.DE,2026-10-01,55.74
DHL.DE,2026-10-02,56.72
DHL.DE,2026-10-05,55.92
DHL.DE,2026-10-06,56.16
DHL.DE,2026-10-07,55.38
DHR,2026-09-30,221.55
DHR,2026-10-01,211.76
DHR,2026-10-02,214.06
DHR,2026-10-05,221.21
DHR,2026-10-06,215.61
DIA.MI,2026-10-01,74.0
DIA.MI,2026-10-02,74.9
DIA.MI,2026-10-05,75.92
DIA.MI,2026-10-06,76.94
DIA.MI,2026-10-07,77.76
DIS,2026-09-30,104.9
DIS,2026-10-01,101.33
DIS,2026-10-02,102.19
DIS,2026-10-05,103.61
DIS,2026-10-06,104.03
DLN.L,2026-10-01,1767.0
DLN.L,2026-10-02,1778.0
DLN.L,2026-10-05,1764.0
DLN.L,2026-10-06,1795.0
DLN.L,2026-10-07,1784.0
DLR,2026-09-30,175.53
DLR,2026-10-01,176.49
DLR,2026-10-02,178.55
DLR,2026-10-05,179.87
DLR,2026-10-06,184.65
DLTR,2026-09-30,114.02
DLTR,2026-10-01,114.43
DLTR,2026-10-02,112.16
DLTR,2026-10-05,113.19
DLTR,2026-10-06,116.19
DNLM.L,2026-10-01,778.0
DNLM.L,2026-10-02,780.0
DNLM.L,2026-10-05,775.5
DNLM.L,2026-10-06,780.5
DNLM.L,2026-10-07,786.5
DOC,2026-09-30,19.97
DOC,2026-10-01,19.44
DOC,2026-10-02,19.49
DOC,2026-10-05,18.84
DOC,2026-10-06,19.0
DOCS.L,2026-10-01,67.1
DOCS.L,2026-10-02,66.6
DOCS.L,2026-10-05,66.2
DOCS.L,2026-10-06,66.2
DOCS.L,2026-10-07,68.003
DOM.L,2026-10-01,211.6
DOM.L,2026-10-02,213.4
DOM.L,2026-10-05,212.4
DOM.L,2026-10-06,222.6
DOM.L,2026-10-07,223.354
DOV,2026-09-30,187.05
DOV,2026-10-01,188.06
DOV,2026-10-02,189.69
DOV,2026-10-05,191.3
DOV,2026-10-06,191.88
DOW,2026-09-30,27.54
DOW,2026-10-01,27.59
DOW,2026-10-02,27.97
DOW,2026-10-05,28.51
DOW,2026-10-06,28.16
DPLM.L,2026-10-01,7690.0
DPLM.L,2026-10-02,7775.0
DPLM.L,2026-10-05,7870.0
DPLM.L,2026-10-06,7860.0
DPLM.L,2026-10-07,7775.0
DPZ,2026-09-30,299.61
DPZ,2026-10-01,295.0
DPZ,2026-10-02,297.62
DPZ,2026-10-05,297.27
DPZ,2026-10-06,302.87
DRI,2026-09-30,193.25
DRI,2026-10-01,197.41
DRI,2026-10-02,200.33
DRI,2026-10-05,199.72
DRI,2026-10-06,203.14
DRX.L,2026-10-01,804.5
DRX.L,2026-10-02,812.0
DRX.L,2026-10-05,809.0
DRX.L,2026-10-06,780.0
DRX.L,2026-10-07,773.5
DSCV.L,2026-10-01,825.0
DSCV.L,2026-10-02,850.0
DSCV.L,2026-10-05,858.0
DSCV.L,2026-10-06,865.0
DSCV.L,2026-10-07,853.0
DSY.PA,2026-10-01,20.57
DSY.PA,2026-10-02,20.63
DSY.PA,2026-10-05,21.4
DSY.PA,2026-10-06,21.51
DSY.PA,2026-10-07,21.49
DTE,2026-09-30,121.8
DTE,2026-10-01,123.27
DTE,2026-10-02,124.45
DTE,2026-10-05,125.04
DTE,2026-10-06,128.22
DTE.DE,2026-10-01,26.07
DTE.DE,2026-10-02,26.56
DTE.DE,2026-10-05,26.83
DTE.DE,2026-10-06,26.41
DTE.DE,2026-10-07,26.84
DTG.DE,2026-10-01,41.51
DTG.DE,2026-10-02,40.68
DTG.DE,2026-10-05,41.08
DTG.DE,2026-10-06,40.91
DTG.DE,2026-10-07,40.7
DUK,2026-09-30,114.01
DUK,2026-10-01,113.74
DUK,2026-10-02,114.13
DUK,2026-10-05,113.84
DUK,2026-10-06,115.66
DVA,2026-09-30,174.92
DVA,2026-10-01,176.35
DVA,2026-10-02,178.69
DVA,2026-10-05,178.72
DVA,2026-10-06,180.4
DVN,2026-09-30,46.04
DVN,2026-10-01,47.16
DVN,2026-10-02,47.65
DVN,2026-10-05,47.98
DVN,2026-10-06,48.02
DXCM,2026-09-30,86.29
DXCM,2026-10-01,86.23
DXCM,2026-10-02,85.36
DXCM,2026-10-05,86.9
DXCM,2026-10-06,83.39
E,2026-09-30,54.3
E,2026-10-01,54.39
E,2026-10-02,54.73
E,2026-10-05,54.64
E,2026-10-06,54.55
EBAY,2026-09-30,106.05
EBAY,2026-10-01,105.89
EBAY,2026-10-02,106.4
EBAY,2026-10-05,107.14
EBAY,2026-10-06,107.06
ECHO,2026-09-30,89.41
ECHO,2026-10-01,88.25
ECHO,2026-10-02,94.25
ECHO,2026-10-05,98.21
ECHO,2026-10-06,100.01
ECL,2026-09-30,274.58
ECL,2026-10-01,271.26
ECL,2026-10-02,273.7
ECL,2026-10-05,277.07
ECL,2026-10-06,280.82
ED,2026-09-30,102.21
ED,2026-10-01,103.5
ED,2026-10-02,103.39
ED,2026-10-05,103.38
ED,2026-10-06,105.12
EDEN.PA,2026-10-01,26.84
EDEN.PA,2026-10-02,27.1
EDEN.PA,2026-10-05,27.25
EDEN.PA,2026-10-06,27.61
EDEN.PA,2026-10-07,27.77
EDIN.L,2026-10-01,813.0
EDIN.L,2026-10-02,814.0
EDIN.L,2026-10-05,816.0
EDIN.L,2026-10-06,823.0
EDIN.L,2026-10-07,819.7
EDV.L,2026-10-01,4244.0
EDV.L,2026-10-02,4250.0
EDV.L,2026-10-05,4250.0
EDV.L,2026-10-06,4208.0
EDV.L,2026-10-07,4132.0
EFX,2026-09-30,137.24
EFX,2026-10-01,139.73
EFX,2026-10-02,140.0
EFX,2026-10-05,142.6
EFX,2026-10-06,142.48
EG,2026-09-30,365.17
EG,2026-10-01,368.72
EG,2026-10-02,368.27
EG,2026-10-05,366.81
EG,2026-10-06,366.84
EIX,2026-09-30,53.73
EIX,2026-10-01,53.8
EIX,2026-10-02,53.89
EIX,2026-10-05,54.24
EIX,2026-10-06,54.25
EL,2026-09-30,92.77
EL,2026-10-01,90.19
EL,2026-10-02,91.97
EL,2026-10-05,93.3
EL,2026-10-06,93.36
EL.PA,2026-10-01,144.6
EL.PA,2026-10-02,142.8
EL.PA,2026-10-05,144.5
EL.PA,2026-10-06,146.7
EL.PA,2026-10-07,145.85
ELM.L,2026-10-01,175.0
ELM.L,2026-10-02,176.6
ELM.L,2026-10-05,179.4
ELM.L,2026-10-06,180.6
ELM.L,2026-10-07,181.0
ELV,2026-09-30,388.82
ELV,2026-10-01,381.67
ELV,2026-10-02,386.43
ELV,2026-10-05,394.51
ELV,2026-10-06,400.09
EME,2026-09-30,754.49
EME,2026-10-01,769.03
EME,2026-10-02,786.61
EME,2026-10-05,779.2
EME,2026-10-06,824.52
EMG.L,2026-10-01,316.4
EMG.L,2026-10-02,322.2
EMG.L,2026-10-05,321.4
EMG.L,2026-10-06,335.2
EMG.L,2026-10-07,332.2
EMR,2026-09-30,155.1
EMR,2026-10-01,158.57
EMR,2026-10-02,161.61
EMR,2026-10-05,162.33
EMR,2026-10-06,161.4
EN.PA,2026-10-01,40.87
EN.PA,2026-10-02,40.7
EN.PA,2026-10-05,40.65
EN.PA,2026-10-06,41.23
EN.PA,2026-10-07,40.73
ENEL.MI,2026-10-01,8.668
ENEL.MI,2026-10-02,8.799
ENEL.MI,2026-10-05,8.75
ENEL.MI,2026-10-06,8.836
ENEL.MI,2026-10-07,8.725
ENGI.PA,2026-10-01,22.52
ENGI.PA,2026-10-02,22.78
ENGI.PA,2026-10-05,22.87
ENGI.PA,2026-10-06,23.45
ENGI.PA,2026-10-07,22.82
ENI.MI,2026-10-01,24.03
ENI.MI,2026-10-02,24.19
ENI.MI,2026-10-05,24.41
ENI.MI,2026-10-06,24.135
ENI.MI,2026-10-07,24.405
ENOG.L,2026-10-01,702.5
ENOG.L,2026-10-02,696.0
ENOG.L,2026-10-05,711.5
ENOG.L,2026-10-06,696.5
ENOG.L,2026-10-07,700.0
ENR.DE,2026-10-01,142.52
ENR.DE,2026-10-02,145.42
ENR.DE,2026-10-05,145.46
ENR.DE,2026-10-06,147.44
ENR.DE,2026-10-07,142.98
ENT.L,2026-10-01,411.0
ENT.L,2026-10-02,413.4
ENT.L,2026-10-05,424.1
ENT.L,2026-10-06,425.7
ENT.L,2026-10-07,421.6
EOAN.DE,2026-10-01,16.765
EOAN.DE,2026-10-02,17.02
EOAN.DE,2026-10-05,16.965
EOAN.DE,2026-10-06,17.135
EOAN.DE,2026-10-07,16.845
EOG,2026-09-30,137.76
EOG,2026-10-01,141.31
EOG,2026-10-02,141.38
EOG,2026-10-05,144.08
EOG,2026-10-06,144.28
EQIX,2026-09-30,1011.58
EQIX,2026-10-01,1012.33
EQIX,2026-10-02,1025.72
EQIX,2026-10-05,1023.44
EQIX,2026-10-06,1047.36
EQT,2026-09-30,48.56
EQT,2026-10-01,50.09
EQT,2026-10-02,50.17
EQT,2026-10-05,51.12
EQT,2026-10-06,52.47
ERF.PA,2026-10-01,74.54
ERF.PA,2026-10-02,74.86
ERF.PA,2026-10-05,75.54
ERF.PA,2026-10-06,76.14
ERF.PA,2026-10-07,76.2
ERIE,2026-09-30,219.15
ERIE,2026-10-01,222.11
ERIE,2026-10-02,221.09
ERIE,2026-10-05,221.46
ERIE,2026-10-06,223.22
ES,2026-09-30,64.16
ES,2026-10-01,64.31
ES,2026-10-02,64.5
ES,2026-10-05,64.69
ES,2026-10-06,65.26
ESCT.L,2026-10-01,231.0
ESCT.L,2026-10-02,231.0
ESCT.L,2026-10-05,230.0
ESCT.L,2026-10-06,231.0
ESCT.L,2026-10-07,227.8
ESS,2026-09-30,269.39
ESS,2026-10-01,269.51
ESS,2026-10-02,268.65
ESS,2026-10-05,271.93
ESS,2026-10-06,272.49
ETN,2026-09-30,429.71
ETN,2026-10-01,437.28
ETN,2026-10-02,436.11
ETN,2026-10-05,432.6
ETN,2026-10-06,445.09
ETR,2026-09-30,99.26
ETR,2026-10-01,100.4
ETR,2026-10-02,100.91
ETR,2026-10-05,100.82
ETR,2026-10-06,103.25
EVRG,2026-09-30,78.44
EVRG,2026-10-01,78.79
EVRG,2026-10-02,79.17
EVRG,2026-10-05,79.09
EVRG,2026-10-06,80.35
EW,2026-09-30,86.32
EW,2026-10-01,85.19
EW,2026-10-02,85.15
EW,2026-10-05,87.23
EW,2026-10-06,86.48
EWG.L,2026-10-01,93.3
EWG.L,2026-10-02,96.4
EWG.L,2026-10-05,95.3
EWG.L,2026-10-06,99.3
EWG.L,2026-10-07,97.2
EWI.L,2026-10-01,280.0
EWI.L,2026-10-02,281.0
EWI.L,2026-10-05,285.0
EWI.L,2026-10-06,288.0
EWI.L,2026-10-07,282.5
EXC,2026-09-30,40.4
EXC,2026-10-01,40.47
EXC,2026-10-02,40.73
EXC,2026-10-05,40.82
EXC,2026-10-06,41.68
EXE,2026-09-30,84.09
EXE,2026-10-01,85.96
EXE,2026-10-02,85.52
EXE,2026-10-05,86.43
EXE,2026-10-06,88.23
EXPD,2026-09-30,184.64
EXPD,2026-10-01,187.74
EXPD,2026-10-02,192.47
EXPD,2026-10-05,194.12
EXPD,2026-10-06,191.8
EXPE,2026-09-30,263.36
EXPE,2026-10-01,262.67
EXPE,2026-10-02,265.0
EXPE,2026-10-05,260.17
EXPE,2026-10-06,260.07
EXPN.L,2026-10-01,2427.0
EXPN.L,2026-10-02,2457.0
EXPN.L,2026-10-05,2466.0
EXPN.L,2026-10-06,2503.0
EXPN.L,2026-10-07,2533.0
EXR,2026-09-30,131.51
EXR,2026-10-01,133.08
EXR,2026-10-02,133.25
EXR,2026-10-05,132.91
EXR,2026-10-06,133.89
EZJ.L,2026-10-01,677.2
EZJ.L,2026-10-02,680.6
EZJ.L,2026-10-05,677.0
EZJ.L,2026-10-06,678.2
EZJ.L,2026-10-07,678.4
F,2026-09-30,12.06
F,2026-10-01,12.27
F,2026-10-02,12.1
F,2026-10-05,12.15
F,2026-10-06,12.28
FAN.L,2026-10-01,638.0
FAN.L,2026-10-02,639.0
FAN.L,2026-10-05,647.0
FAN.L,2026-10-06,660.0
FAN.L,2026-10-07,656.0
FANG,2026-09-30,183.81
FANG,2026-10-01,185.51
FANG,2026-10-02,184.71
FANG,2026-10-05,184.08
FANG,2026-10-06,184.98
FAST,2026-09-30,49.53
FAST,2026-10-01,50.23
FAST,2026-10-02,50.75
FAST,2026-10-05,50.69
FAST,2026-10-06,50.81
FBK.MI,2026-10-01,21.26
FBK.MI,2026-10-02,21.73
FBK.MI,2026-10-05,21.58
FBK.MI,2026-10-06,21.78
FBK.MI,2026-10-07,21.29
FCH.L,2026-10-01,183.4
FCH.L,2026-10-02,185.4
FCH.L,2026-10-05,188.4
FCH.L,2026-10-06,187.0
FCH.L,2026-10-07,186.2
FCIT.L,2026-10-01,343.6
FCIT.L,2026-10-02,347.0
FCIT.L,2026-10-05,348.4
FCIT.L,2026-10-06,349.8
FCIT.L,2026-10-07,347.4
FCSS.L,2026-10-01,251.5
FCSS.L,2026-10-02,247.5
FCSS.L,2026-10-05,250.0
FCSS.L,2026-10-06,247.0
FCSS.L,2026-10-07,246.4748
FCT.MI,2026-10-01,12.365
FCT.MI,2026-10-02,12.12
FCT.MI,2026-10-05,12.685
FCT.MI,2026-10-06,12.235
FCT.MI,2026-10-07,12.11
FCX,2026-09-30,70.0
FCX,2026-10-01,69.28
FCX,2026-10-02,72.04
FCX,2026-10-05,72.6
FCX,2026-10-06,72.56
FDS,2026-09-30,269.95
FDS,2026-10-01,277.61
FDS,2026-10-02,266.0
FDS,2026-10-05,276.44
FDS,2026-10-06,272.01
FDX,2026-09-30,285.09
FDX,2026-10-01,287.07
FDX,2026-10-02,290.36
FDX,2026-10-05,289.13
FDX,2026-10-06,289.03
FDXF,2026-09-30,109.38
FDXF,2026-10-01,110.67
FDXF,2026-10-02,112.89
FDXF,2026-10-05,111.58
FDXF,2026-10-06,112.1
FE,2026-09-30,43.33
FE,2026-10-01,43.39
FE,2026-10-02,43.34
FE,2026-10-05,43.64
FE,2026-10-06,44.26
FEML.L,2026-10-01,1468.0
FEML.L,2026-10-02,1500.0
FEML.L,2026-10-05,1534.0
FEML.L,2026-10-06,1542.0
FEML.L,2026-10-07,1528.0
FERG,2026-09-30,222.62
FERG,2026-10-01,221.49
FERG,2026-10-02,223.33
FERG,2026-10-05,222.93
FERG,2026-10-06,223.33
FEV.L,2026-10-01,417.5
FEV.L,2026-10-02,421.0
FEV.L,2026-10-05,419.5
FEV.L,2026-10-06,421.0
FEV.L,2026-10-07,415.7576
FFIV,2026-09-30,445.18
FFIV,2026-10-01,443.68
FFIV,2026-10-02,454.04
FFIV,2026-10-05,458.53
FFIV,2026-10-06,469.79
FGEN.L,2026-10-01,88.3
FGEN.L,2026-10-02,87.8
FGEN.L,2026-10-05,86.5
FGEN.L,2026-10-06,87.0
FGEN.L,2026-10-07,86.7
FGP.L,2026-10-01,181.1
FGP.L,2026-10-02,181.4
FGP.L,2026-10-05,186.4
FGP.L,2026-10-06,187.6
FGP.L,2026-10-07,188.5
FGT.L,2026-10-01,764.0
FGT.L,2026-10-02,763.0
FGT.L,2026-10-05,766.0
FGT.L,2026-10-06,776.0
FGT.L,2026-10-07,777.02
FICO,2026-09-30,592.47
FICO,2026-10-01,661.75
FICO,2026-10-02,661.25
FICO,2026-10-05,689.61
FICO,2026-10-06,695.46
FIS,2026-09-30,32.9
FIS,2026-10-01,33.1
FIS,2026-10-02,32.44
FIS,2026-10-05,33.58
FIS,2026-10-06,33.42
FISV,2026-09-30,45.18
FISV,2026-10-01,45.38
FISV,2026-10-02,44.36
FISV,2026-10-05,46.14
FISV,2026-10-06,45.48
FITB,2026-09-30,50.58
FITB,2026-10-01,50.41
FITB,2026-10-02,50.87
FITB,2026-10-05,50.8
FITB,2026-10-06,51.0
FIX,2026-09-30,1654.09
FIX,2026-10-01,1685.29
FIX,2026-10-02,1728.01
FIX,2026-10-05,1713.0699
FIX,2026-10-06,1817.96
FLEX,2026-09-30,109.99
FLEX,2026-10-01,112.78
FLEX,2026-10-02,116.61
FLEX,2026-10-05,116.76
FLEX,2026-10-06,121.38
FME.DE,2026-10-01,39.68
FME.DE,2026-10-02,39.55
FME.DE,2026-10-05,40.25
FME.DE,2026-10-06,40.17
FME.DE,2026-10-07,40.41
FMS,2026-09-30,22.38
FMS,2026-10-01,22.26
FMS,2026-10-02,22.25
FMS,2026-10-05,22.65
FMS,2026-10-06,22.42
FOUR.L,2026-10-01,4416.0
FOUR.L,2026-10-02,4352.0
FOUR.L,2026-10-05,4286.0
FOUR.L,2026-10-06,4326.0
FOUR.L,2026-10-07,4366.0
FOX,2026-09-30,56.3
FOX,2026-10-01,54.92
FOX,2026-10-02,55.89
FOX,2026-10-05,56.7
FOX,2026-10-06,55.58
FOXA,2026-09-30,62.65
FOXA,2026-10-01,61.28
FOXA,2026-10-02,62.28
FOXA,2026-10-05,63.33
FOXA,2026-10-06,62.08
FRAS.L,2026-10-01,811.5
FRAS.L,2026-10-02,805.0
FRAS.L,2026-10-05,809.0
FRAS.L,2026-10-06,820.0
FRAS.L,2026-10-07,843.5
FRE.DE,2026-10-01,43.8
FRE.DE,2026-10-02,43.635
FRE.DE,2026-10-05,43.865
FRE.DE,2026-10-06,43.775
FRE.DE,2026-10-07,43.84
FRES.L,2026-10-01,2680.0
FRES.L,2026-10-02,2696.0
FRES.L,2026-10-05,2742.0
FRES.L,2026-10-06,2703.0
FRES.L,2026-10-07,2686.0
FRT,2026-09-30,108.29
FRT,2026-10-01,108.03
FRT,2026-10-02,106.69
FRT,2026-10-05,105.97
FRT,2026-10-06,106.2
FSG.L,2026-10-01,464.0
FSG.L,2026-10-02,456.0
FSG.L,2026-10-05,444.0
FSG.L,2026-10-06,445.5
FSG.L,2026-10-07,450.5
FSLR,2026-09-30,175.16
FSLR,2026-10-01,172.11
FSLR,2026-10-02,174.61
FSLR,2026-10-05,176.16
FSLR,2026-10-06,179.8
FSV.L,2026-10-01,463.0
FSV.L,2026-10-02,461.5
FSV.L,2026-10-05,460.5
FSV.L,2026-10-06,462.5
FSV.L,2026-10-07,460.9954
FTNT,2026-09-30,178.76
FTNT,2026-10-01,178.72
FTNT,2026-10-02,180.95
FTNT,2026-10-05,184.13
FTNT,2026-10-06,191.27
FTSEMIB.MI,2026-10-01,50238.0
FTSEMIB.MI,2026-10-02,50483.0
FTSEMIB.MI,2026-10-05,50818.0
FTSEMIB.MI,2026-10-06,51261.0
FTSEMIB.MI,2026-10-07,50019.4609
FTV,2026-09-30,54.81
FTV,2026-10-01,55.84
FTV,2026-10-02,57.47
FTV,2026-10-05,57.38
FTV,2026-10-06,57.89
G.MI,2026-10-01,41.86
G.MI,2026-10-02,41.46
G.MI,2026-10-05,41.94
G.MI,2026-10-06,42.2
G.MI,2026-10-07,41.73
G1A.DE,2026-10-01,65.8
G1A.DE,2026-10-02,66.45
G1A.DE,2026-10-05,67.5
G1A.DE,2026-10-06,68.7
G1A.DE,2026-10-07,68.2
G24.DE,2026-10-01,67.6
G24.DE,2026-10-02,68.55
G24.DE,2026-10-05,67.8
G24.DE,2026-10-06,67.55
G24.DE,2026-10-07,68.7
GAMA.L,2026-10-01,1098.0
GAMA.L,2026-10-02,1095.0
GAMA.L,2026-10-05,1092.0
GAMA.L,2026-10-06,1091.0
GAMA.L,2026-10-07,1092.084
GAW.L,2026-10-01,16870.0
GAW.L,2026-10-02,17190.0
GAW.L,2026-10-05,16970.0
GAW.L,2026-10-06,16560.0
GAW.L,2026-10-07,16571.8672
GCP.L,2026-10-01,82.7
GCP.L,2026-10-02,82.2
GCP.L,2026-10-05,81.6
GCP.L,2026-10-06,81.9
GCP.L,2026-10-07,81.41
GD,2026-09-30,331.83
GD,2026-10-01,332.72
GD,2026-10-02,330.09
GD,2026-10-05,331.72
GD,2026-10-06,331.33
GDDY,2026-09-30,95.51
GDDY,2026-10-01,96.98
GDDY,2026-10-02,97.21
GDDY,2026-10-05,99.74
GDDY,2026-10-06,98.18
GDWN.L,2026-10-01,13500.0
GDWN.L,2026-10-02,14220.0
GDWN.L,2026-10-05,13900.0
GDWN.L,2026-10-06,13840.0
GDWN.L,2026-10-07,13900.0
GE,2026-09-30,312.29
GE,2026-10-01,312.39
GE,2026-10-02,309.56
GE,2026-10-05,306.34
GE,2026-10-06,309.39
GEHC,2026-09-30,65.37
GEHC,2026-10-01,63.98
GEHC,2026-10-02,64.29
GEHC,2026-10-05,65.74
GEHC,2026-10-06,64.77
GEN,2026-09-30,22.02
GEN,2026-10-01,22.25
GEN,2026-10-02,21.99
GEN,2026-10-05,22.28
GEN,2026-10-06,22.8
GEN.L,2026-10-01,282.0
GEN.L,2026-10-02,283.8
GEN.L,2026-10-05,285.4
GEN.L,2026-10-06,286.2
GEN.L,2026-10-07,284.2
GEV,2026-09-30,950.49
GEV,2026-10-01,987.45
GEV,2026-10-02,988.7
GEV,2026-10-05,990.0
GEV,2026-10-06,1029.21
GFRD.L,2026-10-01,706.0
GFRD.L,2026-10-02,709.0
GFRD.L,2026-10-05,693.0
GFRD.L,2026-10-06,694.0
GFRD.L,2026-10-07,696.0
GFTU.L,2026-10-01,945.2
GFTU.L,2026-10-02,934.3
GFTU.L,2026-10-05,933.5
GFTU.L,2026-10-06,941.8
GFTU.L,2026-10-07,938.0
GILD,2026-09-30,149.05
GILD,2026-10-01,147.5
GILD,2026-10-02,144.74
GILD,2026-10-05,144.63
GILD,2026-10-06,144.23
GIS,2026-09-30,32.16
GIS,2026-10-01,31.67
GIS,2026-10-02,32.01
GIS,2026-10-05,31.68
GIS,2026-10-06,32.18
GL,2026-09-30,165.65
GL,2026-10-01,165.83
GL,2026-10-02,165.68
GL,2026-10-05,165.92
GL,2026-10-06,166.28
GLE.PA,2026-10-01,66.08
GLE.PA,2026-10-02,66.3
GLE.PA,2026-10-05,65.99
GLE.PA,2026-10-06,67.31
GLE.PA,2026-10-07,63.48
GLEN.L,2026-10-01,545.3
GLEN.L,2026-10-02,561.4
GLEN.L,2026-10-05,569.3
GLEN.L,2026-10-06,573.5
GLEN.L,2026-10-07,570.5
GLW,2026-09-30,153.76
GLW,2026-10-01,160.42
GLW,2026-10-02,164.19
GLW,2026-10-05,159.37
GLW,2026-10-06,168.97
GM,2026-09-30,77.0
GM,2026-10-01,79.31
GM,2026-10-02,78.27
GM,2026-10-05,80.23
GM,2026-10-06,82.01
GNC.L,2026-10-01,249.0
GNC.L,2026-10-02,244.4
GNC.L,2026-10-05,244.0
GNC.L,2026-10-06,245.6
GNC.L,2026-10-07,247.0
GNRC,2026-09-30,206.95
GNRC,2026-10-01,207.91
GNRC,2026-10-02,216.8
GNRC,2026-10-05,215.2
GNRC,2026-10-06,223.62
GNS.L,2026-10-01,2150.0
GNS.L,2026-10-02,2144.0
GNS.L,2026-10-05,2126.0
GNS.L,2026-10-06,2114.0
GNS.L,2026-10-07,2170.0
GOOG,2026-09-30,340.74
GOOG,2026-10-01,334.93
GOOG,2026-10-02,340.35
GOOG,2026-10-05,343.83
GOOG,2026-10-06,344.59
GOOGL,2026-09-30,344.08
GOOGL,2026-10-01,338.24
GOOGL,2026-10-02,343.5
GOOGL,2026-10-05,346.47
GOOGL,2026-10-06,347.68
GPC,2026-09-30,125.74
GPC,2026-10-01,125.12
GPC,2026-10-02,127.24
GPC,2026-10-05,126.24
GPC,2026-10-06,127.38
GPE.L,2026-10-01,301.0
GPE.L,2026-10-02,307.0
GPE.L,2026-10-05,305.0
GPE.L,2026-10-06,308.6
GPE.L,2026-10-07,303.1
GPN,2026-09-30,81.67
GPN,2026-10-01,80.29
GPN,2026-10-02,78.38
GPN,2026-10-05,82.18
GPN,2026-10-06,81.79
GRG.L,2026-10-01,1988.0
GRG.L,2026-10-02,2026.0
GRG.L,2026-10-05,2016.0
GRG.L,2026-10-06,2050.0
GRG.L,2026-10-07,2068.0
GRI.L,2026-10-01,162.6
GRI.L,2026-10-02,163.0
GRI.L,2026-10-05,162.8
GRI.L,2026-10-06,166.1
GRI.L,2026-10-07,164.3
GRMN,2026-09-30,286.84
GRMN,2026-10-01,282.46
GRMN,2026-10-02,281.16
GRMN,2026-10-05,285.52
GRMN,2026-10-06,279.21
GROW.L,2026-10-01,675.0
GROW.L,2026-10-02,674.5
GROW.L,2026-10-05,672.5
GROW.L,2026-10-06,682.0
GROW.L,2026-10-07,671.3359
GS,2026-09-30,900.36
GS,2026-10-01,896.67
GS,2026-10-02,902.56
GS,2026-10-05,893.46
GS,2026-10-06,897.18
GSCT.L,2026-10-01,189.0
GSCT.L,2026-10-02,190.6
GSCT.L,2026-10-05,191.6
GSCT.L,2026-10-06,192.0
GSCT.L,2026-10-07,190.827
GSK,2026-09-30,48.17
GSK,2026-10-01,47.18
GSK,2026-10-02,47.03
GSK,2026-10-05,46.55
GSK,2026-10-06,46.6
GSK.L,2026-10-01,1795.0
GSK.L,2026-10-02,1779.5
GSK.L,2026-10-05,1759.0
GSK.L,2026-10-06,1765.5
GSK.L,2026-10-07,1775.5
GWW,2026-09-30,1245.76
GWW,2026-10-01,1281.6801
GWW,2026-10-02,1280.3
GWW,2026-10-05,1286.84
GWW,2026-10-06,1275.5601
HAL,2026-09-30,31.8
HAL,2026-10-01,31.88
HAL,2026-10-02,31.85
HAL,2026-10-05,32.78
HAL,2026-10-06,32.72
HANA.L,2026-10-01,336.0
HANA.L,2026-10-02,334.0
HANA.L,2026-10-05,335.0
HANA.L,2026-10-06,335.0
HANA.L,2026-10-07,331.17
HAS,2026-09-30,87.68
HAS,2026-10-01,89.98
HAS,2026-10-02,89.54
HAS,2026-10-05,92.38
HAS,2026-10-06,91.03
HAS.L,2026-10-01,63.65
HAS.L,2026-10-02,64.3
HAS.L,2026-10-05,62.85
HAS.L,2026-10-06,62.85
HAS.L,2026-10-07,62.8
HBAN,2026-09-30,15.26
HBAN,2026-10-01,15.19
HBAN,2026-10-02,15.33
HBAN,2026-10-05,15.29
HBAN,2026-10-06,15.33
HBR.L,2026-10-01,276.2
HBR.L,2026-10-02,269.2
HBR.L,2026-10-05,273.0
HBR.L,2026-10-06,267.6
HBR.L,2026-10-07,272.0
HCA,2026-09-30,426.74
HCA,2026-10-01,423.39
HCA,2026-10-02,426.69
HCA,2026-10-05,434.92
HCA,2026-10-06,432.2
HD,2026-09-30,284.49
HD,2026-10-01,282.46
HD,2026-10-02,282.85
HD,2026-10-05,281.15
HD,2026-10-06,286.69
HEI.DE,2026-10-01,145.7
HEI.DE,2026-10-02,148.4
HEI.DE,2026-10-05,145.7
HEI.DE,2026-10-06,146.95
HEI.DE,2026-10-07,144.15
HEN3.DE,2026-10-01,71.92
HEN3.DE,2026-10-02,72.3
HEN3.DE,2026-10-05,71.66
HEN3.DE,2026-10-06,73.32
HEN3.DE,2026-10-07,73.82
HER.MI,2026-10-01,3.502
HER.MI,2026-10-02,3.534
HER.MI,2026-10-05,3.496
HER.MI,2026-10-06,3.486
HER.MI,2026-10-07,3.468
HFD.L,2026-10-01,263.0
HFD.L,2026-10-02,258.0
HFD.L,2026-10-05,257.5
HFD.L,2026-10-06,258.5
HFD.L,2026-10-07,260.976
HFEL.L,2026-10-01,272.0
HFEL.L,2026-10-02,273.0
HFEL.L,2026-10-05,273.5
HFEL.L,2026-10-06,272.5
HFEL.L,2026-10-07,269.8741
HFG.L,2026-10-01,702.0
HFG.L,2026-10-02,698.5
HFG.L,2026-10-05,695.0
HFG.L,2026-10-06,713.5
HFG.L,2026-10-07,714.0
HGT.L,2026-10-01,376.0
HGT.L,2026-10-02,373.0
HGT.L,2026-10-05,373.0
HGT.L,2026-10-06,380.5
HGT.L,2026-10-07,375.534
HICL.L,2026-10-01,132.2
HICL.L,2026-10-02,131.2
HICL.L,2026-10-05,131.4
HICL.L,2026-10-06,131.8
HICL.L,2026-10-07,130.8683
HIG,2026-09-30,122.36
HIG,2026-10-01,125.74
HIG,2026-10-02,126.05
HIG,2026-10-05,126.21
HIG,2026-10-06,126.79
HII,2026-09-30,267.07
HII,2026-10-01,274.33
HII,2026-10-02,268.54
HII,2026-10-05,266.48
HII,2026-10-06,263.75
HIK.L,2026-10-01,1571.0
HIK.L,2026-10-02,1580.0
HIK.L,2026-10-05,1579.0
HIK.L,2026-10-06,1620.0
HIK.L,2026-10-07,1639.0
HILS.L,2026-10-01,3245.0
HILS.L,2026-10-02,3270.0
HILS.L,2026-10-05,3295.0
HILS.L,2026-10-06,3255.0
HILS.L,2026-10-07,3150.0
HLMA.L,2026-10-01,3464.0
HLMA.L,2026-10-02,3600.0
HLMA.L,2026-10-05,3528.0
HLMA.L,2026-10-06,3558.0
HLMA.L,2026-10-07,3490.0
HLN,2026-09-30,9.0
HLN,2026-10-01,8.72
HLN,2026-10-02,8.8
HLN,2026-10-05,8.82
HLN,2026-10-06,8.87
HLN.L,2026-10-01,327.8
HLN.L,2026-10-02,328.3
HLN.L,2026-10-05,330.8
HLN.L,2026-10-06,334.0
HLN.L,2026-10-07,341.3
HLT,2026-09-30,318.12
HLT,2026-10-01,315.44
HLT,2026-10-02,319.36
HLT,2026-10-05,316.12
HLT,2026-10-06,322.61
HMSO.L,2026-10-01,329.6
HMSO.L,2026-10-02,334.2
HMSO.L,2026-10-05,330.8
HMSO.L,2026-10-06,334.4
HMSO.L,2026-10-07,333.0
HNR1.DE,2026-10-01,250.8
HNR1.DE,2026-10-02,255.0
HNR1.DE,2026-10-05,255.4
HNR1.DE,2026-10-06,258.8
HNR1.DE,2026-10-07,259.4
HO.PA,2026-10-01,225.3
HO.PA,2026-10-02,222.7
HO.PA,2026-10-05,226.8
HO.PA,2026-10-06,222.5
HO.PA,2026-10-07,218.7
HOC.L,2026-10-01,532.0
HOC.L,2026-10-02,540.5
HOC.L,2026-10-05,534.5
HOC.L,2026-10-06,522.5
HOC.L,2026-10-07,507.5
HON,2026-09-30,210.94
HON,2026-10-01,213.8
HON,2026-10-02,213.99
HON,2026-10-05,214.14
HON,2026-10-06,212.87
HONA,2026-09-30,154.97
HONA,2026-10-01,154.07
HONA,2026-10-02,154.63
HONA,2026-10-05,155.74
HONA,2026-10-06,157.39
HOOD,2026-09-30,112.5
HOOD,2026-10-01,111.15
HOOD,2026-10-02,112.74
HOOD,2026-10-05,114.11
HOOD,2026-10-06,112.0
HPE,2026-09-30,63.89
HPE,2026-10-01,64.58
HPE,2026-10-02,69.33
HPE,2026-10-05,68.36
HPE,2026-10-06,70.48
HPQ,2026-09-30,31.28
HPQ,2026-10-01,32.15
HPQ,2026-10-02,32.12
HPQ,2026-10-05,31.47
HPQ,2026-10-06,31.73
HRI.L,2026-10-01,2950.0
HRI.L,2026-10-02,2990.0
HRI.L,2026-10-05,2995.0
HRI.L,2026-10-06,3010.0
HRI.L,2026-10-07,2995.0
HRL,2026-09-30,19.94
HRL,2026-10-01,19.96
HRL,2026-10-02,20.25
HRL,2026-10-05,20.08
HRL,2026-10-06,19.88
HSBA.L,2026-10-01,1437.0
HSBA.L,2026-10-02,1442.2
HSBA.L,2026-10-05,1459.0
HSBA.L,2026-10-06,1472.2
HSBA.L,2026-10-07,1412.4
HSBC,2026-09-30,99.31
HSBC,2026-10-01,95.82
HSBC,2026-10-02,96.14
HSBC,2026-10-05,96.68
HSBC,2026-10-06,97.58
HSIC,2026-09-30,83.97
HSIC,2026-10-01,84.93
HSIC,2026-10-02,84.88
HSIC,2026-10-05,84.23
HSIC,2026-10-06,84.84
HSL.L,2026-10-01,951.0
HSL.L,2026-10-02,955.0
HSL.L,2026-10-05,951.0
HSL.L,2026-10-06,950.0
HSL.L,2026-10-07,950.7087
HST,2026-09-30,22.39
HST,2026-10-01,22.51
HST,2026-10-02,22.56
HST,2026-10-05,22.44
HST,2026-10-06,22.48
HSX.L,2026-10-01,1848.0
HSX.L,2026-10-02,1861.0
HSX.L,2026-10-05,1851.0
HSX.L,2026-10-06,1850.0
HSX.L,2026-10-07,1841.0
HSY,2026-09-30,157.61
HSY,2026-10-01,159.3
HSY,2026-10-02,160.19
HSY,2026-10-05,161.01
HSY,2026-10-06,160.8
HTG.L,2026-10-01,389.5
HTG.L,2026-10-02,383.0
HTG.L,2026-10-05,394.5
HTG.L,2026-10-06,386.5
HTG.L,2026-10-07,384.0
HTWS.L,2026-10-01,210.0
HTWS.L,2026-10-02,214.4
HTWS.L,2026-10-05,216.2
HTWS.L,2026-10-06,216.8
HTWS.L,2026-10-07,219.6
HUBB,2026-09-30,453.6
HUBB,2026-10-01,466.98
HUBB,2026-10-02,475.52
HUBB,2026-10-05,480.65
HUBB,2026-10-06,485.41
HUM,2026-09-30,381.57
HUM,2026-10-01,379.68
HUM,2026-10-02,388.36
HUM,2026-10-05,404.07
HUM,2026-10-06,404.27
HVPE.L,2026-10-01,3300.0
HVPE.L,2026-10-02,3295.0
HVPE.L,2026-10-05,3285.0
HVPE.L,2026-10-06,3290.0
HVPE.L,2026-10-07,3250.0
HWDN.L,2026-10-01,749.0
HWDN.L,2026-10-02,752.5
HWDN.L,2026-10-05,753.0
HWDN.L,2026-10-06,759.5
HWDN.L,2026-10-07,762.0
HWG.L,2026-10-01,187.0
HWG.L,2026-10-02,187.0
HWG.L,2026-10-05,187.0
HWG.L,2026-10-06,187.0
HWG.L,2026-10-07,187.0
HWM,2026-09-30,226.18
HWM,2026-10-01,228.38
HWM,2026-10-02,231.27
HWM,2026-10-05,229.57
HWM,2026-10-06,231.6
IAD.L,2026-10-01,496.0
IAD.L,2026-10-02,501.0
IAD.L,2026-10-05,507.0
IAD.L,2026-10-06,502.0
IAD.L,2026-10-07,494.927
IAG.L,2026-10-01,432.2
IAG.L,2026-10-02,441.2
IAG.L,2026-10-05,434.0
IAG.L,2026-10-06,439.7
IAG.L,2026-10-07,433.8
IBE.MC,2026-10-01,20.73
IBE.MC,2026-10-02,20.82
IBE.MC,2026-10-05,21.0
IBE.MC,2026-10-06,20.99
IBE.MC,2026-10-07,20.83
IBKR,2026-09-30,85.42
IBKR,2026-10-01,85.81
IBKR,2026-10-02,88.3
IBKR,2026-10-05,89.05
IBKR,2026-10-06,90.58
IBM,2026-09-30,219.93
IBM,2026-10-01,225.62
IBM,2026-10-02,222.64
IBM,2026-10-05,221.58
IBM,2026-10-06,221.29
ICE,2026-09-30,152.03
ICE,2026-10-01,151.47
ICE,2026-10-02,150.15
ICE,2026-10-05,152.15
ICE,2026-10-06,153.49
ICG.L,2026-10-01,1795.0
ICG.L,2026-10-02,1763.0
ICG.L,2026-10-05,1764.0
ICG.L,2026-10-06,1767.0
ICG.L,2026-10-07,1762.0
ICGT.L,2026-10-01,1382.0
ICGT.L,2026-10-02,1370.0
ICGT.L,2026-10-05,1378.0
ICGT.L,2026-10-06,1372.0
ICGT.L,2026-10-07,1376.0
IDXX,2026-09-30,522.19
IDXX,2026-10-01,517.75
IDXX,2026-10-02,518.39
IDXX,2026-10-05,527.07
IDXX,2026-10-06,515.41
IEX,2026-09-30,227.98
IEX,2026-10-01,229.85
IEX,2026-10-02,232.99
IEX,2026-10-05,235.29
IEX,2026-10-06,236.28
IFF,2026-09-30,83.48
IFF,2026-10-01,83.12
IFF,2026-10-02,82.42
IFF,2026-10-05,83.26
IFF,2026-10-06,83.92
IFX.DE,2026-10-01,59.42
IFX.DE,2026-10-02,64.64
IFX.DE,2026-10-05,63.47
IFX.DE,2026-10-06,64.68
IFX.DE,2026-10-07,61.0
IG.MI,2026-10-01,8.238
IG.MI,2026-10-02,8.256
IG.MI,2026-10-05,8.13
IG.MI,2026-10-06,8.2
IG.MI,2026-10-07,8.1
IGG.L,2026-10-01,1279.0
IGG.L,2026-10-02,990.0
IGG.L,2026-10-05,986.0
IGG.L,2026-10-06,962.0
IGG.L,2026-10-07,936.5
IHG,2026-09-30,160.8
IHG,2026-10-01,161.44
IHG,2026-10-02,161.74
IHG,2026-10-05,159.51
IHG,2026-10-06,160.54
IHG.L,2026-10-01,159.75
IHG.L,2026-10-02,160.85
IHG.L,2026-10-05,159.35
IHG.L,2026-10-06,161.05
IHG.L,2026-10-07,159.5
IHP.L,2026-10-01,365.5
IHP.L,2026-10-02,362.0
IHP.L,2026-10-05,364.5
IHP.L,2026-10-06,364.5
IHP.L,2026-10-07,366.0
III.L,2026-10-01,2544.0
III.L,2026-10-02,2555.0
III.L,2026-10-05,2412.0
III.L,2026-10-06,2389.0
III.L,2026-10-07,2395.0
ILMN,2026-09-30,273.68
ILMN,2026-10-01,265.72
ILMN,2026-10-02,273.04
ILMN,2026-10-05,293.69
ILMN,2026-10-06,273.54
IMB.L,2026-10-01,2424.0
IMB.L,2026-10-02,2443.0
IMB.L,2026-10-05,2450.0
IMB.L,2026-10-06,2467.0
IMB.L,2026-10-07,2483.0
IMI.L,2026-10-01,3066.0
IMI.L,2026-10-02,3130.0
IMI.L,2026-10-05,3150.0
IMI.L,2026-10-06,3148.0
IMI.L,2026-10-07,3112.0
INCH.L,2026-10-01,743.0
INCH.L,2026-10-02,739.5
INCH.L,2026-10-05,731.5
INCH.L,2026-10-06,686.0
INCH.L,2026-10-07,655.5
INCY,2026-09-30,121.35
INCY,2026-10-01,117.14
INCY,2026-10-02,115.3
INCY,2026-10-05,114.13
INCY,2026-10-06,112.73
INF.L,2026-10-01,860.4
INF.L,2026-10-02,857.6
INF.L,2026-10-05,861.8
INF.L,2026-10-06,887.2
INF.L,2026-10-07,865.2
ING,2026-09-30,35.5
ING,2026-10-01,34.25
ING,2026-10-02,34.78
ING,2026-10-05,34.77
ING,2026-10-06,34.9
INGA.AS,2026-10-01,30.25
INGA.AS,2026-10-02,30.685
INGA.AS,2026-10-05,31.035
INGA.AS,2026-10-06,31.125
INGA.AS,2026-10-07,30.155
INPP.L,2026-10-01,137.0
INPP.L,2026-10-02,135.4
INPP.L,2026-10-05,134.8
INPP.L,2026-10-06,136.6
INPP.L,2026-10-07,135.4
INTC,2026-09-30,120.23
INTC,2026-10-01,120.0
INTC,2026-10-02,119.33
INTC,2026-10-05,116.19
INTC,2026-10-06,112.5
INTU,2026-09-30,275.71
INTU,2026-10-01,282.78
INTU,2026-10-02,281.08
INTU,2026-10-05,284.68
INTU,2026-10-06,289.81
INVH,2026-09-30,26.33
INVH,2026-10-01,26.4
INVH,2026-10-02,26.04
INVH,2026-10-05,26.06
INVH,2026-10-06,26.39
INVP.L,2026-10-01,610.0
INVP.L,2026-10-02,605.0
INVP.L,2026-10-05,604.0
INVP.L,2026-10-06,618.0
INVP.L,2026-10-07,601.0
INW.MI,2026-10-01,6.355
INW.MI,2026-10-02,6.5
INW.MI,2026-10-05,6.46
INW.MI,2026-10-06,6.69
INW.MI,2026-10-07,6.91
IP,2026-09-30,33.17
IP,2026-10-01,32.52
IP,2026-10-02,31.97
IP,2026-10-05,32.05
IP,2026-10-06,32.14
IPO.L,2026-10-01,73.1
IPO.L,2026-10-02,74.0
IPO.L,2026-10-05,70.2
IPO.L,2026-10-06,72.1
IPO.L,2026-10-07,69.2
IQV,2026-09-30,268.85
IQV,2026-10-01,260.72
IQV,2026-10-02,258.21
IQV,2026-10-05,266.09
IQV,2026-10-06,259.98
IR,2026-09-30,75.11
IR,2026-10-01,75.25
IR,2026-10-02,76.07
IR,2026-10-05,78.55
IR,2026-10-06,79.21
IRM,2026-09-30,110.95
IRM,2026-10-01,111.13
IRM,2026-10-02,113.39
IRM,2026-10-05,112.33
IRM,2026-10-06,116.5
ISP.MI,2026-10-01,6.378
ISP.MI,2026-10-02,6.328
ISP.MI,2026-10-05,6.426
ISP.MI,2026-10-06,6.507
ISP.MI,2026-10-07,6.231
ISRG,2026-09-30,406.63
ISRG,2026-10-01,401.24
ISRG,2026-10-02,391.95
ISRG,2026-10-05,406.48
ISRG,2026-10-06,404.76
IT,2026-09-30,186.54
IT,2026-10-01,192.8
IT,2026-10-02,184.8
IT,2026-10-05,187.76
IT,2026-10-06,184.92
ITH.L,2026-10-01,276.0
ITH.L,2026-10-02,275.4
ITH.L,2026-10-05,281.4
ITH.L,2026-10-06,274.2
ITH.L,2026-10-07,277.4
ITRK.L,2026-10-01,5875.0
ITRK.L,2026-10-02,5880.0
ITRK.L,2026-10-05,5885.0
ITRK.L,2026-10-06,5885.0
ITRK.L,2026-10-07,5880.0
ITV.L,2026-10-01,66.5
ITV.L,2026-10-02,66.75
ITV.L,2026-10-05,66.4
ITV.L,2026-10-06,67.05
ITV.L,2026-10-07,66.698
ITW,2026-09-30,257.28
ITW,2026-10-01,260.84
ITW,2026-10-02,262.92
ITW,2026-10-05,264.19
ITW,2026-10-06,267.14
ITX.MC,2026-10-01,53.06
ITX.MC,2026-10-02,53.24
ITX.MC,2026-10-05,53.0
ITX.MC,2026-10-06,53.82
ITX.MC,2026-10-07,54.04
IVG.MI,2026-10-01,14.29
IVG.MI,2026-10-02,14.27
IVG.MI,2026-10-05,14.175
IVG.MI,2026-10-06,14.3
IVG.MI,2026-10-07,14.265
IVZ,2026-09-30,30.16
IVZ,2026-10-01,30.42
IVZ,2026-10-02,30.66
IVZ,2026-10-05,30.5
IVZ,2026-10-06,30.38
IWG.L,2026-10-01,177.0
IWG.L,2026-10-02,176.4
IWG.L,2026-10-05,174.5
IWG.L,2026-10-06,177.5
IWG.L,2026-10-07,177.9
J,2026-09-30,135.27
J,2026-10-01,139.79
J,2026-10-02,138.06
J,2026-10-05,138.67
J,2026-10-06,139.23
JAM.L,2026-10-01,1222.0
JAM.L,2026-10-02,1238.0
JAM.L,2026-10-05,1244.0
JAM.L,2026-10-06,1256.0
JAM.L,2026-10-07,1250.7665
JBHT,2026-09-30,224.05
JBHT,2026-10-01,227.2
JBHT,2026-10-02,234.2
JBHT,2026-10-05,229.74
JBHT,2026-10-06,225.93
JBL,2026-09-30,286.86
JBL,2026-10-01,299.79
JBL,2026-10-02,304.41
JBL,2026-10-05,300.94
JBL,2026-10-06,309.19
JCH.L,2026-10-01,926.0
JCH.L,2026-10-02,924.0
JCH.L,2026-10-05,924.0
JCH.L,2026-10-06,926.0
JCH.L,2026-10-07,922.502
JCI,2026-09-30,148.65
JCI,2026-10-01,151.77
JCI,2026-10-02,156.24
JCI,2026-10-05,156.85
JCI,2026-10-06,158.76
JD.L,2026-10-01,80.86
JD.L,2026-10-02,79.72
JD.L,2026-10-05,79.7
JD.L,2026-10-06,80.34
JD.L,2026-10-07,83.8264
JDW.L,2026-10-01,813.0
JDW.L,2026-10-02,915.0
JDW.L,2026-10-05,952.5
JDW.L,2026-10-06,962.5
JDW.L,2026-10-07,976.5
JEDT.L,2026-10-01,611.0
JEDT.L,2026-10-02,611.0
JEDT.L,2026-10-05,608.0
JEDT.L,2026-10-06,612.0
JEDT.L,2026-10-07,606.0
JEGI.L,2026-10-01,140.6
JEGI.L,2026-10-02,140.4
JEGI.L,2026-10-05,139.2
JEGI.L,2026-10-06,140.0
JEGI.L,2026-10-07,137.4998
JEMI.L,2026-10-01,213.0
JEMI.L,2026-10-02,214.0
JEMI.L,2026-10-05,218.0
JEMI.L,2026-10-06,218.0
JEMI.L,2026-10-07,215.8853
JFJ.L,2026-10-01,827.0
JFJ.L,2026-10-02,842.0
JFJ.L,2026-10-05,841.0
JFJ.L,2026-10-06,848.0
JFJ.L,2026-10-07,834.8405
JGGI.L,2026-10-01,606.0
JGGI.L,2026-10-02,609.5
JGGI.L,2026-10-05,614.0
JGGI.L,2026-10-06,620.0
JGGI.L,2026-10-07,615.485
JKHY,2026-09-30,143.24
JKHY,2026-10-01,143.84
JKHY,2026-10-02,142.54
JKHY,2026-10-05,145.12
JKHY,2026-10-06,144.43
JMAT.L,2026-10-01,2370.0
JMAT.L,2026-10-02,2422.0
JMAT.L,2026-10-05,2406.0
JMAT.L,2026-10-06,2436.0
JMAT.L,2026-10-07,2446.0
JMGI.L,2026-10-01,168.6
JMGI.L,2026-10-02,170.4
JMGI.L,2026-10-05,174.6
JMGI.L,2026-10-06,173.2
JMGI.L,2026-10-07,170.9961
JNJ,2026-09-30,264.74
JNJ,2026-10-01,258.66
JNJ,2026-10-02,256.03
JNJ,2026-10-05,252.93
JNJ,2026-10-06,254.78
JPM,2026-09-30,330.83
JPM,2026-10-01,333.18
JPM,2026-10-02,332.38
JPM,2026-10-05,332.38
JPM,2026-10-06,331.28
JSG.L,2026-10-01,136.0
JSG.L,2026-10-02,136.9
JSG.L,2026-10-05,136.0
JSG.L,2026-10-06,136.3
JSG.L,2026-10-07,137.5
JUP.L,2026-10-01,168.4
JUP.L,2026-10-02,169.2
JUP.L,2026-10-05,166.4
JUP.L,2026-10-06,171.0
JUP.L,2026-10-07,171.8
KDP,2026-09-30,30.34
KDP,2026-10-01,30.69
KDP,2026-10-02,30.37
KDP,2026-10-05,30.89
KDP,2026-10-06,31.13
KER.PA,2026-10-01,217.3
KER.PA,2026-10-02,210.3
KER.PA,2026-10-05,209.25
KER.PA,2026-10-06,213.5
KER.PA,2026-10-07,210.1
KEY,2026-09-30,20.07
KEY,2026-10-01,20.05
KEY,2026-10-02,20.08
KEY,2026-10-05,20.18
KEY,2026-10-06,20.14
KEYS,2026-09-30,364.04
KEYS,2026-10-01,373.88
KEYS,2026-10-02,384.64
KEYS,2026-10-05,384.17
KEYS,2026-10-06,388.03
KGF.L,2026-10-01,327.9
KGF.L,2026-10-02,328.3
KGF.L,2026-10-05,325.2
KGF.L,2026-10-06,329.1
KGF.L,2026-10-07,328.3
KHC,2026-09-30,22.72
KHC,2026-10-01,22.46
KHC,2026-10-02,22.19
KHC,2026-10-05,21.84
KHC,2026-10-06,22.03
KIE.L,2026-10-01,306.6
KIE.L,2026-10-02,308.0
KIE.L,2026-10-05,300.0
KIE.L,2026-10-06,300.8
KIE.L,2026-10-07,300.8
KIM,2026-09-30,22.21
KIM,2026-10-01,22.21
KIM,2026-10-02,22.24
KIM,2026-10-05,22.03
KIM,2026-10-06,22.14
KKR,2026-09-30,91.3
KKR,2026-10-01,91.24
KKR,2026-10-02,90.29
KKR,2026-10-05,89.96
KKR,2026-10-06,90.67
KLAC,2026-09-30,194.93
KLAC,2026-10-01,200.33
KLAC,2026-10-02,206.89
KLAC,2026-10-05,206.85
KLAC,2026-10-06,197.46
KLR.L,2026-10-01,3344.0
KLR.L,2026-10-02,3328.0
KLR.L,2026-10-05,3280.0
KLR.L,2026-10-06,3258.0
KLR.L,2026-10-07,3236.0
KMB,2026-09-30,97.43
KMB,2026-10-01,94.34
KMB,2026-10-02,94.36
KMB,2026-10-05,95.41
KMB,2026-10-06,96.77
KMI,2026-09-30,30.15
KMI,2026-10-01,30.53
KMI,2026-10-02,31.07
KMI,2026-10-05,31.41
KMI,2026-10-06,32.16
KNOS.L,2026-10-01,1211.0
KNOS.L,2026-10-02,1200.0
KNOS.L,2026-10-05,1204.0
KNOS.L,2026-10-06,1238.0
KNOS.L,2026-10-07,1222.0
KO,2026-09-30,86.08
KO,2026-10-01,86.1
KO,2026-10-02,85.65
KO,2026-10-05,86.51
KO,2026-10-06,86.17
KR,2026-09-30,58.62
KR,2026-10-01,59.48
KR,2026-10-02,59.03
KR,2026-10-05,58.78
KR,2026-10-06,58.41
KVUE,2026-09-30,17.66
KVUE,2026-10-01,17.22
KVUE,2026-10-02,17.2
KVUE,2026-10-05,17.39
KVUE,2026-10-06,17.59
L,2026-09-30,104.43
L,2026-10-01,105.05
L,2026-10-02,106.03
L,2026-10-05,105.67
L,2026-10-06,106.46
LAND.L,2026-10-01,607.5
LAND.L,2026-10-02,615.0
LAND.L,2026-10-05,618.5
LAND.L,2026-10-06,617.5
LAND.L,2026-10-07,610.347
LDO.MI,2026-10-01,47.8
LDO.MI,2026-10-02,47.39
LDO.MI,2026-10-05,48.3
LDO.MI,2026-10-06,47.22
LDO.MI,2026-10-07,46.69
LDOS,2026-09-30,121.83
LDOS,2026-10-01,121.97
LDOS,2026-10-02,117.74
LDOS,2026-10-05,119.45
LDOS,2026-10-06,116.69
LEN,2026-09-30,81.59
LEN,2026-10-01,82.11
LEN,2026-10-02,79.81
LEN,2026-10-05,74.44
LEN,2026-10-06,77.41
LGEN.L,2026-10-01,285.6
LGEN.L,2026-10-02,287.2
LGEN.L,2026-10-05,288.8
LGEN.L,2026-10-06,290.4
LGEN.L,2026-10-07,287.9
LH,2026-09-30,308.11
LH,2026-10-01,304.6
LH,2026-10-02,308.49
LH,2026-10-05,308.65
LH,2026-10-06,311.71
LHX,2026-09-30,236.78
LHX,2026-10-01,238.4
LHX,2026-10-02,236.6
LHX,2026-10-05,236.88
LHX,2026-10-06,237.9
LII,2026-09-30,355.02
LII,2026-10-01,360.46
LII,2026-10-02,356.3
LII,2026-10-05,361.15
LII,2026-10-06,365.63
LIN,2026-09-30,474.65
LIN,2026-10-01,469.45
LIN,2026-10-02,479.48
LIN,2026-10-05,482.38
LIN,2026-10-06,489.95
LITE,2026-09-30,971.26
LITE,2026-10-01,1045.78
LITE,2026-10-02,1085.42
LITE,2026-10-05,1091.67
LITE,2026-10-06,1133.4
LLOY.L,2026-10-01,102.1
LLOY.L,2026-10-02,104.0
LLOY.L,2026-10-05,104.0
LLOY.L,2026-10-06,105.7
LLOY.L,2026-10-07,102.15
LLY,2026-09-30,1157.08
LLY,2026-10-01,1149.85
LLY,2026-10-02,1142.85
LLY,2026-10-05,1143.12
LLY,2026-10-06,1157.49
LMP.L,2026-10-01,171.3
LMP.L,2026-10-02,171.6
LMP.L,2026-10-05,170.8
LMP.L,2026-10-06,173.9
LMP.L,2026-10-07,172.7
LMT,2026-09-30,509.25
LMT,2026-10-01,505.5
LMT,2026-10-02,505.41
LMT,2026-10-05,506.63
LMT,2026-10-06,510.12
LNT,2026-09-30,63.3
LNT,2026-10-01,63.71
LNT,2026-10-02,64.33
LNT,2026-10-05,64.29
LNT,2026-10-06,65.49
LOW,2026-09-30,184.29
LOW,2026-10-01,182.38
LOW,2026-10-02,180.8
LOW,2026-10-05,179.5
LOW,2026-10-06,183.67
LR.PA,2026-10-01,139.75
LR.PA,2026-10-02,144.55
LR.PA,2026-10-05,143.1
LR.PA,2026-10-06,148.4
LR.PA,2026-10-07,142.85
LRCX,2026-09-30,328.51
LRCX,2026-10-01,340.1
LRCX,2026-10-02,347.49
LRCX,2026-10-05,345.8
LRCX,2026-10-06,333.89
LRE.L,2026-10-01,634.5
LRE.L,2026-10-02,638.5
LRE.L,2026-10-05,638.5
LRE.L,2026-10-06,635.5
LRE.L,2026-10-07,639.297
LSEG.L,2026-10-01,8120.0
LSEG.L,2026-10-02,8090.0
LSEG.L,2026-10-05,8240.0
LSEG.L,2026-10-06,8386.0
LSEG.L,2026-10-07,8328.0
LTMC.MI,2026-10-01,25.03
LTMC.MI,2026-10-02,25.42
LTMC.MI,2026-10-05,24.95
LTMC.MI,2026-10-06,24.94
LTMC.MI,2026-10-07,24.52
LULU,2026-09-30,96.19
LULU,2026-10-01,95.86
LULU,2026-10-02,94.46
LULU,2026-10-05,93.14
LULU,2026-10-06,93.61
LUV,2026-09-30,41.64
LUV,2026-10-01,41.84
LUV,2026-10-02,42.47
LUV,2026-10-05,41.85
LUV,2026-10-06,42.45
LVS,2026-09-30,37.81
LVS,2026-10-01,36.69
LVS,2026-10-02,36.23
LVS,2026-10-05,36.61
LVS,2026-10-06,36.31
LWDB.L,2026-10-01,1222.0
LWDB.L,2026-10-02,1228.0
LWDB.L,2026-10-05,1222.0
LWDB.L,2026-10-06,1232.0
LWDB.L,2026-10-07,1216.7415
LYB,2026-09-30,57.47
LYB,2026-10-01,57.78
LYB,2026-10-02,58.58
LYB,2026-10-05,59.22
LYB,2026-10-06,58.93
LYG,2026-09-30,5.63
LYG,2026-10-01,5.42
LYG,2026-10-02,5.5
LYG,2026-10-05,5.46
LYG,2026-10-06,5.56
LYV,2026-09-30,169.3
LYV,2026-10-01,166.85
LYV,2026-10-02,168.77
LYV,2026-10-05,170.67
LYV,2026-10-06,171.8
MA,2026-09-30,551.47
MA,2026-10-01,550.0
MA,2026-10-02,552.26
MA,2026-10-05,564.59
MA,2026-10-06,566.58
MAA,2026-09-30,117.74
MAA,2026-10-01,116.38
MAA,2026-10-02,115.27
MAA,2026-10-05,116.47
MAA,2026-10-06,116.99
MAB.L,2026-10-01,282.5
MAB.L,2026-10-02,294.5
MAB.L,2026-10-05,294.5
MAB.L,2026-10-06,287.5
MAB.L,2026-10-07,289.0
MAR,2026-09-30,355.67
MAR,2026-10-01,354.79
MAR,2026-10-02,358.96
MAR,2026-10-05,355.89
MAR,2026-10-06,361.28
MAS,2026-09-30,67.4
MAS,2026-10-01,68.28
MAS,2026-10-02,68.36
MAS,2026-10-05,68.46
MAS,2026-10-06,69.93
MB.MI,2026-10-01,27.41
MB.MI,2026-10-02,27.41
MB.MI,2026-10-05,26.0
MB.MI,2026-10-06,26.13
MB.MI,2026-10-07,25.34
MBG.DE,2026-10-01,40.06
MBG.DE,2026-10-02,39.725
MBG.DE,2026-10-05,40.2
MBG.DE,2026-10-06,40.7
MBG.DE,2026-10-07,39.405
MC.PA,2026-10-01,379.5
MC.PA,2026-10-02,378.55
MC.PA,2026-10-05,380.9
MC.PA,2026-10-06,385.6
MC.PA,2026-10-07,381.15
MCD,2026-09-30,230.94
MCD,2026-10-01,231.83
MCD,2026-10-02,231.89
MCD,2026-10-05,233.04
MCD,2026-10-06,232.45
MCHP,2026-09-30,77.77
MCHP,2026-10-01,78.5
MCHP,2026-10-02,81.32
MCHP,2026-10-05,81.49
MCHP,2026-10-06,81.26
MCK,2026-09-30,853.81
MCK,2026-10-01,898.82
MCK,2026-10-02,902.28
MCK,2026-10-05,915.45
MCK,2026-10-06,921.67
MCO,2026-09-30,454.13
MCO,2026-10-01,447.36
MCO,2026-10-02,441.36
MCO,2026-10-05,448.15
MCO,2026-10-06,452.32
MDLZ,2026-09-30,57.82
MDLZ,2026-10-01,57.76
MDLZ,2026-10-02,58.19
MDLZ,2026-10-05,58.49
MDLZ,2026-10-06,59.62
MDT,2026-09-30,86.29
MDT,2026-10-01,86.44
MDT,2026-10-02,86.38
MDT,2026-10-05,87.97
MDT,2026-10-06,87.09
MEGP.L,2026-10-01,119.0
MEGP.L,2026-10-02,117.8
MEGP.L,2026-10-05,117.2
MEGP.L,2026-10-06,115.6
MEGP.L,2026-10-07,114.2
MET,2026-09-30,94.16
MET,2026-10-01,94.35
MET,2026-10-02,94.43
MET,2026-10-05,96.88
MET,2026-10-06,97.16
META,2026-09-30,725.18
META,2026-10-01,725.93
META,2026-10-02,728.08
META,2026-10-05,741.9
META,2026-10-06,738.88
MGAM.L,2026-10-01,267.5
MGAM.L,2026-10-02,270.5
MGAM.L,2026-10-05,271.0
MGAM.L,2026-10-06,276.5
MGAM.L,2026-10-07,274.0
MGM,2026-09-30,31.05
MGM,2026-10-01,30.47
MGM,2026-10-02,30.48
MGM,2026-10-05,30.17
MGM,2026-10-06,30.54
MGNS.L,2026-10-01,4208.0
MGNS.L,2026-10-02,4224.0
MGNS.L,2026-10-05,4172.0
MGNS.L,2026-10-06,4200.0
MGNS.L,2026-10-07,4178.0
MKC,2026-09-30,46.4
MKC,2026-10-01,44.14
MKC,2026-10-02,44.67
MKC,2026-10-05,45.54
MKC,2026-10-06,45.4
MKS.L,2026-10-01,377.6
MKS.L,2026-10-02,378.7
MKS.L,2026-10-05,376.2
MKS.L,2026-10-06,385.8
MKS.L,2026-10-07,391.5
ML.PA,2026-10-01,33.1
ML.PA,2026-10-02,33.02
ML.PA,2026-10-05,33.31
ML.PA,2026-10-06,33.7
ML.PA,2026-10-07,33.86
MLM,2026-09-30,479.81
MLM,2026-10-01,479.17
MLM,2026-10-02,482.27
MLM,2026-10-05,485.5
MLM,2026-10-06,489.01
MMM,2026-09-30,164.15
MMM,2026-10-01,163.02
MMM,2026-10-02,161.89
MMM,2026-10-05,163.19
MMM,2026-10-06,163.64
MNDI.L,2026-10-01,797.4
MNDI.L,2026-10-02,788.2
MNDI.L,2026-10-05,782.8
MNDI.L,2026-10-06,795.8
MNDI.L,2026-10-07,780.2
MNG.L,2026-10-01,310.7
MNG.L,2026-10-02,313.5
MNG.L,2026-10-05,313.6
MNG.L,2026-10-06,312.4
MNG.L,2026-10-07,306.5
MNKS.L,2026-10-01,1636.0
MNKS.L,2026-10-02,1648.0
MNKS.L,2026-10-05,1678.0
MNKS.L,2026-10-06,1682.0
MNKS.L,2026-10-07,1674.0
MNST,2026-09-30,41.62
MNST,2026-10-01,42.14
MNST,2026-10-02,42.94
MNST,2026-10-05,43.51
MNST,2026-10-06,43.25
MNTN.L,2026-10-01,2.18
MNTN.L,2026-10-02,2.16
MNTN.L,2026-10-05,2.2
MNTN.L,2026-10-06,2.19
MNTN.L,2026-10-07,2.1838
MO,2026-09-30,67.34
MO,2026-10-01,66.95
MO,2026-10-02,67.35
MO,2026-10-05,67.88
MO,2026-10-06,68.55
MONC.MI,2026-10-01,43.39
MONC.MI,2026-10-02,43.7
MONC.MI,2026-10-05,43.79
MONC.MI,2026-10-06,43.53
MONC.MI,2026-10-07,43.16
MONY.L,2026-10-01,172.8
MONY.L,2026-10-02,172.7
MONY.L,2026-10-05,172.8
MONY.L,2026-10-06,174.9
MONY.L,2026-10-07,177.1
MOON.L,2026-10-01,272.0
MOON.L,2026-10-02,268.0
MOON.L,2026-10-05,268.4
MOON.L,2026-10-06,270.4
MOON.L,2026-10-07,276.6
MOS,2026-09-30,21.65
MOS,2026-10-01,21.55
MOS,2026-10-02,21.07
MOS,2026-10-05,21.29
MOS,2026-10-06,20.94
MPC,2026-09-30,395.42
MPC,2026-10-01,420.15
MPC,2026-10-02,422.33
MPC,2026-10-05,433.47
MPC,2026-10-06,432.36
MPWR,2026-09-30,1347.22
MPWR,2026-10-01,1360.97
MPWR,2026-10-02,1439.73
MPWR,2026-10-05,1479.89
MPWR,2026-10-06,1473.6899
MRC.L,2026-10-01,275.5
MRC.L,2026-10-02,273.5
MRC.L,2026-10-05,272.0
MRC.L,2026-10-06,273.5
MRC.L,2026-10-07,271.368
MRCH.L,2026-10-01,657.0
MRCH.L,2026-10-02,654.0
MRCH.L,2026-10-05,657.0
MRCH.L,2026-10-06,660.0
MRCH.L,2026-10-07,657.0
MRK,2026-09-30,145.31
MRK,2026-10-01,143.81
MRK,2026-10-02,144.3
MRK,2026-10-05,139.54
MRK,2026-10-06,141.94
MRK.DE,2026-10-01,134.45
MRK.DE,2026-10-02,136.9
MRK.DE,2026-10-05,136.05
MRK.DE,2026-10-06,139.0
MRK.DE,2026-10-07,140.35
MRNA,2026-09-30,192.57
MRNA,2026-10-01,188.94
MRNA,2026-10-02,190.01
MRNA,2026-10-05,203.21
MRNA,2026-10-06,187.46
MRO.L,2026-10-01,465.5
MRO.L,2026-10-02,470.0
MRO.L,2026-10-05,475.1
MRO.L,2026-10-06,461.0
MRO.L,2026-10-07,461.7
MRSH,2026-09-30,170.73
MRSH,2026-10-01,171.85
MRSH,2026-10-02,170.06
MRSH,2026-10-05,170.43
MRSH,2026-10-06,171.74
MRVL,2026-09-30,264.21
MRVL,2026-10-01,268.08
MRVL,2026-10-02,272.29
MRVL,2026-10-05,271.25
MRVL,2026-10-06,287.01
MS,2026-09-30,188.08
MS,2026-10-01,188.01
MS,2026-10-02,190.31
MS,2026-10-05,190.19
MS,2026-10-06,191.02
MSCI,2026-09-30,538.66
MSCI,2026-10-01,545.39
MSCI,2026-10-02,535.95
MSCI,2026-10-05,552.35
MSCI,2026-10-06,554.92
MSFT,2026-09-30,512.9
MSFT,2026-10-01,512.8
MSFT,2026-10-02,517.53
MSFT,2026-10-05,525.18
MSFT,2026-10-06,529.3
MSI,2026-09-30,445.97
MSI,2026-10-01,448.03
MSI,2026-10-02,447.41
MSI,2026-10-05,455.37
MSI,2026-10-06,456.28
MT,2026-09-30,66.74
MT,2026-10-01,64.56
MT,2026-10-02,64.51
MT,2026-10-05,64.73
MT,2026-10-06,65.19
MT.AS,2026-10-01,56.74
MT.AS,2026-10-02,57.28
MT.AS,2026-10-05,57.6
MT.AS,2026-10-06,58.24
MT.AS,2026-10-07,56.06
MTB,2026-09-30,217.6
MTB,2026-10-01,217.35
MTB,2026-10-02,219.14
MTB,2026-10-05,218.26
MTB,2026-10-06,218.74
MTD,2026-09-30,1510.95
MTD,2026-10-01,1481.17
MTD,2026-10-02,1486.1899
MTD,2026-10-05,1541.63
MTD,2026-10-06,1533.0699
MTLN.L,2026-10-01,49.2
MTLN.L,2026-10-02,48.6
MTLN.L,2026-10-05,49.62
MTLN.L,2026-10-06,49.68
MTLN.L,2026-10-07,49.06
MTO.L,2026-10-01,210.0
MTO.L,2026-10-02,210.0
MTO.L,2026-10-05,210.0
MTO.L,2026-10-06,210.0
MTO.L,2026-10-07,210.0
MTRO.L,2026-10-01,166.8
MTRO.L,2026-10-02,164.8
MTRO.L,2026-10-05,161.4
MTRO.L,2026-10-06,162.4
MTRO.L,2026-10-07,158.4
MTX.DE,2026-10-01,368.4
MTX.DE,2026-10-02,370.2
MTX.DE,2026-10-05,370.3
MTX.DE,2026-10-06,365.7
MTX.DE,2026-10-07,356.3
MU,2026-09-30,1065.11
MU,2026-10-01,1097.39
MU,2026-10-02,1074.89
MU,2026-10-05,1063.96
MU,2026-10-06,1045.5601
MUT.L,2026-10-01,958.0
MUT.L,2026-10-02,952.0
MUT.L,2026-10-05,951.0
MUT.L,2026-10-06,958.0
MUT.L,2026-10-07,952.0
MUV2.DE,2026-10-01,498.8
MUV2.DE,2026-10-02,508.6
MUV2.DE,2026-10-05,510.4
MUV2.DE,2026-10-06,512.0
MUV2.DE,2026-10-07,513.6
MYI.L,2026-10-01,356.0
MYI.L,2026-10-02,355.0
MYI.L,2026-10-05,355.0
MYI.L,2026-10-06,357.5
MYI.L,2026-10-07,356.0
N91.L,2026-10-01,203.4
N91.L,2026-10-02,206.6
N91.L,2026-10-05,204.4
N91.L,2026-10-06,205.4
N91.L,2026-10-07,201.6
NAIT.L,2026-10-01,423.0
NAIT.L,2026-10-02,425.0
NAIT.L,2026-10-05,427.0
NAIT.L,2026-10-06,424.0
NAIT.L,2026-10-07,421.9178
NAS.L,2026-10-01,425.0
NAS.L,2026-10-02,421.0
NAS.L,2026-10-05,425.0
NAS.L,2026-10-06,425.0
NAS.L,2026-10-07,424.56
NBPE.L,2026-10-01,1468.0
NBPE.L,2026-10-02,1494.0
NBPE.L,2026-10-05,1502.0
NBPE.L,2026-10-06,1500.0
NBPE.L,2026-10-07,1500.0
NCC.L,2026-10-01,146.2
NCC.L,2026-10-02,145.6
NCC.L,2026-10-05,145.4
NCC.L,2026-10-06,145.2
NCC.L,2026-10-07,147.6967
NCLH,2026-09-30,14.66
NCLH,2026-10-01,14.64
NCLH,2026-10-02,15.14
NCLH,2026-10-05,14.87
NCLH,2026-10-06,15.51
NDA-FI.HE,2026-10-01,16.99
NDA-FI.HE,2026-10-02,17.085
NDA-FI.HE,2026-10-05,17.1
NDA-FI.HE,2026-10-06,17.065
NDA-FI.HE,2026-10-07,16.83
NDAQ,2026-09-30,92.01
NDAQ,2026-10-01,91.67
NDAQ,2026-10-02,90.33
NDAQ,2026-10-05,92.19
NDAQ,2026-10-06,92.27
NDSN,2026-09-30,327.85
NDSN,2026-10-01,329.02
NDSN,2026-10-02,333.54
NDSN,2026-10-05,334.43
NDSN,2026-10-06,334.22
NEE,2026-09-30,75.74
NEE,2026-10-01,76.35
NEE,2026-10-02,76.83
NEE,2026-10-05,76.28
NEE,2026-10-06,77.88
NEM,2026-09-30,115.34
NEM,2026-10-01,114.67
NEM,2026-10-02,115.56
NEM,2026-10-05,115.82
NEM,2026-10-06,116.39
NEXI.MI,2026-10-01,4.062
NEXI.MI,2026-10-02,4.045
NEXI.MI,2026-10-05,4.044
NEXI.MI,2026-10-06,4.16
NEXI.MI,2026-10-07,4.146
NFLX,2026-09-30,69.58
NFLX,2026-10-01,67.85
NFLX,2026-10-02,67.06
NFLX,2026-10-05,67.5
NFLX,2026-10-06,68.69
NG.L,2026-10-01,1134.0
NG.L,2026-10-02,1146.5
NG.L,2026-10-05,1148.5
NG.L,2026-10-06,1151.0
NG.L,2026-10-07,1136.5
NGG,2026-09-30,75.82
NGG,2026-10-01,75.33
NGG,2026-10-02,76.12
NGG,2026-10-05,76.02
NGG,2026-10-06,76.85
NI,2026-09-30,39.0
NI,2026-10-01,39.5
NI,2026-10-02,39.43
NI,2026-10-05,39.55
NI,2026-10-06,40.67
NKE,2026-09-30,35.4
NKE,2026-10-01,35.15
NKE,2026-10-02,33.87
NKE,2026-10-05,33.96
NKE,2026-10-06,34.61
NOC,2026-09-30,483.48
NOC,2026-10-01,482.0
NOC,2026-10-02,478.0
NOC,2026-10-05,476.11
NOC,2026-10-06,483.11
NOW,2026-09-30,134.01
NOW,2026-10-01,137.76
NOW,2026-10-02,134.38
NOW,2026-10-05,136.08
NOW,2026-10-06,137.97
NRG,2026-09-30,95.65
NRG,2026-10-01,96.93
NRG,2026-10-02,95.23
NRG,2026-10-05,96.8
NRG,2026-10-06,103.6
NSC,2026-09-30,309.0
NSC,2026-10-01,310.26
NSC,2026-10-02,317.44
NSC,2026-10-05,316.23
NSC,2026-10-06,316.31
NTAP,2026-09-30,210.08
NTAP,2026-10-01,215.05
NTAP,2026-10-02,226.27
NTAP,2026-10-05,223.77
NTAP,2026-10-06,228.45
NTRS,2026-09-30,169.36
NTRS,2026-10-01,169.2
NTRS,2026-10-02,171.4
NTRS,2026-10-05,170.67
NTRS,2026-10-06,169.46
NUE,2026-09-30,233.75
NUE,2026-10-01,235.98
NUE,2026-10-02,240.39
NUE,2026-10-05,251.41
NUE,2026-10-06,251.07
NVDA,2026-09-30,228.38
NVDA,2026-10-01,230.86
NVDA,2026-10-02,233.95
NVDA,2026-10-05,238.9
NVDA,2026-10-06,239.24
NVR,2026-09-30,6154.3901
NVR,2026-10-01,6126.3799
NVR,2026-10-02,5993.8501
NVR,2026-10-05,5970.21
NVR,2026-10-06,6046.6001
NWG,2026-09-30,18.15
NWG,2026-10-01,17.4
NWG,2026-10-02,17.67
NWG,2026-10-05,17.5
NWG,2026-10-06,17.67
NWG.L,2026-10-01,651.4
NWG.L,2026-10-02,662.8
NWG.L,2026-10-05,663.4
NWG.L,2026-10-06,668.4
NWG.L,2026-10-07,643.6
NWS,2026-09-30,31.72
NWS,2026-10-01,31.45
NWS,2026-10-02,31.65
NWS,2026-10-05,32.0
NWS,2026-10-06,31.52
NWSA,2026-09-30,28.65
NWSA,2026-10-01,28.64
NWSA,2026-10-02,28.69
NWSA,2026-10-05,28.95
NWSA,2026-10-06,28.55
NXPI,2026-09-30,237.53
NXPI,2026-10-01,239.19
NXPI,2026-10-02,243.66
NXPI,2026-10-05,241.97
NXPI,2026-10-06,244.38
NXT.L,2026-10-01,14480.0
NXT.L,2026-10-02,14365.0
NXT.L,2026-10-05,14180.0
NXT.L,2026-10-06,14595.0
NXT.L,2026-10-07,14620.0
O,2026-09-30,54.3
O,2026-10-01,53.53
O,2026-10-02,54.13
O,2026-10-05,53.77
O,2026-10-06,54.25
OCDO.L,2026-10-01,258.4
OCDO.L,2026-10-02,260.4
OCDO.L,2026-10-05,256.8
OCDO.L,2026-10-06,262.4
OCDO.L,2026-10-07,275.2
OCI.L,2026-10-01,520.0
OCI.L,2026-10-02,520.0
OCI.L,2026-10-05,520.0
OCI.L,2026-10-06,516.0
OCI.L,2026-10-07,516.0
ODFL,2026-09-30,173.84
ODFL,2026-10-01,178.1
ODFL,2026-10-02,180.48
ODFL,2026-10-05,179.37
ODFL,2026-10-06,178.02
OKE,2026-09-30,85.27
OKE,2026-10-01,87.16
OKE,2026-10-02,87.88
OKE,2026-10-05,88.58
OKE,2026-10-06,89.23
OMC,2026-09-30,73.63
OMC,2026-10-01,74.7
OMC,2026-10-02,74.15
OMC,2026-10-05,75.25
OMC,2026-10-06,75.1
ON,2026-09-30,76.87
ON,2026-10-01,80.08
ON,2026-10-02,84.89
ON,2026-10-05,85.93
ON,2026-10-06,86.31
ONT.L,2026-10-01,214.0
ONT.L,2026-10-02,223.2
ONT.L,2026-10-05,220.0
ONT.L,2026-10-06,230.8
ONT.L,2026-10-07,217.5855
OR.PA,2026-10-01,371.75
OR.PA,2026-10-02,372.75
OR.PA,2026-10-05,373.45
OR.PA,2026-10-06,373.6
OR.PA,2026-10-07,373.6
ORA.PA,2026-10-01,13.815
ORA.PA,2026-10-02,13.98
ORA.PA,2026-10-05,14.03
ORA.PA,2026-10-06,14.06
ORA.PA,2026-10-07,14.31
ORCL,2026-09-30,137.3
ORCL,2026-10-01,138.07
ORCL,2026-10-02,142.3
ORCL,2026-10-05,142.48
ORCL,2026-10-06,144.77
ORLY,2026-09-30,85.41
ORLY,2026-10-01,85.03
ORLY,2026-10-02,84.9
ORLY,2026-10-05,83.9
ORLY,2026-10-06,85.14
OSB.L,2026-10-01,493.2
OSB.L,2026-10-02,493.6
OSB.L,2026-10-05,491.2
OSB.L,2026-10-06,494.0
OSB.L,2026-10-07,486.8
OTIS,2026-09-30,64.32
OTIS,2026-10-01,64.48
OTIS,2026-10-02,64.05
OTIS,2026-10-05,65.88
OTIS,2026-10-06,66.45
OXB.L,2026-10-01,509.0
OXB.L,2026-10-02,544.0
OXB.L,2026-10-05,544.0
OXB.L,2026-10-06,531.0
OXB.L,2026-10-07,520.654
OXIG.L,2026-10-01,3014.0
OXIG.L,2026-10-02,3102.0
OXIG.L,2026-10-05,3048.0
OXIG.L,2026-10-06,3112.0
OXIG.L,2026-10-07,3044.0
OXY,2026-09-30,55.32
OXY,2026-10-01,57.84
OXY,2026-10-02,58.08
OXY,2026-10-05,58.31
OXY,2026-10-06,58.33
P,2026-09-30,130.78
P,2026-10-01,134.13
P,2026-10-02,140.14
P,2026-10-05,143.88
P,2026-10-06,147.2
PAF.L,2026-10-01,120.2
PAF.L,2026-10-02,120.0
PAF.L,2026-10-05,119.8
PAF.L,2026-10-06,119.0
PAF.L,2026-10-07,115.0
PAG.L,2026-10-01,719.0
PAG.L,2026-10-02,718.5
PAG.L,2026-10-05,715.0
PAG.L,2026-10-06,705.0
PAG.L,2026-10-07,706.5
PAGE.L,2026-10-01,211.2
PAGE.L,2026-10-02,212.6
PAGE.L,2026-10-05,208.0
PAGE.L,2026-10-06,211.4
PAGE.L,2026-10-07,208.2
PAH3.DE,2026-10-01,24.69
PAH3.DE,2026-10-02,24.53
PAH3.DE,2026-10-05,24.46
PAH3.DE,2026-10-06,24.51
PAH3.DE,2026-10-07,25.03
PANW,2026-09-30,397.31
PANW,2026-10-01,396.25
PANW,2026-10-02,403.24
PANW,2026-10-05,406.76
PANW,2026-10-06,419.91
PAYX,2026-09-30,98.5
PAYX,2026-10-01,100.84
PAYX,2026-10-02,98.94
PAYX,2026-10-05,99.78
PAYX,2026-10-06,101.02
PCAR,2026-09-30,109.81
PCAR,2026-10-01,109.94
PCAR,2026-10-02,109.68
PCAR,2026-10-05,109.36
PCAR,2026-10-06,109.32
PCG,2026-09-30,12.25
PCG,2026-10-01,12.17
PCG,2026-10-02,12.32
PCG,2026-10-05,12.35
PCG,2026-10-06,12.5
PCGH.L,2026-10-01,432.5
PCGH.L,2026-10-02,426.5
PCGH.L,2026-10-05,429.5
PCGH.L,2026-10-06,428.5
PCGH.L,2026-10-07,430.52
PCT.L,2026-10-01,696.5
PCT.L,2026-10-02,711.5
PCT.L,2026-10-05,717.0
PCT.L,2026-10-06,723.0
PCT.L,2026-10-07,712.029
PEG,2026-09-30,67.34
PEG,2026-10-01,67.89
PEG,2026-10-02,68.07
PEG,2026-10-05,68.68
PEG,2026-10-06,71.73
PEP,2026-09-30,126.72
PEP,2026-10-01,125.6
PEP,2026-10-02,125.89
PEP,2026-10-05,125.65
PEP,2026-10-06,125.71
PETS.L,2026-10-01,213.2
PETS.L,2026-10-02,212.0
PETS.L,2026-10-05,206.2
PETS.L,2026-10-06,205.8
PETS.L,2026-10-07,208.6
PEY.L,2026-10-01,6.94
PEY.L,2026-10-02,6.94
PEY.L,2026-10-05,7.04
PEY.L,2026-10-06,6.94
PEY.L,2026-10-07,7.04
PFD.L,2026-10-01,191.1
PFD.L,2026-10-02,187.5
PFD.L,2026-10-05,186.7
PFD.L,2026-10-06,188.0
PFD.L,2026-10-07,189.1
PFE,2026-09-30,28.52
PFE,2026-10-01,28.12
PFE,2026-10-02,27.8
PFE,2026-10-05,27.41
PFE,2026-10-06,27.5
PFG,2026-09-30,111.96
PFG,2026-10-01,112.24
PFG,2026-10-02,111.96
PFG,2026-10-05,111.03
PFG,2026-10-06,109.7
PG,2026-09-30,145.28
PG,2026-10-01,143.95
PG,2026-10-02,144.91
PG,2026-10-05,145.94
PG,2026-10-06,148.41
PGR,2026-09-30,207.31
PGR,2026-10-01,210.96
PGR,2026-10-02,210.31
PGR,2026-10-05,212.62
PGR,2026-10-06,212.05
PH,2026-09-30,955.42
PH,2026-10-01,965.88
PH,2026-10-02,972.55
PH,2026-10-05,975.68
PH,2026-10-06,984.91
PHI.L,2026-10-01,1130.0
PHI.L,2026-10-02,1138.0
PHI.L,2026-10-05,1152.0
PHI.L,2026-10-06,1142.0
PHI.L,2026-10-07,1121.4771
PHM,2026-09-30,116.06
PHM,2026-10-01,116.35
PHM,2026-10-02,115.73
PHM,2026-10-05,113.98
PHM,2026-10-06,116.1
PHP.L,2026-10-01,89.55
PHP.L,2026-10-02,90.35
PHP.L,2026-10-05,89.55
PHP.L,2026-10-06,89.75
PHP.L,2026-10-07,90.15
PIN.L,2026-10-01,384.5
PIN.L,2026-10-02,388.0
PIN.L,2026-10-05,388.0
PIN.L,2026-10-06,386.0
PIN.L,2026-10-07,383.9011
PINE.L,2026-10-01,446.0
PINE.L,2026-10-02,446.5
PINE.L,2026-10-05,447.0
PINE.L,2026-10-06,447.0
PINE.L,2026-10-07,448.0
PINT.L,2026-10-01,113.2
PINT.L,2026-10-02,112.0
PINT.L,2026-10-05,110.8
PINT.L,2026-10-06,112.4
PINT.L,2026-10-07,112.677
PKG,2026-09-30,229.26
PKG,2026-10-01,229.71
PKG,2026-10-02,228.54
PKG,2026-10-05,229.31
PKG,2026-10-06,229.74
PLD,2026-09-30,129.84
PLD,2026-10-01,128.18
PLD,2026-10-02,128.91
PLD,2026-10-05,128.08
PLD,2026-10-06,128.68
PLTR,2026-09-30,187.05
PLTR,2026-10-01,190.04
PLTR,2026-10-02,188.75
PLTR,2026-10-05,189.4
PLTR,2026-10-06,192.07
PLUS.L,2026-10-01,3416.0
PLUS.L,2026-10-02,3240.0
PLUS.L,2026-10-05,3270.0
PLUS.L,2026-10-06,3244.0
PLUS.L,2026-10-07,3228.0
PM,2026-09-30,190.82
PM,2026-10-01,188.18
PM,2026-10-02,187.46
PM,2026-10-05,189.53
PM,2026-10-06,190.4
PNC,2026-09-30,222.26
PNC,2026-10-01,220.75
PNC,2026-10-02,221.03
PNC,2026-10-05,220.28
PNC,2026-10-06,220.16
PNL.L,2026-10-01,537.0
PNL.L,2026-10-02,537.0
PNL.L,2026-10-05,539.0
PNL.L,2026-10-06,543.0
PNL.L,2026-10-07,540.501
PNN.L,2026-10-01,443.6
PNN.L,2026-10-02,458.8
PNN.L,2026-10-05,448.6
PNN.L,2026-10-06,452.0
PNN.L,2026-10-07,360.024
PNR,2026-09-30,52.99
PNR,2026-10-01,52.88
PNR,2026-10-02,53.03
PNR,2026-10-05,52.78
PNR,2026-10-06,52.94
PNW,2026-09-30,93.04
PNW,2026-10-01,94.63
PNW,2026-10-02,95.92
PNW,2026-10-05,95.96
PNW,2026-10-06,98.04
PODD,2026-09-30,130.47
PODD,2026-10-01,130.79
PODD,2026-10-02,131.69
PODD,2026-10-05,135.62
PODD,2026-10-06,134.73
POLN.L,2026-10-01,909.0
POLN.L,2026-10-02,900.0
POLN.L,2026-10-05,897.0
POLN.L,2026-10-06,888.0
POLN.L,2026-10-07,870.0
PPET.L,2026-10-01,600.0
PPET.L,2026-10-02,600.0
PPET.L,2026-10-05,600.0
PPET.L,2026-10-06,600.0
PPET.L,2026-10-07,597.533
PPG,2026-09-30,104.33
PPG,2026-10-01,104.67
PPG,2026-10-02,105.15
PPG,2026-10-05,105.27
PPG,2026-10-06,106.52
PPH.L,2026-10-01,1448.0
PPH.L,2026-10-02,1454.0
PPH.L,2026-10-05,1438.0
PPH.L,2026-10-06,1440.0
PPH.L,2026-10-07,1424.0
PPL,2026-09-30,32.89
PPL,2026-10-01,32.76
PPL,2026-10-02,32.8
PPL,2026-10-05,32.95
PPL,2026-10-06,33.7
PRN.L,2026-10-01,334.0
PRN.L,2026-10-02,327.0
PRN.L,2026-10-05,324.5
PRN.L,2026-10-06,323.5
PRN.L,2026-10-07,325.0587
PRU,2026-09-30,113.58
PRU,2026-10-01,113.13
PRU,2026-10-02,112.6
PRU,2026-10-05,113.48
PRU,2026-10-06,113.54
PRU.L,2026-10-01,921.0
PRU.L,2026-10-02,918.0
PRU.L,2026-10-05,919.0
PRU.L,2026-10-06,924.2
PRU.L,2026-10-07,892.0
PRX.AS,2026-10-01,34.815
PRX.AS,2026-10-02,34.5
PRX.AS,2026-10-05,35.285
PRX.AS,2026-10-06,35.565
PRX.AS,2026-10-07,35.075
PRY.MI,2026-10-01,124.85
PRY.MI,2026-10-02,129.8
PRY.MI,2026-10-05,128.05
PRY.MI,2026-10-06,130.4
PRY.MI,2026-10-07,124.9
PSA,2026-09-30,282.84
PSA,2026-10-01,284.0
PSA,2026-10-02,283.81
PSA,2026-10-05,281.66
PSA,2026-10-06,285.85
PSH.L,2026-10-01,3636.0
PSH.L,2026-10-02,3676.0
PSH.L,2026-10-05,3692.0
PSH.L,2026-10-06,3762.0
PSH.L,2026-10-07,3753.0
PSKY,2026-10-05,9.775
PSKY,2026-10-06,9.53
PSN.L,2026-10-01,1248.0
PSN.L,2026-10-02,1237.5
PSN.L,2026-10-05,1212.5
PSN.L,2026-10-06,1240.0
PSN.L,2026-10-07,1231.3828
PSO,2026-09-30,16.05
PSO,2026-10-01,16.16
PSO,2026-10-02,16.12
PSO,2026-10-05,16.24
PSO,2026-10-06,16.32
PSON.L,2026-10-01,1223.5
PSON.L,2026-10-02,1222.0
PSON.L,2026-10-05,1229.5
PSON.L,2026-10-06,1233.0
PSON.L,2026-10-07,1239.5
PST.MI,2026-10-01,24.53
PST.MI,2026-10-02,24.49
PST.MI,2026-10-05,24.68
PST.MI,2026-10-06,24.8
PST.MI,2026-10-07,24.25
PSX,2026-09-30,255.31
PSX,2026-10-01,264.23
PSX,2026-10-02,264.58
PSX,2026-10-05,269.72
PSX,2026-10-06,269.79
PTC,2026-09-30,140.3
PTC,2026-10-01,146.47
PTC,2026-10-02,144.03
PTC,2026-10-05,192.26
PTC,2026-10-06,193.0
PTEC.L,2026-10-01,372.0
PTEC.L,2026-10-02,374.2
PTEC.L,2026-10-05,386.8
PTEC.L,2026-10-06,382.8
PTEC.L,2026-10-07,380.2
PUB.PA,2026-10-01,95.34
PUB.PA,2026-10-02,94.24
PUB.PA,2026-10-05,94.18
PUB.PA,2026-10-06,94.36
PUB.PA,2026-10-07,95.0
PUK,2026-09-30,24.74
PUK,2026-10-01,24.71
PUK,2026-10-02,24.57
PUK,2026-10-05,24.51
PUK,2026-10-06,24.6
PWR,2026-09-30,642.51
PWR,2026-10-01,662.6
PWR,2026-10-02,676.56
PWR,2026-10-05,683.42
PWR,2026-10-06,719.56
PYPL,2026-09-30,52.53
PYPL,2026-10-01,53.06
PYPL,2026-10-02,52.8
PYPL,2026-10-05,54.41
PYPL,2026-10-06,54.61
Q,2026-09-30,125.74
Q,2026-10-01,128.45
Q,2026-10-02,131.48
Q,2026-10-05,131.53
Q,2026-10-06,133.63
QCOM,2026-09-30,184.04
QCOM,2026-10-01,182.09
QCOM,2026-10-02,184.87
QCOM,2026-10-05,180.79
QCOM,2026-10-06,181.03
QGEN,2026-09-30,43.76
QGEN,2026-10-01,42.04
QGEN,2026-10-02,44.75
QGEN,2026-10-05,45.79
QGEN,2026-10-06,45.65
QIA.DE,2026-10-01,38.19
QIA.DE,2026-10-02,40.405
QIA.DE,2026-10-05,40.185
QIA.DE,2026-10-06,40.54
QIA.DE,2026-10-07,40.575
QLT.L,2026-10-01,175.1
QLT.L,2026-10-02,174.9
QLT.L,2026-10-05,175.6
QLT.L,2026-10-06,175.5
QLT.L,2026-10-07,175.6
QQ.L,2026-10-01,481.0
QQ.L,2026-10-02,476.0
QQ.L,2026-10-05,475.4
QQ.L,2026-10-06,449.8
QQ.L,2026-10-07,456.2
RACE,2026-09-30,392.85
RACE,2026-10-01,387.3
RACE,2026-10-02,388.33
RACE,2026-10-05,383.4
RACE,2026-10-06,386.5
RACE.MI,2026-10-01,342.0
RACE.MI,2026-10-02,343.5
RACE.MI,2026-10-05,341.2
RACE.MI,2026-10-06,345.25
RACE.MI,2026-10-07,343.3
RAT.L,2026-10-01,1534.0
RAT.L,2026-10-02,1536.0
RAT.L,2026-10-05,1518.0
RAT.L,2026-10-06,1512.0
RAT.L,2026-10-07,1518.0
RCL,2026-09-30,265.86
RCL,2026-10-01,269.99
RCL,2026-10-02,277.74
RCL,2026-10-05,275.03
RCL,2026-10-06,288.78
RCP.L,2026-10-01,2480.0
RCP.L,2026-10-02,2475.0
RCP.L,2026-10-05,2450.0
RCP.L,2026-10-06,2455.0
RCP.L,2026-10-07,2450.4546
RDDT,2026-09-30,142.44
RDDT,2026-10-01,149.53
RDDT,2026-10-02,147.86
RDDT,2026-10-05,150.42
RDDT,2026-10-06,148.95
REC.MI,2026-10-01,52.55
REC.MI,2026-10-02,52.6
REC.MI,2026-10-05,52.2
REC.MI,2026-10-06,53.1
REC.MI,2026-10-07,53.0
REG,2026-09-30,71.88
REG,2026-10-01,71.8
REG,2026-10-02,71.6
REG,2026-10-05,71.33
REG,2026-10-06,71.42
REGN,2026-09-30,758.27
REGN,2026-10-01,734.81
REGN,2026-10-02,735.2
REGN,2026-10-05,726.47
REGN,2026-10-06,738.72
REL.L,2026-10-01,2510.0
REL.L,2026-10-02,2528.0
REL.L,2026-10-05,2536.0
REL.L,2026-10-06,2571.0
REL.L,2026-10-07,2597.0
RELX,2026-09-30,33.18
RELX,2026-10-01,33.49
RELX,2026-10-02,33.42
RELX,2026-10-05,33.82
RELX,2026-10-06,34.03
RF,2026-09-30,26.88
RF,2026-10-01,26.96
RF,2026-10-02,27.1
RF,2026-10-05,27.07
RF,2026-10-06,27.05
RHIM.L,2026-10-01,3050.0
RHIM.L,2026-10-02,2850.0
RHIM.L,2026-10-05,2880.0
RHIM.L,2026-10-06,2845.0
RHIM.L,2026-10-07,2850.0
RHM.DE,2026-10-01,945.8
RHM.DE,2026-10-02,956.9
RHM.DE,2026-10-05,980.2
RHM.DE,2026-10-06,953.0
RHM.DE,2026-10-07,936.8
RI.PA,2026-10-01,59.0
RI.PA,2026-10-02,58.62
RI.PA,2026-10-05,58.04
RI.PA,2026-10-06,59.22
RI.PA,2026-10-07,60.22
RICA.L,2026-10-01,295.5
RICA.L,2026-10-02,294.5
RICA.L,2026-10-05,294.0
RICA.L,2026-10-06,293.5
RICA.L,2026-10-07,291.759
RIO,2026-09-30,94.17
RIO,2026-10-01,92.87
RIO,2026-10-02,94.21
RIO,2026-10-05,95.65
RIO,2026-10-06,95.89
RIO.L,2026-10-01,6954.0
RIO.L,2026-10-02,7056.0
RIO.L,2026-10-05,7183.0
RIO.L,2026-10-06,7164.0
RIO.L,2026-10-07,7075.0
RJF,2026-09-30,158.02
RJF,2026-10-01,159.76
RJF,2026-10-02,158.21
RJF,2026-10-05,160.8
RJF,2026-10-06,159.43
RKT.L,2026-10-01,4907.0
RKT.L,2026-10-02,4925.0
RKT.L,2026-10-05,4889.0
RKT.L,2026-10-06,4977.0
RKT.L,2026-10-07,5084.814
RL,2026-09-30,355.07
RL,2026-10-01,362.66
RL,2026-10-02,363.37
RL,2026-10-05,365.54
RL,2026-10-06,368.67
RMD,2026-09-30,221.1
RMD,2026-10-01,221.15
RMD,2026-10-02,218.89
RMD,2026-10-05,222.86
RMD,2026-10-06,220.69
RMS.PA,2026-10-01,1301.5
RMS.PA,2026-10-02,1299.5
RMS.PA,2026-10-05,1286.0
RMS.PA,2026-10-06,1282.0
RMS.PA,2026-10-07,1260.5
RMV.L,2026-10-01,450.3
RMV.L,2026-10-02,452.5
RMV.L,2026-10-05,443.5
RMV.L,2026-10-06,453.5
RMV.L,2026-10-07,462.2
RNK.L,2026-10-01,74.3
RNK.L,2026-10-02,73.6
RNK.L,2026-10-05,72.9
RNK.L,2026-10-06,73.1
RNK.L,2026-10-07,72.5
RNO.PA,2026-10-01,25.43
RNO.PA,2026-10-02,24.68
RNO.PA,2026-10-05,25.26
RNO.PA,2026-10-06,25.8
RNO.PA,2026-10-07,26.58
ROK,2026-09-30,435.33
ROK,2026-10-01,442.45
ROK,2026-10-02,454.35
ROK,2026-10-05,455.18
ROK,2026-10-06,450.74
ROL,2026-09-30,30.12
ROL,2026-10-01,30.57
ROL,2026-10-02,30.16
ROL,2026-10-05,29.69
ROL,2026-10-06,30.35
ROP,2026-09-30,349.41
ROP,2026-10-01,362.59
ROP,2026-10-02,354.32
ROP,2026-10-05,363.38
ROP,2026-10-06,362.28
ROR.L,2026-10-01,488.4
ROR.L,2026-10-02,488.0
ROR.L,2026-10-05,488.6
ROR.L,2026-10-06,488.4
ROR.L,2026-10-07,489.4
ROSE.L,2026-10-01,309.0
ROSE.L,2026-10-02,315.0
ROSE.L,2026-10-05,314.0
ROSE.L,2026-10-06,317.0
ROSE.L,2026-10-07,311.0
ROST,2026-09-30,233.4
ROST,2026-10-01,234.1
ROST,2026-10-02,228.54
ROST,2026-10-05,226.37
ROST,2026-10-06,224.21
RPI.L,2026-10-01,686.0
RPI.L,2026-10-02,716.5
RPI.L,2026-10-05,687.5
RPI.L,2026-10-06,674.0
RPI.L,2026-10-07,654.5
RR.L,2026-10-01,1471.8
RR.L,2026-10-02,1477.2
RR.L,2026-10-05,1478.0
RR.L,2026-10-06,1438.2
RR.L,2026-10-07,1427.0
RS1.L,2026-10-01,768.5
RS1.L,2026-10-02,772.5
RS1.L,2026-10-05,756.5
RS1.L,2026-10-06,764.0
RS1.L,2026-10-07,758.0
RSG,2026-09-30,209.87
RSG,2026-10-01,206.98
RSG,2026-10-02,209.56
RSG,2026-10-05,212.83
RSG,2026-10-06,214.74
RSW.L,2026-10-01,5855.0
RSW.L,2026-10-02,5960.0
RSW.L,2026-10-05,5855.0
RSW.L,2026-10-06,5990.0
RSW.L,2026-10-07,5782.4922
RTO,2026-09-30,19.75
RTO,2026-10-01,19.8
RTO,2026-10-02,19.95
RTO,2026-10-05,20.02
RTO,2026-10-06,19.95
RTO.L,2026-10-01,296.1
RTO.L,2026-10-02,299.4
RTO.L,2026-10-05,299.2
RTO.L,2026-10-06,299.0
RTO.L,2026-10-07,301.3
RTW.L,2026-10-01,2.34
RTW.L,2026-10-02,2.35
RTW.L,2026-10-05,2.32
RTW.L,2026-10-06,2.33
RTW.L,2026-10-07,2.3
RTX,2026-09-30,185.65
RTX,2026-10-01,185.01
RTX,2026-10-02,184.68
RTX,2026-10-05,184.33
RTX,2026-10-06,183.29
RVTY,2026-09-30,152.89
RVTY,2026-10-01,149.06
RVTY,2026-10-02,151.53
RVTY,2026-10-05,157.36
RVTY,2026-10-06,153.3
RWE.DE,2026-10-01,58.4
RWE.DE,2026-10-02,59.1
RWE.DE,2026-10-05,58.6
RWE.DE,2026-10-06,58.38
RWE.DE,2026-10-07,57.56
SAF.PA,2026-10-01,327.0
SAF.PA,2026-10-02,330.1
SAF.PA,2026-10-05,329.8
SAF.PA,2026-10-06,329.4
SAF.PA,2026-10-07,321.2
SAFE.L,2026-10-01,504.0
SAFE.L,2026-10-02,506.0
SAFE.L,2026-10-05,501.0
SAFE.L,2026-10-06,511.0
SAFE.L,2026-10-07,504.0
SAGA.L,2026-10-01,781.0
SAGA.L,2026-10-02,761.0
SAGA.L,2026-10-05,765.0
SAGA.L,2026-10-06,750.0
SAGA.L,2026-10-07,757.0
SAIN.L,2026-10-01,547.0
SAIN.L,2026-10-02,552.0
SAIN.L,2026-10-05,552.0
SAIN.L,2026-10-06,556.0
SAIN.L,2026-10-07,553.28
SAN,2026-09-30,13.83
SAN,2026-10-01,13.28
SAN,2026-10-02,13.36
SAN,2026-10-05,13.9
SAN,2026-10-06,14.01
SAN.MC,2026-10-01,11.812
SAN.MC,2026-10-02,11.808
SAN.MC,2026-10-05,12.342
SAN.MC,2026-10-06,12.52
SAN.MC,2026-10-07,12.0
SAN.PA,2026-10-01,73.1
SAN.PA,2026-10-02,70.81
SAN.PA,2026-10-05,69.99
SAN.PA,2026-10-06,70.61
SAN.PA,2026-10-07,71.41
SAP,2026-09-30,208.48
SAP,2026-10-01,210.79
SAP,2026-10-02,208.57
SAP,2026-10-05,207.74
SAP,2026-10-06,210.46
SAP.DE,2026-10-01,186.74
SAP.DE,2026-10-02,183.92
SAP.DE,2026-10-05,185.04
SAP.DE,2026-10-06,188.6
SAP.DE,2026-10-07,187.0
SBAC,2026-09-30,160.12
SBAC,2026-10-01,158.02
SBAC,2026-10-02,158.49
SBAC,2026-10-05,161.82
SBAC,2026-10-06,169.7
SBRY.L,2026-10-01,326.0
SBRY.L,2026-10-02,323.3
SBRY.L,2026-10-05,322.9
SBRY.L,2026-10-06,321.8
SBRY.L,2026-10-07,326.3
SBUX,2026-09-30,93.96
SBUX,2026-10-01,94.88
SBUX,2026-10-02,94.71
SBUX,2026-10-05,94.43
SBUX,2026-10-06,96.11
SCHW,2026-09-30,97.74
SCHW,2026-10-01,98.37
SCHW,2026-10-02,96.7
SCHW,2026-10-05,97.96
SCHW,2026-10-06,96.8
SCT.L,2026-10-01,1856.0
SCT.L,2026-10-02,1866.0
SCT.L,2026-10-05,1835.0
SCT.L,2026-10-06,1833.0
SCT.L,2026-10-07,1831.0
SDLF.L,2026-10-01,861.5
SDLF.L,2026-10-02,868.5
SDLF.L,2026-10-05,868.0
SDLF.L,2026-10-06,879.5
SDLF.L,2026-10-07,874.5
SDP.L,2026-10-01,848.0
SDP.L,2026-10-02,855.0
SDP.L,2026-10-05,857.0
SDP.L,2026-10-06,857.0
SDP.L,2026-10-07,844.9388
SDR.L,2026-10-01,589.0
SDR.L,2026-10-02,589.0
SEIT.L,2026-10-01,33.8
SEIT.L,2026-10-02,33.6
SEIT.L,2026-10-05,33.2
SEIT.L,2026-10-06,33.4
SEIT.L,2026-10-07,33.451
SEQI.L,2026-10-01,84.3
SEQI.L,2026-10-02,84.5
SEQI.L,2026-10-05,83.1
SEQI.L,2026-10-06,83.6
SEQI.L,2026-10-07,83.7996
SGE.L,2026-10-01,979.2
SGE.L,2026-10-02,983.4
SGE.L,2026-10-05,1002.0
SGE.L,2026-10-06,1005.0
SGE.L,2026-10-07,1005.0
SGO.PA,2026-10-01,66.32
SGO.PA,2026-10-02,67.1
SGO.PA,2026-10-05,66.12
SGO.PA,2026-10-06,67.14
SGO.PA,2026-10-07,65.44
SGRO.L,2026-10-01,912.6
SGRO.L,2026-10-02,915.2
SGRO.L,2026-10-05,915.4
SGRO.L,2026-10-06,920.2
SGRO.L,2026-10-07,914.2
SHAW.L,2026-10-01,302.0
SHAW.L,2026-10-02,293.0
SHAW.L,2026-10-05,297.5
SHAW.L,2026-10-06,298.5
SHAW.L,2026-10-07,294.0
SHC.L,2026-10-01,134.3
SHC.L,2026-10-02,135.8
SHC.L,2026-10-05,135.4
SHC.L,2026-10-06,137.5
SHC.L,2026-10-07,137.3
SHEL,2026-09-30,95.05
SHEL,2026-10-01,95.61
SHEL,2026-10-02,96.23
SHEL,2026-10-05,96.52
SHEL,2026-10-06,97.62
SHEL.L,2026-10-01,3589.0
SHEL.L,2026-10-02,3596.5
SHEL.L,2026-10-05,3631.5
SHEL.L,2026-10-06,3651.0
SHEL.L,2026-10-07,3683.0
SHL.DE,2026-10-01,37.61
SHL.DE,2026-10-02,37.86
SHL.DE,2026-10-05,37.45
SHL.DE,2026-10-06,38.07
SHL.DE,2026-10-07,38.26
SHW,2026-09-30,323.27
SHW,2026-10-01,320.78
SHW,2026-10-02,319.51
SHW,2026-10-05,318.46
SHW,2026-10-06,321.16
SI,2026-09-30,18.9
SI,2026-10-01,18.75
SI,2026-10-02,19.01
SI,2026-10-05,19.6
SI,2026-10-06,19.14
SIE.DE,2026-10-01,271.9
SIE.DE,2026-10-02,276.1
SIE.DE,2026-10-05,275.0
SIE.DE,2026-10-06,279.0
SIE.DE,2026-10-07,271.5
SJM,2026-09-30,118.91
SJM,2026-10-01,115.95
SJM,2026-10-02,117.19
SJM,2026-10-05,116.23
SJM,2026-10-06,116.8
SLB,2026-09-30,48.72
SLB,2026-10-01,48.66
SLB,2026-10-02,48.74
SLB,2026-10-05,50.28
SLB,2026-10-06,50.0
SMCI,2026-09-30,41.07
SMCI,2026-10-01,41.92
SMCI,2026-10-02,43.69
SMCI,2026-10-05,43.19
SMCI,2026-10-06,43.46
SMIN.L,2026-10-01,2782.0
SMIN.L,2026-10-02,2816.0
SMIN.L,2026-10-05,2841.0
SMIN.L,2026-10-06,2847.0
SMIN.L,2026-10-07,2805.0
SMT.L,2026-10-01,1579.0
SMT.L,2026-10-02,1590.0
SMT.L,2026-10-05,1620.5
SMT.L,2026-10-06,1637.5
SMT.L,2026-10-07,1621.265
SMWH.L,2026-10-01,371.2
SMWH.L,2026-10-02,369.0
SMWH.L,2026-10-05,369.0
SMWH.L,2026-10-06,369.0
SMWH.L,2026-10-07,369.4
SN.L,2026-10-01,982.4
SN.L,2026-10-02,989.0
SN.L,2026-10-05,1004.5
SN.L,2026-10-06,1011.5
SN.L,2026-10-07,1017.0
SNA,2026-09-30,363.35
SNA,2026-10-01,367.72
SNA,2026-10-02,368.9
SNA,2026-10-05,367.4
SNA,2026-10-06,368.61
SNDK,2026-09-30,1739.89
SNDK,2026-10-01,1787.6899
SNDK,2026-10-02,1719.99
SNDK,2026-10-05,1704.16
SNDK,2026-10-06,1660.46
SNN,2026-09-30,26.96
SNN,2026-10-01,26.58
SNN,2026-10-02,26.42
SNN,2026-10-05,26.92
SNN,2026-10-06,26.87
SNPS,2026-09-30,434.94
SNPS,2026-10-01,490.54
SNPS,2026-10-02,489.9
SNPS,2026-10-05,488.47
SNPS,2026-10-06,505.17
SNR.L,2026-10-01,296.5
SNR.L,2026-10-02,297.0
SNR.L,2026-10-05,297.0
SNR.L,2026-10-06,297.5
SNR.L,2026-10-07,297.0
SNY,2026-09-30,41.23
SNY,2026-10-01,40.67
SNY,2026-10-02,39.92
SNY,2026-10-05,39.51
SNY,2026-10-06,39.56
SO,2026-09-30,82.89
SO,2026-10-01,83.47
SO,2026-10-02,83.72
SO,2026-10-05,83.79
SO,2026-10-06,85.44
SOI.L,2026-10-01,459.5
SOI.L,2026-10-02,459.0
SOI.L,2026-10-05,462.0
SOI.L,2026-10-06,460.0
SOI.L,2026-10-07,456.0
SOLV,2026-09-30,88.15
SOLV,2026-10-01,87.77
SOLV,2026-10-02,87.85
SOLV,2026-10-05,88.03
SOLV,2026-10-06,87.04
SPG,2026-09-30,200.76
SPG,2026-10-01,200.81
SPG,2026-10-02,200.95
SPG,2026-10-05,201.4
SPG,2026-10-06,201.74
SPGI,2026-09-30,394.47
SPGI,2026-10-01,388.16
SPGI,2026-10-02,386.27
SPGI,2026-10-05,390.92
SPGI,2026-10-06,396.13
SPI.L,2026-10-01,247.5
SPI.L,2026-10-02,247.0
SPI.L,2026-10-05,247.0
SPI.L,2026-10-06,247.0
SPI.L,2026-10-07,247.005
SPM.MI,2026-10-01,4.295
SPM.MI,2026-10-02,4.322
SPM.MI,2026-10-05,4.455
SPM.MI,2026-10-06,4.376
SPM.MI,2026-10-07,4.419
SPX.L,2026-10-01,7175.0
SPX.L,2026-10-02,7240.0
SPX.L,2026-10-05,7275.0
SPX.L,2026-10-06,7360.0
SPX.L,2026-10-07,7230.0
SPY,2026-09-30,762.63
SPY,2026-10-01,763.99
SPY,2026-10-02,769.64
SPY,2026-10-05,774.83
SPY,2026-10-06,779.09
SRE,2026-09-30,77.96
SRE,2026-10-01,78.05
SRE,2026-10-02,78.38
SRE,2026-10-05,78.16
SRE,2026-10-06,79.97
SRE.L,2026-10-01,86.1
SRE.L,2026-10-02,86.7
SRE.L,2026-10-05,88.35
SRE.L,2026-10-06,88.8
SRE.L,2026-10-07,88.25
SRG.MI,2026-10-01,5.534
SRG.MI,2026-10-02,5.614
SRG.MI,2026-10-05,5.538
SRG.MI,2026-10-06,5.548
SRG.MI,2026-10-07,5.556
SRP.L,2026-10-01,253.2
SRP.L,2026-10-02,251.8
SRP.L,2026-10-05,252.0
SRP.L,2026-10-06,249.8
SRP.L,2026-10-07,249.6
SSE.L,2026-10-01,2473.0
SSE.L,2026-10-02,2447.0
SSE.L,2026-10-05,2466.0
SSE.L,2026-10-06,2472.0
SSE.L,2026-10-07,2437.0
SSIT.L,2026-10-01,195.4
SSIT.L,2026-10-02,202.5
SSIT.L,2026-10-05,201.0
SSIT.L,2026-10-06,199.8
SSIT.L,2026-10-07,195.2
SSPG.L,2026-10-01,188.3
SSPG.L,2026-10-02,190.0
SSPG.L,2026-10-05,187.5
SSPG.L,2026-10-06,188.9
SSPG.L,2026-10-07,190.4
STAN.L,2026-10-01,2218.0
STAN.L,2026-10-02,2190.0
STAN.L,2026-10-05,2246.0
STAN.L,2026-10-06,2253.0
STAN.L,2026-10-07,2142.6638
STE,2026-09-30,210.01
STE,2026-10-01,209.34
STE,2026-10-02,208.54
STE,2026-10-05,211.07
STE,2026-10-06,208.65
STJ.L,2026-10-01,1041.0
STJ.L,2026-10-02,1043.5
STJ.L,2026-10-05,1039.0
STJ.L,2026-10-06,1038.5
STJ.L,2026-10-07,1028.5
STLA,2026-09-30,4.36
STLA,2026-10-01,4.69
STLA,2026-10-02,4.4
STLA,2026-10-05,4.49
STLA,2026-10-06,4.61
STLAM.MI,2026-10-01,3.8485
STLAM.MI,2026-10-02,3.8825
STLAM.MI,2026-10-05,3.9845
STLAM.MI,2026-10-06,4.069
STLAM.MI,2026-10-07,4.1155
STLAP.PA,2026-10-01,3.8465
STLAP.PA,2026-10-02,3.8825
STLAP.PA,2026-10-05,3.985
STLAP.PA,2026-10-06,4.0655
STLAP.PA,2026-10-07,4.1145
STLD,2026-09-30,221.61
STLD,2026-10-01,226.17
STLD,2026-10-02,231.99
STLD,2026-10-05,241.04
STLD,2026-10-06,238.17
STM,2026-09-30,53.36
STM,2026-10-01,53.5
STM,2026-10-02,57.26
STM,2026-10-05,57.68
STM,2026-10-06,58.72
STMMI.MI,2026-10-01,47.2
STMMI.MI,2026-10-02,50.35
STMMI.MI,2026-10-05,50.86
STMMI.MI,2026-10-06,51.99
STMMI.MI,2026-10-07,50.04
STMPA.PA,2026-10-01,47.25
STMPA.PA,2026-10-02,50.34
STMPA.PA,2026-10-05,50.87
STMPA.PA,2026-10-06,52.0
STMPA.PA,2026-10-07,50.04
STT,2026-09-30,174.59
STT,2026-10-01,174.62
STT,2026-10-02,175.96
STT,2026-10-05,176.37
STT,2026-10-06,175.75
STX,2026-09-30,922.34
STX,2026-10-01,945.57
STX,2026-10-02,848.99
STX,2026-10-05,887.09
STX,2026-10-06,805.63
STZ,2026-09-30,113.06
STZ,2026-10-01,112.99
STZ,2026-10-02,112.87
STZ,2026-10-05,113.31
STZ,2026-10-06,115.67
SU.PA,2026-10-01,292.6
SU.PA,2026-10-02,303.0
SU.PA,2026-10-05,272.8
SU.PA,2026-10-06,260.5
SU.PA,2026-10-07,255.75
SUPR.L,2026-10-01,81.05
SUPR.L,2026-10-02,81.4
SUPR.L,2026-10-05,80.35
SUPR.L,2026-10-06,80.75
SUPR.L,2026-10-07,80.6
SVS.L,2026-10-01,987.0
SVS.L,2026-10-02,982.0
SVS.L,2026-10-05,970.0
SVS.L,2026-10-06,973.0
SVS.L,2026-10-07,969.0
SVT.L,2026-10-01,3074.0
SVT.L,2026-10-02,3118.0
SVT.L,2026-10-05,3102.0
SVT.L,2026-10-06,3114.0
SVT.L,2026-10-07,3032.0
SW,2026-09-30,44.1
SW,2026-10-01,43.04
SW,2026-10-02,42.54
SW,2026-10-05,42.41
SW,2026-10-06,42.39
SWK,2026-09-30,88.59
SWK,2026-10-01,89.59
SWK,2026-10-02,91.34
SWK,2026-10-05,89.68
SWK,2026-10-06,89.99
SWKS,2026-09-30,85.48
SWKS,2026-10-01,83.16
SWKS,2026-10-02,85.03
SWKS,2026-10-05,83.91
SWKS,2026-10-06,82.79
SY1.DE,2026-10-01,90.38
SY1.DE,2026-10-02,91.0
SY1.DE,2026-10-05,90.78
SY1.DE,2026-10-06,91.72
SY1.DE,2026-10-07,91.28
SYF,2026-09-30,70.97
SYF,2026-10-01,71.51
SYF,2026-10-02,71.77
SYF,2026-10-05,71.88
SYF,2026-10-06,72.16
SYK,2026-09-30,275.39
SYK,2026-10-01,272.96
SYK,2026-10-02,275.43
SYK,2026-10-05,285.22
SYK,2026-10-06,278.2
SYNC.L,2026-10-01,122.0
SYNC.L,2026-10-02,122.0
SYNC.L,2026-10-05,122.0
SYNC.L,2026-10-06,122.0
SYNC.L,2026-10-07,122.4
SYY,2026-09-30,77.96
SYY,2026-10-01,77.77
SYY,2026-10-02,77.49
SYY,2026-10-05,76.38
SYY,2026-10-06,77.45
T,2026-09-30,24.4
T,2026-10-01,24.3
T,2026-10-02,24.3
T,2026-10-05,24.24
T,2026-10-06,24.43
TATE.L,2026-10-01,558.5
TATE.L,2026-10-02,559.5
TATE.L,2026-10-05,559.5
TATE.L,2026-10-06,561.0
TATE.L,2026-10-07,560.5
TBCG.L,2026-10-01,5165.0
TBCG.L,2026-10-02,5075.0
TBCG.L,2026-10-05,5080.0
TBCG.L,2026-10-06,5100.0
TBCG.L,2026-10-07,4990.0
TCAP.L,2026-10-01,321.4
TCAP.L,2026-10-02,323.2
TCAP.L,2026-10-05,325.0
TCAP.L,2026-10-06,325.2
TCAP.L,2026-10-07,322.8
TDG,2026-09-30,1082.6
TDG,2026-10-01,1097.24
TDG,2026-10-02,1090.38
TDG,2026-10-05,1092.66
TDG,2026-10-06,1103.33
TDY,2026-09-30,606.81
TDY,2026-10-01,612.7
TDY,2026-10-02,617.17
TDY,2026-10-05,619.64
TDY,2026-10-06,622.22
TECH,2026-09-30,72.47
TECH,2026-10-01,72.4
TECH,2026-10-02,72.4
TECH,2026-10-05,72.58
TECH,2026-10-06,72.43
TEL,2026-09-30,211.08
TEL,2026-10-01,217.76
TEL,2026-10-02,220.36
TEL,2026-10-05,218.93
TEL,2026-10-06,219.51
TEM.L,2026-10-01,330.0
TEM.L,2026-10-02,333.0
TEM.L,2026-10-05,339.5
TEM.L,2026-10-06,339.0
TEM.L,2026-10-07,334.5
TEN.MI,2026-10-01,24.46
TEN.MI,2026-10-02,24.74
TEN.MI,2026-10-05,26.04
TEN.MI,2026-10-06,25.3
TEN.MI,2026-10-07,25.54
TEP.L,2026-10-01,797.0
TEP.L,2026-10-02,812.0
TEP.L,2026-10-05,825.0
TEP.L,2026-10-06,843.0
TEP.L,2026-10-07,851.0
TEP.PA,2026-10-01,71.06
TEP.PA,2026-10-02,69.0
TEP.PA,2026-10-05,68.66
TEP.PA,2026-10-06,70.04
TEP.PA,2026-10-07,70.92
TER,2026-09-30,400.91
TER,2026-10-01,415.79
TER,2026-10-02,449.04
TER,2026-10-05,444.53
TER,2026-10-06,430.32
TFC,2026-09-30,46.3
TFC,2026-10-01,46.28
TFC,2026-10-02,46.45
TFC,2026-10-05,46.33
TFC,2026-10-06,46.25
TFIF.L,2026-10-01,108.8
TFIF.L,2026-10-02,108.6
TFIF.L,2026-10-05,107.8
TFIF.L,2026-10-06,108.6
TFIF.L,2026-10-07,108.7152
TGT,2026-09-30,156.69
TGT,2026-10-01,156.7
TGT,2026-10-02,156.0
TGT,2026-10-05,152.99
TGT,2026-10-06,154.33
THG.L,2026-10-01,26.04
THG.L,2026-10-02,26.2
THG.L,2026-10-05,26.28
THG.L,2026-10-06,26.3
THG.L,2026-10-07,26.6
THRL.L,2026-10-01,112.8
THRL.L,2026-10-02,113.2
THRL.L,2026-10-05,112.2
THRL.L,2026-10-06,113.2
THRL.L,2026-10-07,113.8
TIT.MI,2026-10-01,6.572
TIT.MI,2026-10-02,6.411
TIT.MI,2026-10-05,6.26
TIT.MI,2026-10-06,6.031
TIT.MI,2026-10-07,6.023
TJX,2026-09-30,132.31
TJX,2026-10-01,133.59
TJX,2026-10-02,132.68
TJX,2026-10-05,134.41
TJX,2026-10-06,137.03
TKO,2026-09-30,179.72
TKO,2026-10-01,176.04
TKO,2026-10-02,175.58
TKO,2026-10-05,177.04
TKO,2026-10-06,176.46
TMO,2026-09-30,675.05
TMO,2026-10-01,652.51
TMO,2026-10-02,654.8
TMO,2026-10-05,676.76
TMO,2026-10-06,656.58
TMPL.L,2026-10-01,409.5
TMPL.L,2026-10-02,411.0
TMPL.L,2026-10-05,411.5
TMPL.L,2026-10-06,411.5
TMPL.L,2026-10-07,409.28
TMUS,2026-09-30,163.08
TMUS,2026-10-01,161.73
TMUS,2026-10-02,163.64
TMUS,2026-10-05,164.64
TMUS,2026-10-06,165.93
TPK.L,2026-10-01,584.5
TPK.L,2026-10-02,585.0
TPK.L,2026-10-05,579.0
TPK.L,2026-10-06,572.5
TPK.L,2026-10-07,563.5
TPL,2026-09-30,325.83
TPL,2026-10-01,336.46
TPL,2026-10-02,340.19
TPL,2026-10-05,344.67
TPL,2026-10-06,355.16
TPR,2026-09-30,115.04
TPR,2026-10-01,119.24
TPR,2026-10-02,118.12
TPR,2026-10-05,116.95
TPR,2026-10-06,116.75
TRGP,2026-09-30,270.31
TRGP,2026-10-01,279.31
TRGP,2026-10-02,281.74
TRGP,2026-10-05,287.4
TRGP,2026-10-06,285.72
TRIG.L,2026-10-01,78.2
TRIG.L,2026-10-02,77.4
TRIG.L,2026-10-05,76.1
TRIG.L,2026-10-06,75.9
TRIG.L,2026-10-07,75.83
TRMB,2026-09-30,57.11
TRMB,2026-10-01,57.53
TRMB,2026-10-02,57.52
TRMB,2026-10-05,58.81
TRMB,2026-10-06,60.95
TRN.L,2026-10-01,197.4
TRN.L,2026-10-02,197.3
TRN.L,2026-10-05,194.7
TRN.L,2026-10-06,196.5
TRN.L,2026-10-07,196.6
TRN.MI,2026-10-01,9.138
TRN.MI,2026-10-02,9.154
TRN.MI,2026-10-05,9.09
TRN.MI,2026-10-06,9.14
TRN.MI,2026-10-07,9.052
TROW,2026-09-30,104.05
TROW,2026-10-01,105.83
TROW,2026-10-02,104.62
TROW,2026-10-05,103.93
TROW,2026-10-06,103.6
TRST.L,2026-10-01,230.0
TRST.L,2026-10-02,230.6
TRST.L,2026-10-05,238.2
TRST.L,2026-10-06,230.8
TRST.L,2026-10-07,235.0
TRV,2026-09-30,356.51
TRV,2026-10-01,361.64
TRV,2026-10-02,360.38
TRV,2026-10-05,360.7
TRV,2026-10-06,360.64
TRY.L,2026-10-01,273.0
TRY.L,2026-10-02,272.5
TRY.L,2026-10-05,272.0
TRY.L,2026-10-06,275.0
TRY.L,2026-10-07,272.7207
TS,2026-09-30,55.18
TS,2026-10-01,55.65
TS,2026-10-02,55.99
TS,2026-10-05,58.46
TS,2026-10-06,56.87
TSCO,2026-09-30,31.29
TSCO,2026-10-01,31.73
TSCO,2026-10-02,31.09
TSCO,2026-10-05,31.42
TSCO,2026-10-06,32.29
TSCO.L,2026-10-01,474.8
TSCO.L,2026-10-02,469.0
TSCO.L,2026-10-05,470.2
TSCO.L,2026-10-06,470.0
TSCO.L,2026-10-07,472.1
TSLA,2026-09-30,354.81
TSLA,2026-10-01,354.11
TSLA,2026-10-02,370.59
TSLA,2026-10-05,378.73
TSLA,2026-10-06,380.68
TSN,2026-09-30,50.53
TSN,2026-10-01,50.47
TSN,2026-10-02,51.89
TSN,2026-10-05,51.71
TSN,2026-10-06,51.97
TT,2026-09-30,451.98
TT,2026-10-01,458.94
TT,2026-10-02,463.91
TT,2026-10-05,470.76
TT,2026-10-06,476.39
TTE,2026-09-30,85.5
TTE,2026-10-01,84.51
TTE,2026-10-02,84.4
TTE,2026-10-05,84.37
TTE,2026-10-06,83.98
TTE.PA,2026-10-01,74.51
TTE.PA,2026-10-02,74.46
TTE.PA,2026-10-05,75.8
TTE.PA,2026-10-06,75.72
TTE.PA,2026-10-07,76.12
TTWO,2026-09-30,207.5
TTWO,2026-10-01,203.62
TTWO,2026-10-02,202.73
TTWO,2026-10-05,203.46
TTWO,2026-10-06,202.53
TW.L,2026-10-01,81.3
TW.L,2026-10-02,81.4
TW.L,2026-10-05,78.68
TW.L,2026-10-06,79.88
TW.L,2026-10-07,79.06
TXN,2026-09-30,280.09
TXN,2026-10-01,281.31
TXN,2026-10-02,293.8
TXN,2026-10-05,294.9
TXN,2026-10-06,297.23
TXT,2026-09-30,76.2
TXT,2026-10-01,77.17
TXT,2026-10-02,77.26
TXT,2026-10-05,75.75
TXT,2026-10-06,75.53
TYL,2026-09-30,318.6
TYL,2026-10-01,330.18
TYL,2026-10-02,322.81
TYL,2026-10-05,328.32
TYL,2026-10-06,330.91
UAL,2026-09-30,110.95
UAL,2026-10-01,111.78
UAL,2026-10-02,112.51
UAL,2026-10-05,110.0
UAL,2026-10-06,111.87
UBER,2026-09-30,68.51
UBER,2026-10-01,67.88
UBER,2026-10-02,68.11
UBER,2026-10-05,69.48
UBER,2026-10-06,69.08
UCG.MI,2026-10-01,79.53
UCG.MI,2026-10-02,78.85
UCG.MI,2026-10-05,79.8
UCG.MI,2026-10-06,81.11
UCG.MI,2026-10-07,77.43
UDR,2026-09-30,33.55
UDR,2026-10-01,33.68
UDR,2026-10-02,33.27
UDR,2026-10-05,33.84
UDR,2026-10-06,33.91
UEM.L,2026-10-01,280.0
UEM.L,2026-10-02,282.0
UEM.L,2026-10-05,287.0
UEM.L,2026-10-06,291.0
UEM.L,2026-10-07,292.0
UHS,2026-09-30,174.26
UHS,2026-10-01,175.07
UHS,2026-10-02,175.72
UHS,2026-10-05,176.05
UHS,2026-10-06,177.08
UKW.L,2026-10-01,112.7
UKW.L,2026-10-02,112.5
UKW.L,2026-10-05,111.1
UKW.L,2026-10-06,111.4
UKW.L,2026-10-07,111.6
UL,2026-09-30,60.73
UL,2026-10-01,59.58
UL,2026-10-02,59.7
UL,2026-10-05,59.98
UL,2026-10-06,60.8
ULTA,2026-09-30,546.17
ULTA,2026-10-01,537.73
ULTA,2026-10-02,543.69
ULTA,2026-10-05,542.72
ULTA,2026-10-06,547.29
ULVR.L,2026-10-01,4494.0
ULVR.L,2026-10-02,4483.5
ULVR.L,2026-10-05,4500.5
ULVR.L,2026-10-06,4569.0
ULVR.L,2026-10-07,4595.3311
UNH,2026-09-30,367.08
UNH,2026-10-01,365.2
UNH,2026-10-02,371.9
UNH,2026-10-05,378.58
UNH,2026-10-06,376.32
UNI.MI,2026-10-01,26.08
UNI.MI,2026-10-02,25.79
UNI.MI,2026-10-05,26.82
UNI.MI,2026-10-06,26.72
UNI.MI,2026-10-07,26.12
UNP,2026-09-30,272.13
UNP,2026-10-01,272.42
UNP,2026-10-02,278.28
UNP,2026-10-05,277.06
UNP,2026-10-06,276.61
UPS,2026-09-30,93.44
UPS,2026-10-01,93.89
UPS,2026-10-02,93.02
UPS,2026-10-05,93.14
UPS,2026-10-06,93.11
URI,2026-09-30,1000.78
URI,2026-10-01,1034.11
URI,2026-10-02,1081.04
URI,2026-10-05,1074.28
URI,2026-10-06,1080.62
URW.PA,2026-10-01,87.88
URW.PA,2026-10-02,87.52
URW.PA,2026-10-05,88.58
URW.PA,2026-10-06,90.5
URW.PA,2026-10-07,89.64
USA.L,2026-10-01,382.0
USA.L,2026-10-02,384.0
USA.L,2026-10-05,388.0
USA.L,2026-10-06,396.0
USA.L,2026-10-07,396.5
USB,2026-09-30,57.76
USB,2026-10-01,57.36
USB,2026-10-02,57.51
USB,2026-10-05,57.27
USB,2026-10-06,57.29
UTG.L,2026-10-01,455.8
UTG.L,2026-10-02,461.0
UTG.L,2026-10-05,453.8
UTG.L,2026-10-06,450.0
UTG.L,2026-10-07,450.0
UU.L,2026-10-01,1404.0
UU.L,2026-10-02,1417.0
UU.L,2026-10-05,1409.0
UU.L,2026-10-06,1418.0
UU.L,2026-10-07,1400.0
V,2026-09-30,359.33
V,2026-10-01,359.85
V,2026-10-02,360.66
V,2026-10-05,369.71
V,2026-10-06,370.64
VCT.L,2026-10-01,911.0
VCT.L,2026-10-02,917.0
VCT.L,2026-10-05,930.0
VCT.L,2026-10-06,930.0
VCT.L,2026-10-07,933.0
VEEV,2026-09-30,285.45
VEEV,2026-10-01,281.93
VEEV,2026-10-02,273.33
VEEV,2026-10-05,283.45
VEEV,2026-10-06,283.5
VEIL.L,2026-10-01,724.0
VEIL.L,2026-10-02,719.0
VEIL.L,2026-10-05,722.0
VEIL.L,2026-10-06,722.0
VEIL.L,2026-10-07,723.0
VICI,2026-09-30,22.97
VICI,2026-10-01,22.73
VICI,2026-10-02,22.65
VICI,2026-10-05,22.53
VICI,2026-10-06,22.73
VIE.PA,2026-10-01,30.52
VIE.PA,2026-10-02,30.73
VIE.PA,2026-10-05,30.46
VIE.PA,2026-10-06,31.34
VIE.PA,2026-10-07,30.79
VLO,2026-09-30,387.61
VLO,2026-10-01,408.46
VLO,2026-10-02,406.3
VLO,2026-10-05,419.33
VLO,2026-10-06,419.22
VLTO,2026-09-30,94.32
VLTO,2026-10-01,94.6
VLTO,2026-10-02,94.68
VLTO,2026-10-05,96.57
VLTO,2026-10-06,96.45
VLX.L,2026-10-01,657.0
VLX.L,2026-10-02,684.0
VLX.L,2026-10-05,677.0
VLX.L,2026-10-06,699.0
VLX.L,2026-10-07,692.0
VMC,2026-09-30,244.63
VMC,2026-10-01,243.98
VMC,2026-10-02,243.06
VMC,2026-10-05,245.57
VMC,2026-10-06,248.85
VMRK,2026-09-30,60.76
VMRK,2026-10-01,60.17
VMRK,2026-10-02,59.79
VMRK,2026-10-05,60.09
VMRK,2026-10-06,60.37
VNA.DE,2026-10-01,16.74
VNA.DE,2026-10-02,16.815
VNA.DE,2026-10-05,16.9
VNA.DE,2026-10-06,17.035
VNA.DE,2026-10-07,16.8
VOD,2026-09-30,16.15
VOD,2026-10-01,16.38
VOD,2026-10-02,16.82
VOD,2026-10-05,16.79
VOD,2026-10-06,16.53
VOD.L,2026-10-01,124.1
VOD.L,2026-10-02,126.8
VOD.L,2026-10-05,127.2
VOD.L,2026-10-06,125.1
VOD.L,2026-10-07,127.4725
VOF.L,2026-10-01,425.0
VOF.L,2026-10-02,425.0
VOF.L,2026-10-05,425.0
VOF.L,2026-10-06,421.0
VOF.L,2026-10-07,421.72
VOW.DE,2026-10-01,68.25
VOW.DE,2026-10-02,67.8
VOW.DE,2026-10-05,68.65
VOW.DE,2026-10-06,68.95
VOW.DE,2026-10-07,70.05
VOW3.DE,2026-10-01,68.02
VOW3.DE,2026-10-02,67.48
VOW3.DE,2026-10-05,68.54
VOW3.DE,2026-10-06,68.88
VOW3.DE,2026-10-07,69.84
VRSK,2026-09-30,167.85
VRSK,2026-10-01,168.38
VRSK,2026-10-02,163.88
VRSK,2026-10-05,163.28
VRSK,2026-10-06,165.2
VRSN,2026-09-30,282.01
VRSN,2026-10-01,286.9
VRSN,2026-10-02,288.32
VRSN,2026-10-05,292.26
VRSN,2026-10-06,293.1
VRT,2026-09-30,241.31
VRT,2026-10-01,246.12
VRT,2026-10-02,252.18
VRT,2026-10-05,253.62
VRT,2026-10-06,253.14
VRTX,2026-09-30,522.81
VRTX,2026-10-01,506.74
VRTX,2026-10-02,504.73
VRTX,2026-10-05,503.5
VRTX,2026-10-06,502.31
VST,2026-09-30,138.35
VST,2026-10-01,139.75
VST,2026-10-02,140.02
VST,2026-10-05,144.89
VST,2026-10-06,160.5
VSVS.L,2026-10-01,456.8
VSVS.L,2026-10-02,451.2
VSVS.L,2026-10-05,444.2
VSVS.L,2026-10-06,446.0
VSVS.L,2026-10-07,442.4
VTR,2026-09-30,85.02
VTR,2026-10-01,83.73
VTR,2026-10-02,84.01
VTR,2026-10-05,81.36
VTR,2026-10-06,81.86
VTRS,2026-09-30,17.72
VTRS,2026-10-01,17.46
VTRS,2026-10-02,17.6
VTRS,2026-10-05,17.62
VTRS,2026-10-06,17.54
VTY.L,2026-10-01,250.0
VTY.L,2026-10-02,241.6
VTY.L,2026-10-05,238.8
VTY.L,2026-10-06,236.6
VTY.L,2026-10-07,233.509
VZ,2026-09-30,45.87
VZ,2026-10-01,45.98
VZ,2026-10-02,45.92
VZ,2026-10-05,45.85
VZ,2026-10-06,45.98
WAB,2026-09-30,287.18
WAB,2026-10-01,287.84
WAB,2026-10-02,287.54
WAB,2026-10-05,291.86
WAB,2026-10-06,291.16
WAT,2026-09-30,439.39
WAT,2026-10-01,425.53
WAT,2026-10-02,425.21
WAT,2026-10-05,440.12
WAT,2026-10-06,436.43
WBD,2026-09-30,30.95
WBD,2026-10-01,30.95
WBD,2026-10-02,30.94
WBD,2026-10-05,30.95
WBD,2026-10-06,30.95
WDAY,2026-09-30,190.46
WDAY,2026-10-01,186.75
WDAY,2026-10-02,186.14
WDAY,2026-10-05,188.96
WDAY,2026-10-06,186.55
WDC,2026-09-30,454.46
WDC,2026-10-01,462.56
WDC,2026-10-02,415.29
WDC,2026-10-05,441.64
WDC,2026-10-06,411.04
WEC,2026-09-30,100.78
WEC,2026-10-01,101.73
WEC,2026-10-02,101.59
WEC,2026-10-05,101.3
WEC,2026-10-06,103.19
WEIR.L,2026-10-01,2574.0
WEIR.L,2026-10-02,2580.0
WEIR.L,2026-10-05,2582.0
WEIR.L,2026-10-06,2662.0
WEIR.L,2026-10-07,2590.0
WELL,2026-09-30,230.24
WELL,2026-10-01,226.94
WELL,2026-10-02,227.71
WELL,2026-10-05,224.16
WELL,2026-10-06,225.78
WFC,2026-09-30,80.05
WFC,2026-10-01,80.25
WFC,2026-10-02,80.45
WFC,2026-10-05,81.44
WFC,2026-10-06,81.51
WIX.L,2026-10-01,199.2
WIX.L,2026-10-02,197.8
WIX.L,2026-10-05,198.4
WIX.L,2026-10-06,200.0
WIX.L,2026-10-07,203.5
WIZZ.L,2026-10-01,1030.0
WIZZ.L,2026-10-02,1052.0
WIZZ.L,2026-10-05,1039.0
WIZZ.L,2026-10-06,1047.0
WIZZ.L,2026-10-07,1035.0
WKL.AS,2026-10-01,68.64
WKL.AS,2026-10-02,67.82
WKL.AS,2026-10-05,68.32
WKL.AS,2026-10-06,69.36
WKL.AS,2026-10-07,70.72
WKP.L,2026-10-01,358.0
WKP.L,2026-10-02,357.0
WKP.L,2026-10-05,356.4
WKP.L,2026-10-06,367.8
WKP.L,2026-10-07,368.0
WM,2026-09-30,203.92
WM,2026-10-01,201.9
WM,2026-10-02,204.45
WM,2026-10-05,206.66
WM,2026-10-06,207.88
WMB,2026-09-30,67.97
WMB,2026-10-01,69.22
WMB,2026-10-02,70.54
WMB,2026-10-05,70.81
WMB,2026-10-06,72.39
WMT,2026-09-30,103.92
WMT,2026-10-01,104.26
WMT,2026-10-02,104.26
WMT,2026-10-05,105.07
WMT,2026-10-06,107.2
WOSG.L,2026-10-01,687.0
WOSG.L,2026-10-02,672.5
WOSG.L,2026-10-05,662.5
WOSG.L,2026-10-06,669.5
WOSG.L,2026-10-07,677.0
WPP.L,2026-10-01,382.9
WPP.L,2026-10-02,372.7
WPP.L,2026-10-05,372.4
WPP.L,2026-10-06,380.3
WPP.L,2026-10-07,381.3
WRB,2026-09-30,67.54
WRB,2026-10-01,68.9
WRB,2026-10-02,68.98
WRB,2026-10-05,69.77
WRB,2026-10-06,69.65
WSM,2026-09-30,227.94
WSM,2026-10-01,233.39
WSM,2026-10-02,232.3
WSM,2026-10-05,238.7
WSM,2026-10-06,242.25
WST,2026-09-30,370.76
WST,2026-10-01,365.01
WST,2026-10-02,364.98
WST,2026-10-05,376.76
WST,2026-10-06,372.64
WTB.L,2026-10-01,2388.0
WTB.L,2026-10-02,2440.0
WTB.L,2026-10-05,2426.0
WTB.L,2026-10-06,2551.0
WTB.L,2026-10-07,2488.8669
WTW,2026-09-30,288.23
WTW,2026-10-01,291.6
WTW,2026-10-02,288.61
WTW,2026-10-05,288.11
WTW,2026-10-06,291.98
WWH.L,2026-10-01,374.5
WWH.L,2026-10-02,367.5
WWH.L,2026-10-05,366.5
WWH.L,2026-10-06,369.0
WWH.L,2026-10-07,369.08
WY,2026-09-30,19.05
WY,2026-10-01,18.59
WY,2026-10-02,18.47
WY,2026-10-05,18.49
WY,2026-10-06,18.6
WYNN,2026-09-30,79.43
WYNN,2026-10-01,77.3
WYNN,2026-10-02,75.88
WYNN,2026-10-05,77.17
WYNN,2026-10-06,76.62
XEL,2026-09-30,70.48
XEL,2026-10-01,70.55
XEL,2026-10-02,71.4
XEL,2026-10-05,71.49
XEL,2026-10-06,72.73
XOM,2026-09-30,162.75
XOM,2026-10-01,163.82
XOM,2026-10-02,164.01
XOM,2026-10-05,164.0
XOM,2026-10-06,164.48
XPP.L,2026-10-01,2020.0
XPP.L,2026-10-02,2040.0
XPP.L,2026-10-05,2010.0
XPP.L,2026-10-06,2045.0
XPP.L,2026-10-07,2010.0
XPS.L,2026-10-01,295.5
XPS.L,2026-10-02,293.5
XPS.L,2026-10-05,294.5
XPS.L,2026-10-06,299.0
XPS.L,2026-10-07,300.5
XYL,2026-09-30,101.27
XYL,2026-10-01,100.88
XYL,2026-10-02,101.79
XYL,2026-10-05,102.42
XYL,2026-10-06,104.57
XYZ,2026-09-30,73.53
XYZ,2026-10-01,74.04
XYZ,2026-10-02,74.33
XYZ,2026-10-05,76.23
XYZ,2026-10-06,76.54
YUM,2026-09-30,136.34
YUM,2026-10-01,136.69
YUM,2026-10-02,136.12
YUM,2026-10-05,136.97
YUM,2026-10-06,139.84
ZAL.DE,2026-10-01,22.22
ZAL.DE,2026-10-02,22.27
ZAL.DE,2026-10-05,22.22
ZAL.DE,2026-10-06,22.4
ZAL.DE,2026-10-07,22.71
ZBH,2026-09-30,88.83
ZBH,2026-10-01,88.06
ZBH,2026-10-02,88.29
ZBH,2026-10-05,91.57
ZBH,2026-10-06,89.68
ZBRA,2026-09-30,373.31
ZBRA,2026-10-01,375.45
ZBRA,2026-10-02,375.86
ZBRA,2026-10-05,375.66
ZBRA,2026-10-06,385.78
ZIG.L,2026-10-01,453.5
ZIG.L,2026-10-02,447.0
ZIG.L,2026-10-05,440.0
ZIG.L,2026-10-06,439.5
ZIG.L,2026-10-07,436.0
ZTS,2026-09-30,69.83
ZTS,2026-10-01,69.1
ZTS,2026-10-02,69.69
ZTS,2026-10-05,71.41
ZTS,2026-10-06,71.33
^FCHI,2026-10-01,7835.3101
^FCHI,2026-10-02,7897.1899
^FCHI,2026-10-05,7834.1001
^FCHI,2026-10-06,7865.0698
^FCHI,2026-10-07,7770.75
^FTMC,2026-10-01,24143.1992
^FTMC,2026-10-02,24194.1992
^FTMC,2026-10-05,24123.8008
^FTMC,2026-10-06,24215.3008
^FTMC,2026-10-07,24103.6094
^FTSE,2026-10-01,10428.2998
^FTSE,2026-10-02,10462.0
^FTSE,2026-10-05,10497.9004
^FTSE,2026-10-06,10541.7002
^FTSE,2026-10-07,10462.5996
^GDAXI,2026-10-01,24939.3496
^GDAXI,2026-10-02,25231.1992
^GDAXI,2026-10-05,25254.2109
^GDAXI,2026-10-06,25449.1895
^GDAXI,2026-10-07,25081.6699
^STOXX50E,2026-10-01,6175.4502
^STOXX50E,2026-10-02,6238.5
^STOXX50E,2026-10-05,6242.1401
^STOXX50E,2026-10-06,6272.23
^STOXX50E,2026-10-07,6159.9399
