ticker,date,close
3IN.L,2026-09-28,387.0
3IN.L,2026-09-29,390.0
3IN.L,2026-09-30,394.5
3IN.L,2026-10-01,389.0
3IN.L,2026-10-02,389.6884
A,2026-09-25,172.79
A,2026-09-28,175.21
A,2026-09-29,175.03
A,2026-09-30,172.31
A,2026-10-01,166.68
A2A.MI,2026-09-28,2.261
A2A.MI,2026-09-29,2.252
A2A.MI,2026-09-30,2.263
A2A.MI,2026-10-01,2.232
A2A.MI,2026-10-02,2.237
AAF.L,2026-09-28,306.6
AAF.L,2026-09-29,311.0
AAF.L,2026-09-30,300.6
AAF.L,2026-10-01,304.6
AAF.L,2026-10-02,311.952
AAL.L,2026-09-28,3965.0
AAL.L,2026-09-29,3992.0
AAL.L,2026-09-30,4060.0
AAL.L,2026-10-01,3979.0
AAL.L,2026-10-02,4038.0
AAPL,2026-09-25,341.07
AAPL,2026-09-28,338.4
AAPL,2026-09-29,329.4
AAPL,2026-09-30,333.02
AAPL,2026-10-01,330.32
AAS.L,2026-09-28,457.0
AAS.L,2026-09-29,463.0
AAS.L,2026-09-30,462.0
AAS.L,2026-10-01,463.0
AAS.L,2026-10-02,469.0
ABBV,2026-09-25,264.34
ABBV,2026-09-28,266.28
ABBV,2026-09-29,263.29
ABBV,2026-09-30,261.59
ABBV,2026-10-01,259.93
ABDN.L,2026-09-28,247.6
ABDN.L,2026-09-29,246.0
ABDN.L,2026-09-30,248.4
ABDN.L,2026-10-01,242.4
ABDN.L,2026-10-02,240.8
ABF.L,2026-09-28,1856.0
ABF.L,2026-09-29,1860.0
ABF.L,2026-09-30,1858.0
ABF.L,2026-10-01,1831.0
ABF.L,2026-10-02,1849.0
ABI.BR,2026-09-28,67.56
ABI.BR,2026-09-29,65.4
ABI.BR,2026-09-30,65.32
ABI.BR,2026-10-01,64.56
ABI.BR,2026-10-02,65.74
ABNB,2026-09-25,157.47
ABNB,2026-09-28,156.08
ABNB,2026-09-29,156.96
ABNB,2026-09-30,160.65
ABNB,2026-10-01,160.47
ABT,2026-09-25,101.29
ABT,2026-09-28,100.98
ABT,2026-09-29,100.95
ABT,2026-09-30,98.83
ABT,2026-10-01,96.69
AC.PA,2026-09-28,45.9
AC.PA,2026-09-29,46.15
AC.PA,2026-09-30,45.85
AC.PA,2026-10-01,44.01
AC.PA,2026-10-02,44.56
ACA.PA,2026-09-28,17.935
ACA.PA,2026-09-29,17.83
ACA.PA,2026-09-30,17.57
ACA.PA,2026-10-01,16.92
ACA.PA,2026-10-02,16.7
ACGL,2026-09-25,94.66
ACGL,2026-09-28,94.9
ACGL,2026-09-29,95.12
ACGL,2026-09-30,92.36
ACGL,2026-10-01,94.26
ACN,2026-09-25,176.11
ACN,2026-09-28,174.47
ACN,2026-09-29,177.12
ACN,2026-09-30,183.37
ACN,2026-10-01,212.3
AD.AS,2026-09-28,32.35
AD.AS,2026-09-29,31.98
AD.AS,2026-09-30,31.85
AD.AS,2026-10-01,31.65
AD.AS,2026-10-02,31.67
ADBE,2026-09-25,235.47
ADBE,2026-09-28,231.01
ADBE,2026-09-29,233.17
ADBE,2026-09-30,239.94
ADBE,2026-10-01,241.28
ADI,2026-09-25,393.6
ADI,2026-09-28,395.43
ADI,2026-09-29,398.22
ADI,2026-09-30,396.71
ADI,2026-10-01,404.6
ADM,2026-09-25,81.12
ADM,2026-09-28,80.38
ADM,2026-09-29,79.4
ADM,2026-09-30,79.38
ADM,2026-10-01,79.52
ADM.L,2026-09-28,3674.0
ADM.L,2026-09-29,3626.0
ADM.L,2026-09-30,3616.0
ADM.L,2026-10-01,3586.0
ADM.L,2026-10-02,3608.0
ADP,2026-09-25,263.67
ADP,2026-09-28,261.8
ADP,2026-09-29,261.8
ADP,2026-09-30,258.06
ADP,2026-10-01,263.96
ADS.DE,2026-09-28,147.85
ADS.DE,2026-09-29,145.75
ADS.DE,2026-09-30,145.3
ADS.DE,2026-10-01,142.65
ADS.DE,2026-10-02,144.15
ADSK,2026-09-25,209.4
ADSK,2026-09-28,207.19
ADSK,2026-09-29,203.18
ADSK,2026-09-30,209.0
ADSK,2026-10-01,211.31
ADYEN.AS,2026-09-28,866.4
ADYEN.AS,2026-09-29,870.0
ADYEN.AS,2026-09-30,876.6
ADYEN.AS,2026-10-01,855.6
ADYEN.AS,2026-10-02,874.6
AEE,2026-09-25,99.39
AEE,2026-09-28,99.39
AEE,2026-09-29,100.25
AEE,2026-09-30,99.38
AEE,2026-10-01,99.64
AEP,2026-09-25,118.35
AEP,2026-09-28,118.2
AEP,2026-09-29,119.3
AEP,2026-09-30,118.64
AEP,2026-10-01,119.75
AEP.L,2026-09-28,211.0
AEP.L,2026-09-29,205.5
AEP.L,2026-09-30,205.0
AEP.L,2026-10-01,198.2
AEP.L,2026-10-02,198.4
AES,2026-09-25,14.87
AES,2026-09-28,14.87
AES,2026-09-29,14.86
AES,2026-09-30,14.9
AES,2026-10-01,14.92
AFL,2026-09-25,113.72
AFL,2026-09-28,113.55
AFL,2026-09-29,113.66
AFL,2026-09-30,111.78
AFL,2026-10-01,111.18
AGT.L,2026-09-28,258.5
AGT.L,2026-09-29,257.0
AGT.L,2026-09-30,256.0
AGT.L,2026-10-01,254.0
AGT.L,2026-10-02,256.3065
AI.PA,2026-09-28,168.22
AI.PA,2026-09-29,168.88
AI.PA,2026-09-30,170.88
AI.PA,2026-10-01,166.44
AI.PA,2026-10-02,170.7
AIE.L,2026-09-28,246.5
AIE.L,2026-09-29,247.5
AIE.L,2026-09-30,247.0
AIE.L,2026-10-01,244.5
AIE.L,2026-10-02,247.018
AIG,2026-09-25,74.17
AIG,2026-09-28,72.78
AIG,2026-09-29,75.27
AIG,2026-09-30,74.42
AIG,2026-10-01,75.43
AIR.PA,2026-09-28,193.1
AIR.PA,2026-09-29,190.48
AIR.PA,2026-09-30,190.62
AIR.PA,2026-10-01,185.6
AIR.PA,2026-10-02,189.72
AIZ,2026-09-25,265.0
AIZ,2026-09-28,263.53
AIZ,2026-09-29,263.65
AIZ,2026-09-30,263.5
AIZ,2026-10-01,266.24
AJB.L,2026-09-28,574.0
AJB.L,2026-09-29,577.5
AJB.L,2026-09-30,584.0
AJB.L,2026-10-01,576.0
AJB.L,2026-10-02,580.5
AJG,2026-09-25,231.1
AJG,2026-09-28,229.46
AJG,2026-09-29,227.75
AJG,2026-09-30,228.11
AJG,2026-10-01,231.82
AKAM,2026-09-25,113.94
AKAM,2026-09-28,108.99
AKAM,2026-09-29,108.45
AKAM,2026-09-30,106.35
AKAM,2026-10-01,106.93
ALB,2026-09-25,109.73
ALB,2026-09-28,107.39
ALB,2026-09-29,107.62
ALB,2026-09-30,105.78
ALB,2026-10-01,105.03
ALFA.L,2026-09-28,154.4
ALFA.L,2026-09-29,154.6
ALFA.L,2026-09-30,156.8
ALFA.L,2026-10-01,155.6
ALFA.L,2026-10-02,154.8
ALGN,2026-09-25,146.78
ALGN,2026-09-28,145.0
ALGN,2026-09-29,144.01
ALGN,2026-09-30,145.35
ALGN,2026-10-01,145.35
ALL,2026-09-25,227.6
ALL,2026-09-28,227.55
ALL,2026-09-29,225.42
ALL,2026-09-30,221.86
ALL,2026-10-01,224.41
ALLE,2026-09-25,154.47
ALLE,2026-09-28,155.38
ALLE,2026-09-29,155.43
ALLE,2026-09-30,153.77
ALLE,2026-10-01,154.28
ALV.DE,2026-09-28,425.5
ALV.DE,2026-09-29,422.8
ALV.DE,2026-09-30,416.3
ALV.DE,2026-10-01,412.0
ALV.DE,2026-10-02,413.7
ALW.L,2026-09-28,1376.0
ALW.L,2026-09-29,1380.0
ALW.L,2026-09-30,1380.0
ALW.L,2026-10-01,1373.0
ALW.L,2026-10-02,1385.0
AMAT,2026-09-25,485.0
AMAT,2026-09-28,486.76
AMAT,2026-09-29,512.01
AMAT,2026-09-30,511.38
AMAT,2026-10-01,529.3
AMCR,2026-09-25,42.51
AMCR,2026-09-28,42.79
AMCR,2026-09-29,42.46
AMCR,2026-09-30,41.86
AMCR,2026-10-01,41.81
AMD,2026-09-25,630.63
AMD,2026-09-28,607.87
AMD,2026-09-29,607.57
AMD,2026-09-30,611.76
AMD,2026-10-01,615.73
AME,2026-09-25,250.74
AME,2026-09-28,251.67
AME,2026-09-29,250.78
AME,2026-09-30,247.73
AME,2026-10-01,249.09
AMGN,2026-09-25,414.61
AMGN,2026-09-28,418.13
AMGN,2026-09-29,423.64
AMGN,2026-09-30,421.51
AMGN,2026-10-01,407.27
AMP,2026-09-25,493.0
AMP,2026-09-28,496.16
AMP,2026-09-29,497.32
AMP,2026-09-30,492.35
AMP,2026-10-01,494.82
AMP.MI,2026-09-28,12.12
AMP.MI,2026-09-29,11.96
AMP.MI,2026-09-30,12.1
AMP.MI,2026-10-01,11.785
AMP.MI,2026-10-02,11.73
AMT,2026-09-25,169.03
AMT,2026-09-28,168.0
AMT,2026-09-29,167.35
AMT,2026-09-30,163.69
AMT,2026-10-01,161.06
AMZN,2026-09-25,249.67
AMZN,2026-09-28,246.15
AMZN,2026-09-29,246.67
AMZN,2026-09-30,249.15
AMZN,2026-10-01,248.23
ANET,2026-09-25,206.55
ANET,2026-09-28,204.92
ANET,2026-09-29,202.86
ANET,2026-09-30,203.59
ANET,2026-10-01,204.49
ANTO.L,2026-09-28,3652.0
ANTO.L,2026-09-29,3650.0
ANTO.L,2026-09-30,3766.0
ANTO.L,2026-10-01,3690.0
ANTO.L,2026-10-02,3756.0
AO.L,2026-09-28,89.8
AO.L,2026-09-29,88.9
AO.L,2026-09-30,89.5
AO.L,2026-10-01,88.0
AO.L,2026-10-02,88.6
AON,2026-09-25,277.99
AON,2026-09-28,272.1
AON,2026-09-29,275.9
AON,2026-09-30,276.77
AON,2026-10-01,275.95
AOS,2026-09-25,58.65
AOS,2026-09-28,58.38
AOS,2026-09-29,58.02
AOS,2026-09-30,56.37
AOS,2026-10-01,56.67
APA,2026-09-25,42.74
APA,2026-09-28,42.33
APA,2026-09-29,42.19
APA,2026-09-30,41.54
APA,2026-10-01,43.34
APD,2026-09-25,281.76
APD,2026-09-28,278.75
APD,2026-09-29,279.19
APD,2026-09-30,278.23
APD,2026-10-01,273.33
APH,2026-09-25,84.09
APH,2026-09-28,84.62
APH,2026-09-29,84.34
APH,2026-09-30,84.3
APH,2026-10-01,85.67
APN.L,2026-09-28,274.0
APN.L,2026-09-29,273.0
APN.L,2026-09-30,274.0
APN.L,2026-10-01,267.5
APN.L,2026-10-02,263.5
APO,2026-09-25,121.69
APO,2026-09-28,119.0
APO,2026-09-29,119.0
APO,2026-09-30,116.06
APO,2026-10-01,114.34
APP,2026-09-25,310.75
APP,2026-09-28,308.24
APP,2026-09-29,305.66
APP,2026-09-30,290.43
APP,2026-10-01,281.31
APTV,2026-09-25,44.79
APTV,2026-09-28,43.64
APTV,2026-09-29,43.37
APTV,2026-09-30,43.02
APTV,2026-10-01,43.97
ARE,2026-09-25,49.93
ARE,2026-09-28,48.66
ARE,2026-09-29,48.47
ARE,2026-09-30,47.46
ARE,2026-10-01,47.03
ARES,2026-09-25,122.01
ARES,2026-09-28,118.34
ARES,2026-09-29,118.97
ARES,2026-09-30,116.17
ARES,2026-10-01,116.57
ARGX,2026-09-25,959.49
ARGX,2026-09-28,972.25
ARGX,2026-09-29,970.66
ARGX,2026-09-30,958.91
ARGX,2026-10-01,936.0
ARGX.BR,2026-09-28,844.6
ARGX.BR,2026-09-29,848.4
ARGX.BR,2026-09-30,846.8
ARGX.BR,2026-10-01,841.6
ARGX.BR,2026-10-02,835.4
ASHM.L,2026-09-28,216.6
ASHM.L,2026-09-29,215.8
ASHM.L,2026-09-30,217.0
ASHM.L,2026-10-01,213.0
ASHM.L,2026-10-02,215.8
ASL.L,2026-09-28,1778.0
ASL.L,2026-09-29,1800.0
ASL.L,2026-09-30,1818.0
ASL.L,2026-10-01,1802.0
ASL.L,2026-10-02,1797.021
ASML,2026-09-25,1743.9399
ASML,2026-09-28,1771.41
ASML,2026-09-29,1834.39
ASML,2026-09-30,1811.67
ASML,2026-10-01,1808.49
ASML.AS,2026-09-28,1537.0
ASML.AS,2026-09-29,1601.2
ASML.AS,2026-09-30,1596.8
ASML.AS,2026-10-01,1597.0
ASML.AS,2026-10-02,1640.4
ATG.L,2026-09-28,434.0
ATG.L,2026-09-29,439.6
ATG.L,2026-09-30,461.8
ATG.L,2026-10-01,458.8
ATG.L,2026-10-02,460.2
ATO,2026-09-25,157.21
ATO,2026-09-28,157.05
ATO,2026-09-29,157.6
ATO,2026-09-30,156.44
ATO,2026-10-01,156.38
ATR.L,2026-09-28,728.0
ATR.L,2026-09-29,729.0
ATR.L,2026-09-30,722.0
ATR.L,2026-10-01,718.0
ATR.L,2026-10-02,715.9
ATT.L,2026-09-28,751.0
ATT.L,2026-09-29,759.0
ATT.L,2026-09-30,771.0
ATT.L,2026-10-01,763.0
ATT.L,2026-10-02,772.0
ATYM.L,2026-09-28,1042.0
ATYM.L,2026-09-29,1055.0
ATYM.L,2026-09-30,1080.0
ATYM.L,2026-10-01,1042.0
ATYM.L,2026-10-02,1043.0
AUTO.L,2026-09-28,448.8
AUTO.L,2026-09-29,448.1
AUTO.L,2026-09-30,452.8
AUTO.L,2026-10-01,460.4
AUTO.L,2026-10-02,465.8
AV.L,2026-09-28,697.2
AV.L,2026-09-29,694.8
AV.L,2026-09-30,686.4
AV.L,2026-10-01,672.4
AV.L,2026-10-02,677.4
AVGO,2026-09-25,352.81
AVGO,2026-09-28,349.57
AVGO,2026-09-29,355.1
AVGO,2026-09-30,351.19
AVGO,2026-10-01,343.64
AVIO.MI,2026-09-28,28.74
AVIO.MI,2026-09-29,29.56
AVIO.MI,2026-09-30,29.36
AVIO.MI,2026-10-01,29.33
AVIO.MI,2026-10-02,29.27
AVON.L,2026-09-28,1788.0
AVON.L,2026-09-29,1802.0
AVON.L,2026-09-30,1844.0
AVON.L,2026-10-01,1838.0
AVON.L,2026-10-02,1860.0
AVY,2026-09-25,170.34
AVY,2026-09-28,171.89
AVY,2026-09-29,170.78
AVY,2026-09-30,170.67
AVY,2026-10-01,171.62
AWK,2026-09-25,130.91
AWK,2026-09-28,128.93
AWK,2026-09-29,129.8
AWK,2026-09-30,129.47
AWK,2026-10-01,127.86
AXON,2026-09-25,430.11
AXON,2026-09-28,424.75
AXON,2026-09-29,419.58
AXON,2026-09-30,422.52
AXON,2026-10-01,422.21
AXP,2026-09-25,308.89
AXP,2026-09-28,306.33
AXP,2026-09-29,305.4
AXP,2026-09-30,304.1
AXP,2026-10-01,302.09
AZM.MI,2026-09-28,39.17
AZM.MI,2026-09-29,39.43
AZM.MI,2026-09-30,38.9
AZM.MI,2026-10-01,37.87
AZM.MI,2026-10-02,38.0
AZN,2026-09-25,166.58
AZN,2026-09-28,166.15
AZN,2026-09-29,164.21
AZN,2026-09-30,161.47
AZN,2026-10-01,157.7
AZN.L,2026-09-28,12492.0
AZN.L,2026-09-29,12428.0
AZN.L,2026-09-30,12280.0
AZN.L,2026-10-01,12032.0
AZN.L,2026-10-02,12018.0
AZO,2026-09-25,2872.1599
AZO,2026-09-28,2913.28
AZO,2026-09-29,2875.97
AZO,2026-09-30,2830.02
AZO,2026-10-01,2819.03
BA,2026-09-25,198.07
BA,2026-09-28,184.39
BA,2026-09-29,187.68
BA,2026-09-30,186.05
BA,2026-10-01,192.28
BA.L,2026-09-28,1965.5
BA.L,2026-09-29,1947.5
BA.L,2026-09-30,1957.5
BA.L,2026-10-01,1943.0
BA.L,2026-10-02,1957.5
BAB.L,2026-09-28,986.0
BAB.L,2026-09-29,999.0
BAB.L,2026-09-30,987.0
BAB.L,2026-10-01,949.2
BAB.L,2026-10-02,952.0
BAC,2026-09-25,56.7
BAC,2026-09-28,55.47
BAC,2026-09-29,54.96
BAC,2026-09-30,54.43
BAC,2026-10-01,53.73
BAG.L,2026-09-28,599.0
BAG.L,2026-09-29,578.0
BAG.L,2026-09-30,576.0
BAG.L,2026-10-01,547.0
BAG.L,2026-10-02,548.0
BALL,2026-09-25,56.83
BALL,2026-09-28,57.13
BALL,2026-09-29,56.65
BALL,2026-09-30,56.03
BALL,2026-10-01,56.5
BAMI.MI,2026-09-28,16.39
BAMI.MI,2026-09-29,16.255
BAMI.MI,2026-09-30,15.92
BAMI.MI,2026-10-01,15.34
BAMI.MI,2026-10-02,15.11
BARC.L,2026-09-28,462.4
BARC.L,2026-09-29,459.0
BARC.L,2026-09-30,457.55
BARC.L,2026-10-01,438.95
BARC.L,2026-10-02,439.95
BAS.DE,2026-09-28,50.28
BAS.DE,2026-09-29,49.94
BAS.DE,2026-09-30,50.18
BAS.DE,2026-10-01,49.4
BAS.DE,2026-10-02,49.975
BATS.L,2026-09-28,4223.0
BATS.L,2026-09-29,4144.0
BATS.L,2026-09-30,4129.0
BATS.L,2026-10-01,3984.0
BATS.L,2026-10-02,3990.0
BAX,2026-09-25,23.37
BAX,2026-09-28,23.49
BAX,2026-09-29,23.48
BAX,2026-09-30,24.0
BAX,2026-10-01,23.64
BAYN.DE,2026-09-28,50.8
BAYN.DE,2026-09-29,48.88
BAYN.DE,2026-09-30,47.95
BAYN.DE,2026-10-01,45.4
BAYN.DE,2026-10-02,45.16
BBOX.L,2026-09-28,145.9
BBOX.L,2026-09-29,146.3
BBOX.L,2026-09-30,146.0
BBOX.L,2026-10-01,140.9
BBOX.L,2026-10-02,141.3
BBVA,2026-09-25,28.87
BBVA,2026-09-28,28.8
BBVA,2026-09-29,28.64
BBVA,2026-09-30,27.87
BBVA,2026-10-01,26.87
BBVA.MC,2026-09-28,25.23
BBVA.MC,2026-09-29,25.18
BBVA.MC,2026-09-30,24.81
BBVA.MC,2026-10-01,23.81
BBVA.MC,2026-10-02,23.5
BBY,2026-09-25,90.51
BBY,2026-09-28,89.91
BBY,2026-09-29,88.75
BBY,2026-09-30,88.24
BBY,2026-10-01,87.7
BBY.L,2026-09-28,945.0
BBY.L,2026-09-29,930.5
BBY.L,2026-09-30,922.0
BBY.L,2026-10-01,920.0
BBY.L,2026-10-02,939.5
BC.MI,2026-09-28,82.4
BC.MI,2026-09-29,82.88
BC.MI,2026-09-30,81.22
BC.MI,2026-10-01,79.0
BC.MI,2026-10-02,80.48
BCG.L,2026-09-28,2.022
BCG.L,2026-09-29,2.04
BCG.L,2026-09-30,2.03
BCG.L,2026-10-01,2.04
BCG.L,2026-10-02,2.034
BCS,2026-09-25,24.81
BCS,2026-09-28,24.61
BCS,2026-09-29,24.49
BCS,2026-09-30,24.27
BCS,2026-10-01,23.64
BDX,2026-09-25,183.82
BDX,2026-09-28,183.83
BDX,2026-09-29,181.97
BDX,2026-09-30,179.0
BDX,2026-10-01,178.07
BE,2026-09-25,288.7
BE,2026-09-28,262.87
BE,2026-09-29,291.25
BE,2026-09-30,276.98
BE,2026-10-01,277.58
BEI.DE,2026-09-28,78.56
BEI.DE,2026-09-29,77.58
BEI.DE,2026-09-30,76.94
BEI.DE,2026-10-01,75.76
BEI.DE,2026-10-02,75.78
BEN,2026-09-25,33.02
BEN,2026-09-28,32.68
BEN,2026-09-29,32.67
BEN,2026-09-30,32.12
BEN,2026-10-01,32.5
BEZ.L,2026-09-28,1307.0
BEZ.L,2026-09-29,1308.0
BEZ.L,2026-09-30,1308.5
BEZ.L,2026-10-01,1308.5
BF-B,2026-09-25,26.16
BF-B,2026-09-28,26.03
BF-B,2026-09-29,26.29
BF-B,2026-09-30,26.2
BF-B,2026-10-01,25.97
BG,2026-09-25,109.0
BG,2026-09-28,109.06
BG,2026-09-29,108.14
BG,2026-09-30,106.95
BG,2026-10-01,106.61
BGEO.L,2026-09-28,14600.0
BGEO.L,2026-09-29,14380.0
BGEO.L,2026-09-30,14370.0
BGEO.L,2026-10-01,13540.0
BGEO.L,2026-10-02,13269.0225
BGFD.L,2026-09-28,1074.0
BGFD.L,2026-09-29,1082.0
BGFD.L,2026-09-30,1098.0
BGFD.L,2026-10-01,1090.0
BGFD.L,2026-10-02,1098.3
BHMG.L,2026-09-28,411.5
BHMG.L,2026-09-29,412.0
BHMG.L,2026-09-30,413.0
BHMG.L,2026-10-01,411.5
BHMG.L,2026-10-02,412.6255
BIIB,2026-09-25,227.6
BIIB,2026-09-28,228.69
BIIB,2026-09-29,227.07
BIIB,2026-09-30,225.88
BIIB,2026-10-01,222.82
BKG.L,2026-09-28,3364.0
BKG.L,2026-09-29,3356.0
BKG.L,2026-09-30,3348.0
BKG.L,2026-10-01,3190.0
BKG.L,2026-10-02,3234.0
BKNG,2026-09-25,163.95
BKNG,2026-09-28,163.87
BKNG,2026-09-29,162.34
BKNG,2026-09-30,162.91
BKNG,2026-10-01,160.28
BKR,2026-09-25,57.83
BKR,2026-09-28,57.12
BKR,2026-09-29,55.92
BKR,2026-09-30,54.9
BKR,2026-10-01,55.62
BLK,2026-09-25,1086.3101
BLK,2026-09-28,1071.25
BLK,2026-09-29,1067.9399
BLK,2026-09-30,1058.29
BLK,2026-10-01,1064.36
BLND.L,2026-09-28,396.4
BLND.L,2026-09-29,393.2
BLND.L,2026-09-30,398.4
BLND.L,2026-10-01,381.2
BLND.L,2026-10-02,387.6
BME.L,2026-09-28,252.0
BME.L,2026-09-29,252.0
BME.L,2026-09-30,255.4
BME.L,2026-10-01,251.8
BME.L,2026-10-02,253.8
BMED.MI,2026-09-28,23.57
BMED.MI,2026-09-29,23.56
BMED.MI,2026-09-30,23.97
BMED.MI,2026-10-01,22.94
BMED.MI,2026-10-02,23.06
BMPS.MI,2026-09-28,11.958
BMPS.MI,2026-09-29,11.916
BMPS.MI,2026-09-30,11.752
BMPS.MI,2026-10-01,11.312
BMPS.MI,2026-10-02,11.266
BMW.DE,2026-09-28,55.18
BMW.DE,2026-09-29,54.5
BMW.DE,2026-09-30,55.32
BMW.DE,2026-10-01,54.82
BMW.DE,2026-10-02,54.44
BMY,2026-09-25,62.86
BMY,2026-09-28,63.88
BMY,2026-09-29,62.86
BMY,2026-09-30,62.4
BMY,2026-10-01,61.46
BMY.L,2026-09-28,627.0
BMY.L,2026-09-29,637.0
BMY.L,2026-09-30,635.0
BMY.L,2026-10-01,639.0
BMY.L,2026-10-02,645.0
BN.PA,2026-09-28,59.5
BN.PA,2026-09-29,58.76
BN.PA,2026-09-30,58.7
BN.PA,2026-10-01,57.58
BN.PA,2026-10-02,58.74
BNKR.L,2026-09-28,153.4
BNKR.L,2026-09-29,154.0
BNKR.L,2026-09-30,154.6
BNKR.L,2026-10-01,153.4
BNKR.L,2026-10-02,154.8
BNP.PA,2026-09-28,98.26
BNP.PA,2026-09-29,97.4
BNP.PA,2026-09-30,95.0
BNP.PA,2026-10-01,91.54
BNP.PA,2026-10-02,90.54
BNR.DE,2026-09-28,59.6
BNR.DE,2026-09-29,59.28
BNR.DE,2026-09-30,59.18
BNR.DE,2026-10-01,58.54
BNR.DE,2026-10-02,59.22
BNY,2026-09-25,150.15
BNY,2026-09-28,148.44
BNY,2026-09-29,146.98
BNY,2026-09-30,144.63
BNY,2026-10-01,143.92
BNZL.L,2026-09-28,2654.0
BNZL.L,2026-09-29,2618.0
BNZL.L,2026-09-30,2612.0
BNZL.L,2026-10-01,2582.0
BNZL.L,2026-10-02,2618.0
BOWL.L,2026-09-28,248.5
BOWL.L,2026-09-29,249.5
BOWL.L,2026-09-30,252.5
BOWL.L,2026-10-01,246.0
BOWL.L,2026-10-02,249.0
BOY.L,2026-09-28,917.0
BOY.L,2026-09-29,917.5
BOY.L,2026-09-30,917.0
BOY.L,2026-10-01,909.5
BOY.L,2026-10-02,910.0
BP,2026-09-25,44.15
BP,2026-09-28,44.43
BP,2026-09-29,43.52
BP,2026-09-30,43.99
BP,2026-10-01,44.5
BP.L,2026-09-28,563.5
BP.L,2026-09-29,550.7
BP.L,2026-09-30,549.4
BP.L,2026-10-01,557.1
BP.L,2026-10-02,559.1
BPCR.L,2026-09-28,0.984
BPCR.L,2026-09-29,0.984
BPCR.L,2026-09-30,0.98
BPCR.L,2026-10-01,0.978
BPCR.L,2026-10-02,0.98
BPE.MI,2026-09-28,14.26
BPE.MI,2026-09-29,14.196
BPE.MI,2026-09-30,14.146
BPE.MI,2026-10-01,13.644
BPE.MI,2026-10-02,13.412
BPT.L,2026-09-28,318.0
BPT.L,2026-09-29,321.6
BPT.L,2026-09-30,336.0
BPT.L,2026-10-01,336.8
BPT.L,2026-10-02,333.4
BR,2026-09-25,163.77
BR,2026-09-28,162.92
BR,2026-09-29,160.95
BR,2026-09-30,161.1
BR,2026-10-01,161.15
BRBY.L,2026-09-28,1023.5
BRBY.L,2026-09-29,1028.5
BRBY.L,2026-09-30,1020.0
BRBY.L,2026-10-01,1015.0
BRBY.L,2026-10-02,1024.5
BREE.L,2026-09-28,335.6
BREE.L,2026-09-29,332.2
BREE.L,2026-09-30,328.0
BREE.L,2026-10-01,317.0
BREE.L,2026-10-02,316.0
BRGE.L,2026-09-28,589.0
BRGE.L,2026-09-29,595.0
BRGE.L,2026-09-30,593.0
BRGE.L,2026-10-01,582.0
BRGE.L,2026-10-02,584.9711
BRK-B,2026-09-25,505.48
BRK-B,2026-09-28,503.09
BRK-B,2026-09-29,502.35
BRK-B,2026-09-30,497.95
BRK-B,2026-10-01,500.5
BRO,2026-09-25,60.82
BRO,2026-09-28,60.24
BRO,2026-09-29,60.6
BRO,2026-09-30,60.9
BRO,2026-10-01,61.77
BRSC.L,2026-09-28,266.5
BRSC.L,2026-09-29,266.5
BRSC.L,2026-09-30,268.0
BRSC.L,2026-10-01,262.0
BRSC.L,2026-10-02,264.0
BRWM.L,2026-09-28,958.0
BRWM.L,2026-09-29,954.0
BRWM.L,2026-09-30,964.0
BRWM.L,2026-10-01,932.0
BRWM.L,2026-10-02,940.0
BSX,2026-09-25,43.92
BSX,2026-09-28,44.11
BSX,2026-09-29,43.88
BSX,2026-09-30,43.65
BSX,2026-10-01,43.23
BT-A.L,2026-09-28,194.45
BT-A.L,2026-09-29,196.0
BT-A.L,2026-09-30,192.0
BT-A.L,2026-10-01,190.85
BT-A.L,2026-10-02,198.75
BTI,2026-09-25,55.63
BTI,2026-09-28,56.05
BTI,2026-09-29,54.85
BTI,2026-09-30,54.4
BTI,2026-10-01,53.19
BTRW.L,2026-09-28,345.2
BTRW.L,2026-09-29,340.4
BTRW.L,2026-09-30,332.2
BTRW.L,2026-10-01,317.7
BTRW.L,2026-10-02,319.4
BUD,2026-09-25,78.0
BUD,2026-09-28,77.1
BUD,2026-09-29,74.29
BUD,2026-09-30,73.47
BUD,2026-10-01,73.02
BUT.L,2026-09-28,1554.0
BUT.L,2026-09-29,1558.0
BUT.L,2026-09-30,1562.0
BUT.L,2026-10-01,1538.0
BUT.L,2026-10-02,1552.0
BVI.PA,2026-09-28,26.57
BVI.PA,2026-09-29,27.07
BVI.PA,2026-09-30,26.86
BVI.PA,2026-10-01,26.6
BVI.PA,2026-10-02,26.67
BWY.L,2026-09-28,2282.0
BWY.L,2026-09-29,2242.0
BWY.L,2026-09-30,2212.0
BWY.L,2026-10-01,2094.0
BWY.L,2026-10-02,2124.0
BX,2026-09-25,118.42
BX,2026-09-28,114.56
BX,2026-09-29,114.0
BX,2026-09-30,112.09
BX,2026-10-01,112.24
BXP,2026-09-25,63.4
BXP,2026-09-28,62.43
BXP,2026-09-29,61.71
BXP,2026-09-30,61.11
BXP,2026-10-01,60.24
BYG.L,2026-09-28,827.5
BYG.L,2026-09-29,820.5
BYG.L,2026-09-30,829.0
BYG.L,2026-10-01,798.0
BYG.L,2026-10-02,804.0
BYIT.L,2026-09-28,437.2
BYIT.L,2026-09-29,443.6
BYIT.L,2026-09-30,444.0
BYIT.L,2026-10-01,446.0
BYIT.L,2026-10-02,445.2
BZU.MI,2026-09-28,37.48
BZU.MI,2026-09-29,37.5
BZU.MI,2026-09-30,37.53
BZU.MI,2026-10-01,37.27
BZU.MI,2026-10-02,37.81
C,2026-09-25,134.28
C,2026-09-28,131.31
C,2026-09-29,130.8
C,2026-09-30,129.48
C,2026-10-01,127.0
CA.PA,2026-09-28,16.49
CA.PA,2026-09-29,16.265
CA.PA,2026-09-30,15.91
CA.PA,2026-10-01,15.65
CA.PA,2026-10-02,15.58
CAH,2026-09-25,220.22
CAH,2026-09-28,220.29
CAH,2026-09-29,223.91
CAH,2026-09-30,222.5
CAH,2026-10-01,230.09
CAP.PA,2026-09-28,102.95
CAP.PA,2026-09-29,103.5
CAP.PA,2026-09-30,104.4
CAP.PA,2026-10-01,112.1
CAP.PA,2026-10-02,112.95
CARR,2026-09-25,56.37
CARR,2026-09-28,55.87
CARR,2026-09-29,55.38
CARR,2026-09-30,54.86
CARR,2026-10-01,55.22
CASY,2026-09-25,598.46
CASY,2026-09-28,606.24
CASY,2026-09-29,599.9
CASY,2026-09-30,608.46
CASY,2026-10-01,619.5
CAT,2026-09-25,821.58
CAT,2026-09-28,819.95
CAT,2026-09-29,826.64
CAT,2026-09-30,810.79
CAT,2026-10-01,826.35
CB,2026-09-25,333.37
CB,2026-09-28,331.37
CB,2026-09-29,332.08
CB,2026-09-30,325.25
CB,2026-10-01,331.3
CBG.L,2026-09-28,386.0
CBG.L,2026-09-29,445.8
CBG.L,2026-09-30,416.4
CBG.L,2026-10-01,397.8
CBG.L,2026-10-02,395.8
CBK.DE,2026-09-28,42.38
CBK.DE,2026-09-29,41.99
CBK.DE,2026-09-30,40.31
CBK.DE,2026-10-01,39.4
CBK.DE,2026-10-02,38.85
CBOE,2026-09-25,258.03
CBOE,2026-09-28,253.26
CBOE,2026-09-29,261.75
CBOE,2026-09-30,275.29
CBOE,2026-10-01,277.19
CBRE,2026-09-25,134.55
CBRE,2026-09-28,130.35
CBRE,2026-09-29,130.84
CBRE,2026-09-30,128.47
CBRE,2026-10-01,130.53
CCC.L,2026-09-28,5330.0
CCC.L,2026-09-29,5320.0
CCC.L,2026-09-30,5405.0
CCC.L,2026-10-01,5470.0
CCC.L,2026-10-02,5520.0
CCEP.L,2026-09-28,7690.0
CCEP.L,2026-09-29,7740.0
CCEP.L,2026-09-30,7685.0
CCEP.L,2026-10-01,7650.0
CCEP.L,2026-10-02,7735.0
CCH.L,2026-09-28,4288.0
CCH.L,2026-09-29,4348.0
CCH.L,2026-09-30,4354.0
CCH.L,2026-10-01,4206.0
CCH.L,2026-10-02,4244.0
CCI,2026-09-25,67.84
CCI,2026-09-28,67.1
CCI,2026-09-29,67.07
CCI,2026-09-30,66.65
CCI,2026-10-01,66.12
CCL,2026-09-25,22.25
CCL,2026-09-28,22.14
CCL,2026-09-29,25.11
CCL,2026-09-30,24.54
CCL,2026-10-01,25.07
CDNS,2026-09-25,326.13
CDNS,2026-09-28,326.7
CDNS,2026-09-29,324.17
CDNS,2026-09-30,330.19
CDNS,2026-10-01,350.73
CDW,2026-09-25,135.43
CDW,2026-09-28,130.33
CDW,2026-09-29,129.71
CDW,2026-09-30,128.16
CDW,2026-10-01,135.83
CEG,2026-09-25,263.27
CEG,2026-09-28,260.43
CEG,2026-09-29,264.58
CEG,2026-09-30,254.02
CEG,2026-10-01,258.92
CF,2026-09-25,114.67
CF,2026-09-28,115.51
CF,2026-09-29,115.71
CF,2026-09-30,115.2
CF,2026-10-01,114.54
CFG,2026-09-25,65.53
CFG,2026-09-28,64.8
CFG,2026-09-29,63.89
CFG,2026-09-30,63.76
CFG,2026-10-01,63.7
CGT.L,2026-09-28,511.0
CGT.L,2026-09-29,515.0
CGT.L,2026-09-30,518.0
CGT.L,2026-10-01,511.0
CGT.L,2026-10-02,513.6857
CHD,2026-09-25,96.38
CHD,2026-09-28,95.62
CHD,2026-09-29,94.95
CHD,2026-09-30,94.22
CHD,2026-10-01,94.11
CHG.L,2026-09-28,535.0
CHG.L,2026-09-29,537.5
CHG.L,2026-09-30,545.5
CHG.L,2026-10-01,540.0
CHG.L,2026-10-02,534.0
CHRW,2026-09-25,147.1
CHRW,2026-09-28,148.24
CHRW,2026-09-29,149.71
CHRW,2026-09-30,147.96
CHRW,2026-10-01,153.14
CHTR,2026-09-25,112.91
CHTR,2026-09-28,111.4
CHTR,2026-09-29,110.67
CHTR,2026-09-30,110.9
CHTR,2026-10-01,111.37
CI,2026-09-25,272.01
CI,2026-09-28,271.83
CI,2026-09-29,275.26
CI,2026-09-30,271.83
CI,2026-10-01,267.96
CIEN,2026-09-25,356.91
CIEN,2026-09-28,344.19
CIEN,2026-09-29,354.92
CIEN,2026-09-30,351.82
CIEN,2026-10-01,379.14
CINF,2026-09-25,162.54
CINF,2026-09-28,161.92
CINF,2026-09-29,161.13
CINF,2026-09-30,159.37
CINF,2026-10-01,162.15
CKN.L,2026-09-28,5095.0
CKN.L,2026-09-29,5100.0
CKN.L,2026-09-30,5060.0
CKN.L,2026-10-01,4972.0
CKN.L,2026-10-02,5044.7002
CL,2026-09-25,86.06
CL,2026-09-28,86.52
CL,2026-09-29,86.46
CL,2026-09-30,85.32
CL,2026-10-01,84.53
CLDN.L,2026-09-28,378.5
CLDN.L,2026-09-29,377.5
CLDN.L,2026-09-30,382.5
CLDN.L,2026-10-01,379.5
CLDN.L,2026-10-02,378.5
CLX,2026-09-25,83.8
CLX,2026-09-28,81.42
CLX,2026-09-29,81.6
CLX,2026-09-30,81.01
CLX,2026-10-01,80.65
CMCSA,2026-09-25,21.91
CMCSA,2026-09-28,21.79
CMCSA,2026-09-29,21.6
CMCSA,2026-09-30,21.76
CMCSA,2026-10-01,21.7
CMCX.L,2026-09-28,663.0
CMCX.L,2026-09-29,661.0
CMCX.L,2026-09-30,668.0
CMCX.L,2026-10-01,658.0
CMCX.L,2026-10-02,600.0
CME,2026-09-25,264.48
CME,2026-09-28,263.24
CME,2026-09-29,263.22
CME,2026-09-30,261.98
CME,2026-10-01,265.1
CMG,2026-09-25,31.33
CMG,2026-09-28,31.85
CMG,2026-09-29,31.88
CMG,2026-09-30,31.95
CMG,2026-10-01,32.32
CMI,2026-09-25,525.06
CMI,2026-09-28,517.84
CMI,2026-09-29,521.37
CMI,2026-09-30,516.57
CMI,2026-10-01,517.0
CMS,2026-09-25,62.95
CMS,2026-09-28,62.6
CMS,2026-09-29,63.45
CMS,2026-09-30,63.08
CMS,2026-10-01,63.64
CNA.L,2026-09-28,146.55
CNA.L,2026-09-29,146.6
CNA.L,2026-09-30,147.7
CNA.L,2026-10-01,147.25
CNA.L,2026-10-02,148.85
CNC,2026-09-25,61.82
CNC,2026-09-28,62.53
CNC,2026-09-29,62.21
CNC,2026-09-30,62.12
CNC,2026-10-01,60.99
CNP,2026-09-25,36.84
CNP,2026-09-28,36.62
CNP,2026-09-29,36.94
CNP,2026-09-30,36.8
CNP,2026-10-01,37.21
COA.L,2026-09-28,82.1
COA.L,2026-09-29,81.7
COA.L,2026-09-30,82.5
COA.L,2026-10-01,81.6
COA.L,2026-10-02,80.8
COF,2026-09-25,200.2
COF,2026-09-28,196.46
COF,2026-09-29,196.46
COF,2026-09-30,193.07
COF,2026-10-01,194.48
COHR,2026-09-25,295.83
COHR,2026-09-28,282.45
COHR,2026-09-29,292.21
COHR,2026-09-30,287.81
COHR,2026-10-01,319.19
COIN,2026-09-25,195.11
COIN,2026-09-28,191.79
COIN,2026-09-29,190.02
COIN,2026-09-30,186.41
COIN,2026-10-01,189.29
CON.DE,2026-09-28,68.76
CON.DE,2026-09-29,68.3
CON.DE,2026-09-30,67.12
CON.DE,2026-10-01,67.4
CON.DE,2026-10-02,67.78
COO,2026-09-25,55.38
COO,2026-09-28,56.57
COO,2026-09-29,56.63
COO,2026-09-30,56.53
COO,2026-10-01,57.41
COP,2026-09-25,127.3
COP,2026-09-28,126.04
COP,2026-09-29,125.44
COP,2026-09-30,125.15
COP,2026-10-01,127.06
COR,2026-09-25,306.92
COR,2026-09-28,303.81
COR,2026-09-29,307.6
COR,2026-09-30,300.25
COR,2026-10-01,309.78
CORD.L,2026-09-28,124.5
CORD.L,2026-09-29,124.0
CORD.L,2026-09-30,125.0
CORD.L,2026-10-01,123.0
CORD.L,2026-10-02,123.261
COST,2026-09-25,922.77
COST,2026-09-28,922.92
COST,2026-09-29,924.59
COST,2026-09-30,910.34
COST,2026-10-01,914.94
COST.L,2026-09-28,262.5
COST.L,2026-09-29,260.5
COST.L,2026-09-30,260.0
COST.L,2026-10-01,257.5
COST.L,2026-10-02,262.5
CPAY,2026-09-25,398.11
CPAY,2026-09-28,396.23
CPAY,2026-09-29,392.7
CPAY,2026-09-30,388.6
CPAY,2026-10-01,389.73
CPG.L,2026-09-28,29.54
CPG.L,2026-09-29,29.45
CPG.L,2026-09-30,29.48
CPG.L,2026-10-01,29.18
CPG.L,2026-10-02,29.86
CPR.MI,2026-09-28,5.924
CPR.MI,2026-09-29,6.01
CPR.MI,2026-09-30,6.128
CPR.MI,2026-10-01,6.018
CPR.MI,2026-10-02,6.054
CPRT,2026-09-25,27.59
CPRT,2026-09-28,27.22
CPRT,2026-09-29,27.14
CPRT,2026-09-30,27.28
CPRT,2026-10-01,27.29
CPT,2026-09-25,98.12
CPT,2026-09-28,98.4
CPT,2026-09-29,98.46
CPT,2026-09-30,96.73
CPT,2026-10-01,96.62
CRDA.L,2026-09-28,3255.0
CRDA.L,2026-09-29,3276.0
CRDA.L,2026-09-30,3333.0
CRDA.L,2026-10-01,3274.0
CRDA.L,2026-10-02,3283.0
CRH,2026-09-25,85.04
CRH,2026-09-28,83.75
CRH,2026-09-29,84.53
CRH,2026-09-30,82.8
CRH,2026-10-01,81.7
CRL,2026-09-25,292.84
CRL,2026-09-28,294.59
CRL,2026-09-29,295.96
CRL,2026-09-30,295.01
CRL,2026-10-01,286.83
CRM,2026-09-25,234.02
CRM,2026-09-28,227.27
CRM,2026-09-29,225.31
CRM,2026-09-30,229.57
CRM,2026-10-01,236.69
CRWD,2026-09-25,252.13
CRWD,2026-09-28,259.25
CRWD,2026-09-29,262.74
CRWD,2026-09-30,264.75
CRWD,2026-10-01,266.09
CS.PA,2026-09-28,43.98
CS.PA,2026-09-29,43.49
CS.PA,2026-09-30,42.54
CS.PA,2026-10-01,41.9
CS.PA,2026-10-02,41.95
CSCO,2026-09-25,106.7
CSCO,2026-09-28,106.74
CSCO,2026-09-29,106.94
CSCO,2026-09-30,107.63
CSCO,2026-10-01,108.76
CSGP,2026-09-25,28.09
CSGP,2026-09-28,27.02
CSGP,2026-09-29,26.95
CSGP,2026-09-30,27.4
CSGP,2026-10-01,27.72
CSN.L,2026-09-28,355.5
CSN.L,2026-09-29,356.5
CSN.L,2026-09-30,351.0
CSN.L,2026-10-01,340.5
CSN.L,2026-10-02,340.0
CSX,2026-09-25,46.78
CSX,2026-09-28,46.76
CSX,2026-09-29,46.93
CSX,2026-09-30,46.51
CSX,2026-10-01,46.54
CTAS,2026-09-25,199.91
CTAS,2026-09-28,200.58
CTAS,2026-09-29,197.74
CTAS,2026-09-30,195.06
CTAS,2026-10-01,195.6
CTEC.L,2026-09-28,212.0
CTEC.L,2026-09-29,217.0
CTEC.L,2026-09-30,217.0
CTEC.L,2026-10-01,216.8
CTEC.L,2026-10-02,217.2
CTSH,2026-09-25,57.33
CTSH,2026-09-28,56.75
CTSH,2026-09-29,56.84
CTSH,2026-09-30,57.44
CTSH,2026-10-01,60.88
CTVA,2026-09-25,78.52
CTVA,2026-09-28,77.74
CTVA,2026-09-29,77.87
CTVA,2026-09-30,77.65
CTVA,2026-10-01,12.57
CTY.L,2026-09-28,581.0
CTY.L,2026-09-29,578.0
CTY.L,2026-09-30,579.0
CTY.L,2026-10-01,567.0
CTY.L,2026-10-02,567.0
CURY.L,2026-09-28,146.8
CURY.L,2026-09-29,146.4
CURY.L,2026-09-30,150.6
CURY.L,2026-10-01,145.7
CURY.L,2026-10-02,146.6
CVNA,2026-09-25,65.06
CVNA,2026-09-28,60.47
CVNA,2026-09-29,63.62
CVNA,2026-09-30,62.54
CVNA,2026-10-01,63.04
CVS,2026-09-25,89.13
CVS,2026-09-28,87.85
CVS,2026-09-29,87.1
CVS,2026-09-30,85.69
CVS,2026-10-01,85.2
CVSG.L,2026-09-28,1253.0
CVSG.L,2026-09-29,1240.0
CVSG.L,2026-09-30,1219.0
CVSG.L,2026-10-01,1160.0
CVSG.L,2026-10-02,1163.0
CVX,2026-09-25,204.45
CVX,2026-09-28,206.37
CVX,2026-09-29,204.38
CVX,2026-09-30,204.21
CVX,2026-10-01,207.1
CWK.L,2026-09-28,5110.0
CWK.L,2026-09-29,5060.0
CWK.L,2026-09-30,5100.0
CWK.L,2026-10-01,5030.0
CWK.L,2026-10-02,5010.0
CWR.L,2026-09-28,387.8
CWR.L,2026-09-29,393.0
CWR.L,2026-09-30,407.6
CWR.L,2026-10-01,412.6
CWR.L,2026-10-02,424.4
D,2026-09-25,60.68
D,2026-09-28,60.28
D,2026-09-29,60.64
D,2026-09-30,60.52
D,2026-10-01,60.76
DAL,2026-09-25,84.94
DAL,2026-09-28,84.03
DAL,2026-09-29,84.87
DAL,2026-09-30,83.46
DAL,2026-10-01,84.13
DASH,2026-09-25,193.36
DASH,2026-09-28,178.39
DASH,2026-09-29,187.1
DASH,2026-09-30,183.55
DASH,2026-10-01,182.175
DASTY,2026-09-25,23.95
DASTY,2026-09-28,23.82
DASTY,2026-09-29,23.39
DASTY,2026-09-30,22.92
DASTY,2026-10-01,23.12
DATA.L,2026-09-28,58.7
DATA.L,2026-09-29,57.6
DATA.L,2026-09-30,58.8
DATA.L,2026-10-01,60.1
DATA.L,2026-10-02,61.1
DB,2026-09-25,36.57
DB,2026-09-28,36.08
DB,2026-09-29,36.11
DB,2026-09-30,35.89
DB,2026-10-01,35.13
DB1.DE,2026-09-28,287.1
DB1.DE,2026-09-29,287.1
DB1.DE,2026-09-30,286.1
DB1.DE,2026-10-01,286.7
DB1.DE,2026-10-02,289.8
DBK.DE,2026-09-28,31.565
DBK.DE,2026-09-29,31.75
DBK.DE,2026-09-30,31.865
DBK.DE,2026-10-01,31.03
DBK.DE,2026-10-02,30.62
DCC.L,2026-09-28,6440.0
DCC.L,2026-09-29,6435.0
DCC.L,2026-09-30,6430.0
DCC.L,2026-10-01,6430.0
DCC.L,2026-10-02,6435.0
DD,2026-09-25,131.71
DD,2026-09-28,130.98
DD,2026-09-29,130.12
DD,2026-09-30,129.89
DD,2026-10-01,129.2
DDOG,2026-09-25,268.13
DDOG,2026-09-28,268.7
DDOG,2026-09-29,268.56
DDOG,2026-09-30,273.85
DDOG,2026-10-01,276.46
DE,2026-09-25,690.46
DE,2026-09-28,689.59
DE,2026-09-29,680.5
DE,2026-09-30,671.55
DE,2026-10-01,667.26
DECK,2026-09-25,78.67
DECK,2026-09-28,78.36
DECK,2026-09-29,77.68
DECK,2026-09-30,78.14
DECK,2026-10-01,79.57
DELL,2026-09-25,562.89
DELL,2026-09-28,543.43
DELL,2026-09-29,539.59
DELL,2026-09-30,537.95
DELL,2026-10-01,541.74
DEO,2026-09-25,87.52
DEO,2026-09-28,86.24
DEO,2026-09-29,85.34
DEO,2026-09-30,85.6
DEO,2026-10-01,84.42
DG,2026-09-25,124.84
DG,2026-09-28,124.37
DG,2026-09-29,122.64
DG,2026-09-30,119.58
DG,2026-10-01,118.93
DG.PA,2026-09-28,111.15
DG.PA,2026-09-29,108.5
DG.PA,2026-09-30,106.95
DG.PA,2026-10-01,105.6
DG.PA,2026-10-02,106.25
DGE.L,2026-09-28,1619.5
DGE.L,2026-09-29,1610.0
DGE.L,2026-09-30,1624.0
DGE.L,2026-10-01,1598.0
DGE.L,2026-10-02,1614.5
DGX,2026-09-25,236.32
DGX,2026-09-28,237.62
DGX,2026-09-29,231.97
DGX,2026-09-30,233.07
DGX,2026-10-01,231.09
DHI,2026-09-25,141.51
DHI,2026-09-28,139.42
DHI,2026-09-29,139.4
DHI,2026-09-30,136.65
DHI,2026-10-01,137.06
DHL.DE,2026-09-28,56.98
DHL.DE,2026-09-29,56.96
DHL.DE,2026-09-30,57.0
DHL.DE,2026-10-01,55.74
DHL.DE,2026-10-02,56.34
DHR,2026-09-25,224.49
DHR,2026-09-28,227.33
DHR,2026-09-29,226.11
DHR,2026-09-30,221.55
DHR,2026-10-01,211.76
DIA.MI,2026-09-28,79.28
DIA.MI,2026-09-29,78.5
DIA.MI,2026-09-30,76.8
DIA.MI,2026-10-01,74.0
DIA.MI,2026-10-02,74.16
DIS,2026-09-25,106.15
DIS,2026-09-28,105.59
DIS,2026-09-29,105.41
DIS,2026-09-30,104.9
DIS,2026-10-01,101.33
DLN.L,2026-09-28,1798.0
DLN.L,2026-09-29,1804.0
DLN.L,2026-09-30,1821.0
DLN.L,2026-10-01,1767.0
DLN.L,2026-10-02,1781.0
DLR,2026-09-25,178.61
DLR,2026-09-28,177.18
DLR,2026-09-29,176.56
DLR,2026-09-30,175.53
DLR,2026-10-01,176.49
DLTR,2026-09-25,114.07
DLTR,2026-09-28,116.02
DLTR,2026-09-29,113.3
DLTR,2026-09-30,114.02
DLTR,2026-10-01,114.43
DNLM.L,2026-09-28,803.0
DNLM.L,2026-09-29,801.5
DNLM.L,2026-09-30,804.5
DNLM.L,2026-10-01,778.0
DNLM.L,2026-10-02,788.5
DOC,2026-09-25,20.31
DOC,2026-09-28,20.1
DOC,2026-09-29,20.13
DOC,2026-09-30,19.97
DOC,2026-10-01,19.44
DOCS.L,2026-09-28,68.9
DOCS.L,2026-09-29,69.2
DOCS.L,2026-09-30,70.1
DOCS.L,2026-10-01,67.1
DOCS.L,2026-10-02,67.434
DOM.L,2026-09-28,211.2
DOM.L,2026-09-29,212.8
DOM.L,2026-09-30,213.8
DOM.L,2026-10-01,211.6
DOM.L,2026-10-02,213.163
DOV,2026-09-25,191.88
DOV,2026-09-28,191.48
DOV,2026-09-29,189.7
DOV,2026-09-30,187.05
DOV,2026-10-01,188.06
DOW,2026-09-25,28.02
DOW,2026-09-28,27.89
DOW,2026-09-29,27.61
DOW,2026-09-30,27.54
DOW,2026-10-01,27.59
DPLM.L,2026-09-28,7710.0
DPLM.L,2026-09-29,7825.0
DPLM.L,2026-09-30,7725.0
DPLM.L,2026-10-01,7690.0
DPLM.L,2026-10-02,7805.0
DPZ,2026-09-25,292.14
DPZ,2026-09-28,292.27
DPZ,2026-09-29,301.81
DPZ,2026-09-30,299.61
DPZ,2026-10-01,295.0
DRI,2026-09-25,199.75
DRI,2026-09-28,197.02
DRI,2026-09-29,195.11
DRI,2026-09-30,193.25
DRI,2026-10-01,197.41
DRX.L,2026-09-28,806.5
DRX.L,2026-09-29,808.0
DRX.L,2026-09-30,815.5
DRX.L,2026-10-01,804.5
DRX.L,2026-10-02,800.5
DSCV.L,2026-09-28,810.0
DSCV.L,2026-09-29,822.0
DSCV.L,2026-09-30,836.0
DSCV.L,2026-10-01,825.0
DSCV.L,2026-10-02,836.0
DSY.PA,2026-09-28,21.07
DSY.PA,2026-09-29,20.64
DSY.PA,2026-09-30,20.49
DSY.PA,2026-10-01,20.57
DSY.PA,2026-10-02,20.76
DTE,2026-09-25,121.44
DTE,2026-09-28,120.83
DTE,2026-09-29,122.39
DTE,2026-09-30,121.8
DTE,2026-10-01,123.27
DTE.DE,2026-09-28,26.67
DTE.DE,2026-09-29,26.4
DTE.DE,2026-09-30,26.11
DTE.DE,2026-10-01,26.07
DTE.DE,2026-10-02,26.49
DTG.DE,2026-09-28,43.01
DTG.DE,2026-09-29,42.16
DTG.DE,2026-09-30,41.83
DTG.DE,2026-10-01,41.51
DTG.DE,2026-10-02,41.02
DUK,2026-09-25,113.35
DUK,2026-09-28,113.41
DUK,2026-09-29,114.21
DUK,2026-09-30,114.01
DUK,2026-10-01,113.74
DVA,2026-09-25,178.47
DVA,2026-09-28,178.07
DVA,2026-09-29,175.19
DVA,2026-09-30,174.92
DVA,2026-10-01,176.35
DVN,2026-09-25,47.05
DVN,2026-09-28,46.73
DVN,2026-09-29,46.6
DVN,2026-09-30,46.04
DVN,2026-10-01,47.16
DXCM,2026-09-25,86.62
DXCM,2026-09-28,86.68
DXCM,2026-09-29,86.64
DXCM,2026-09-30,86.29
DXCM,2026-10-01,86.23
E,2026-09-25,54.71
E,2026-09-28,55.62
E,2026-09-29,54.65
E,2026-09-30,54.3
E,2026-10-01,54.39
EBAY,2026-09-25,107.9
EBAY,2026-09-28,107.32
EBAY,2026-09-29,105.21
EBAY,2026-09-30,106.05
EBAY,2026-10-01,105.89
ECHO,2026-09-25,90.11
ECHO,2026-09-28,89.22
ECHO,2026-09-29,89.89
ECHO,2026-09-30,89.41
ECHO,2026-10-01,88.25
ECL,2026-09-25,279.49
ECL,2026-09-28,280.23
ECL,2026-09-29,277.87
ECL,2026-09-30,274.58
ECL,2026-10-01,271.26
ED,2026-09-25,103.1
ED,2026-09-28,102.83
ED,2026-09-29,103.33
ED,2026-09-30,102.21
ED,2026-10-01,103.5
EDEN.PA,2026-09-28,28.16
EDEN.PA,2026-09-29,28.22
EDEN.PA,2026-09-30,27.59
EDEN.PA,2026-10-01,26.84
EDEN.PA,2026-10-02,27.5
EDIN.L,2026-09-28,832.0
EDIN.L,2026-09-29,829.0
EDIN.L,2026-09-30,830.0
EDIN.L,2026-10-01,813.0
EDIN.L,2026-10-02,817.2458
EDV.L,2026-09-28,4325.0
EDV.L,2026-09-29,4284.0
EDV.L,2026-09-30,4245.0
EDV.L,2026-10-01,4244.0
EDV.L,2026-10-02,4259.0
EFX,2026-09-25,148.11
EFX,2026-09-28,145.78
EFX,2026-09-29,140.83
EFX,2026-09-30,137.24
EFX,2026-10-01,139.73
EG,2026-09-25,370.43
EG,2026-09-28,369.8
EG,2026-09-29,368.81
EG,2026-09-30,365.17
EG,2026-10-01,368.72
EIX,2026-09-25,52.65
EIX,2026-09-28,51.47
EIX,2026-09-29,53.56
EIX,2026-09-30,53.73
EIX,2026-10-01,53.8
EL,2026-09-25,94.47
EL,2026-09-28,95.57
EL,2026-09-29,94.37
EL,2026-09-30,92.77
EL,2026-10-01,90.19
EL.PA,2026-09-28,146.1
EL.PA,2026-09-29,144.6
EL.PA,2026-09-30,145.6
EL.PA,2026-10-01,144.6
EL.PA,2026-10-02,145.4
ELM.L,2026-09-28,176.2
ELM.L,2026-09-29,174.2
ELM.L,2026-09-30,179.0
ELM.L,2026-10-01,175.0
ELM.L,2026-10-02,176.8
ELV,2026-09-25,396.09
ELV,2026-09-28,394.59
ELV,2026-09-29,392.73
ELV,2026-09-30,388.82
ELV,2026-10-01,381.67
EME,2026-09-25,762.21
EME,2026-09-28,765.52
EME,2026-09-29,762.03
EME,2026-09-30,754.49
EME,2026-10-01,769.03
EMG.L,2026-09-28,329.8
EMG.L,2026-09-29,324.6
EMG.L,2026-09-30,330.0
EMG.L,2026-10-01,316.4
EMG.L,2026-10-02,317.8
EMR,2026-09-25,158.23
EMR,2026-09-28,159.39
EMR,2026-09-29,157.24
EMR,2026-09-30,155.1
EMR,2026-10-01,158.57
EN.PA,2026-09-28,43.0
EN.PA,2026-09-29,42.61
EN.PA,2026-09-30,41.63
EN.PA,2026-10-01,40.87
EN.PA,2026-10-02,40.81
ENEL.MI,2026-09-28,8.713
ENEL.MI,2026-09-29,8.779
ENEL.MI,2026-09-30,8.747
ENEL.MI,2026-10-01,8.668
ENEL.MI,2026-10-02,8.751
ENGI.PA,2026-09-28,23.2
ENGI.PA,2026-09-29,23.02
ENGI.PA,2026-09-30,22.81
ENGI.PA,2026-10-01,22.52
ENGI.PA,2026-10-02,22.74
ENI.MI,2026-09-28,24.58
ENI.MI,2026-09-29,24.29
ENI.MI,2026-09-30,24.02
ENI.MI,2026-10-01,24.03
ENI.MI,2026-10-02,24.23
ENOG.L,2026-09-28,733.5
ENOG.L,2026-09-29,711.0
ENOG.L,2026-09-30,709.0
ENOG.L,2026-10-01,702.5
ENOG.L,2026-10-02,700.5
ENR.DE,2026-09-28,140.88
ENR.DE,2026-09-29,145.82
ENR.DE,2026-09-30,142.6
ENR.DE,2026-10-01,142.52
ENR.DE,2026-10-02,146.14
ENT.L,2026-09-28,426.9
ENT.L,2026-09-29,424.5
ENT.L,2026-09-30,417.1
ENT.L,2026-10-01,411.0
ENT.L,2026-10-02,415.6
EOAN.DE,2026-09-28,17.15
EOAN.DE,2026-09-29,16.905
EOAN.DE,2026-09-30,16.86
EOAN.DE,2026-10-01,16.765
EOAN.DE,2026-10-02,16.88
EOG,2026-09-25,140.35
EOG,2026-09-28,140.63
EOG,2026-09-29,139.66
EOG,2026-09-30,137.76
EOG,2026-10-01,141.31
EQIX,2026-09-25,1008.08
EQIX,2026-09-28,1011.07
EQIX,2026-09-29,1015.27
EQIX,2026-09-30,1011.58
EQIX,2026-10-01,1012.33
EQT,2026-09-25,50.81
EQT,2026-09-28,49.87
EQT,2026-09-29,48.88
EQT,2026-09-30,48.56
EQT,2026-10-01,50.09
ERF.PA,2026-09-28,78.72
ERF.PA,2026-09-29,76.2
ERF.PA,2026-09-30,75.0
ERF.PA,2026-10-01,74.54
ERF.PA,2026-10-02,75.32
ERIE,2026-09-25,222.86
ERIE,2026-09-28,221.92
ERIE,2026-09-29,222.43
ERIE,2026-09-30,219.15
ERIE,2026-10-01,222.11
ES,2026-09-25,63.67
ES,2026-09-28,63.28
ES,2026-09-29,63.9
ES,2026-09-30,64.16
ES,2026-10-01,64.31
ESCT.L,2026-09-28,233.5
ESCT.L,2026-09-29,233.5
ESCT.L,2026-09-30,233.0
ESCT.L,2026-10-01,231.0
ESCT.L,2026-10-02,231.5
ESS,2026-09-25,271.61
ESS,2026-09-28,273.01
ESS,2026-09-29,273.93
ESS,2026-09-30,269.39
ESS,2026-10-01,269.51
ETN,2026-09-25,439.98
ETN,2026-09-28,431.41
ETN,2026-09-29,433.27
ETN,2026-09-30,429.71
ETN,2026-10-01,437.28
ETR,2026-09-25,98.57
ETR,2026-09-28,98.1
ETR,2026-09-29,99.76
ETR,2026-09-30,99.26
ETR,2026-10-01,100.4
EVRG,2026-09-25,78.04
EVRG,2026-09-28,77.91
EVRG,2026-09-29,78.73
EVRG,2026-09-30,78.44
EVRG,2026-10-01,78.79
EW,2026-09-25,86.29
EW,2026-09-28,86.83
EW,2026-09-29,88.08
EW,2026-09-30,86.32
EW,2026-10-01,85.19
EWG.L,2026-09-28,93.9
EWG.L,2026-09-29,95.1
EWG.L,2026-09-30,95.7
EWG.L,2026-10-01,93.3
EWG.L,2026-10-02,93.7
EWI.L,2026-09-28,275.5
EWI.L,2026-09-29,278.5
EWI.L,2026-09-30,280.0
EWI.L,2026-10-01,280.0
EWI.L,2026-10-02,280.0
EXC,2026-09-25,40.34
EXC,2026-09-28,40.32
EXC,2026-09-29,40.65
EXC,2026-09-30,40.4
EXC,2026-10-01,40.47
EXE,2026-09-25,86.84
EXE,2026-09-28,85.31
EXE,2026-09-29,84.18
EXE,2026-09-30,84.09
EXE,2026-10-01,85.96
EXPD,2026-09-25,187.46
EXPD,2026-09-28,188.58
EXPD,2026-09-29,188.16
EXPD,2026-09-30,184.64
EXPD,2026-10-01,187.74
EXPE,2026-09-25,264.17
EXPE,2026-09-28,264.23
EXPE,2026-09-29,266.33
EXPE,2026-09-30,263.36
EXPE,2026-10-01,262.67
EXPN.L,2026-09-28,2517.0
EXPN.L,2026-09-29,2472.0
EXPN.L,2026-09-30,2465.0
EXPN.L,2026-10-01,2427.0
EXPN.L,2026-10-02,2459.0
EXR,2026-09-25,133.35
EXR,2026-09-28,131.68
EXR,2026-09-29,133.49
EXR,2026-09-30,131.51
EXR,2026-10-01,133.08
EZJ.L,2026-09-28,674.0
EZJ.L,2026-09-29,677.8
EZJ.L,2026-09-30,677.6
EZJ.L,2026-10-01,677.2
EZJ.L,2026-10-02,679.6
F,2026-09-25,12.71
F,2026-09-28,12.38
F,2026-09-29,12.3
F,2026-09-30,12.06
F,2026-10-01,12.27
FAN.L,2026-09-28,653.0
FAN.L,2026-09-29,654.0
FAN.L,2026-09-30,653.0
FAN.L,2026-10-01,638.0
FAN.L,2026-10-02,643.0
FANG,2026-09-25,186.67
FANG,2026-09-28,185.23
FANG,2026-09-29,183.95
FANG,2026-09-30,183.81
FANG,2026-10-01,185.51
FAST,2026-09-25,50.43
FAST,2026-09-28,50.49
FAST,2026-09-29,49.96
FAST,2026-09-30,49.53
FAST,2026-10-01,50.23
FBK.MI,2026-09-28,21.67
FBK.MI,2026-09-29,22.0
FBK.MI,2026-09-30,22.13
FBK.MI,2026-10-01,21.26
FBK.MI,2026-10-02,21.18
FCH.L,2026-09-28,182.8
FCH.L,2026-09-29,184.6
FCH.L,2026-09-30,188.2
FCH.L,2026-10-01,183.4
FCH.L,2026-10-02,183.2
FCIT.L,2026-09-28,345.4
FCIT.L,2026-09-29,345.6
FCIT.L,2026-09-30,346.4
FCIT.L,2026-10-01,343.6
FCIT.L,2026-10-02,346.6
FCSS.L,2026-09-28,253.0
FCSS.L,2026-09-29,251.0
FCSS.L,2026-09-30,252.0
FCSS.L,2026-10-01,251.5
FCSS.L,2026-10-02,250.0
FCT.MI,2026-09-28,11.63
FCT.MI,2026-09-29,12.16
FCT.MI,2026-09-30,12.04
FCT.MI,2026-10-01,12.365
FCT.MI,2026-10-02,12.16
FCX,2026-09-25,72.31
FCX,2026-09-28,71.96
FCX,2026-09-29,70.79
FCX,2026-09-30,70.0
FCX,2026-10-01,69.28
FDS,2026-09-25,273.08
FDS,2026-09-28,267.67
FDS,2026-09-29,259.97
FDS,2026-09-30,269.95
FDS,2026-10-01,277.61
FDX,2026-09-25,285.85
FDX,2026-09-28,289.65
FDX,2026-09-29,287.47
FDX,2026-09-30,285.09
FDX,2026-10-01,287.07
FDXF,2026-09-25,113.18
FDXF,2026-09-28,112.3
FDXF,2026-09-29,112.06
FDXF,2026-09-30,109.38
FDXF,2026-10-01,110.67
FE,2026-09-25,43.3
FE,2026-09-28,43.02
FE,2026-09-29,43.64
FE,2026-09-30,43.33
FE,2026-10-01,43.39
FEML.L,2026-09-28,1492.0
FEML.L,2026-09-29,1486.0
FEML.L,2026-09-30,1472.0
FEML.L,2026-10-01,1468.0
FEML.L,2026-10-02,1492.0
FERG,2026-09-25,222.74
FERG,2026-09-28,227.3
FERG,2026-09-29,223.87
FERG,2026-09-30,222.62
FERG,2026-10-01,221.49
FEV.L,2026-09-28,425.0
FEV.L,2026-09-29,426.0
FEV.L,2026-09-30,424.5
FEV.L,2026-10-01,417.5
FEV.L,2026-10-02,418.5
FFIV,2026-09-25,443.06
FFIV,2026-09-28,435.56
FFIV,2026-09-29,438.07
FFIV,2026-09-30,445.18
FFIV,2026-10-01,443.68
FGEN.L,2026-09-28,87.1
FGEN.L,2026-09-29,87.6
FGEN.L,2026-09-30,88.3
FGEN.L,2026-10-01,88.3
FGEN.L,2026-10-02,88.2729
FGP.L,2026-09-28,178.9
FGP.L,2026-09-29,180.3
FGP.L,2026-09-30,182.7
FGP.L,2026-10-01,181.1
FGP.L,2026-10-02,181.8
FGT.L,2026-09-28,772.0
FGT.L,2026-09-29,767.0
FGT.L,2026-09-30,771.0
FGT.L,2026-10-01,764.0
FGT.L,2026-10-02,770.0
FICO,2026-09-25,863.09
FICO,2026-09-28,840.89
FICO,2026-09-29,617.87
FICO,2026-09-30,592.47
FICO,2026-10-01,661.75
FIS,2026-09-25,35.41
FIS,2026-09-28,34.31
FIS,2026-09-29,33.35
FIS,2026-09-30,32.9
FIS,2026-10-01,33.1
FISV,2026-09-25,46.48
FISV,2026-09-28,46.02
FISV,2026-09-29,45.36
FISV,2026-09-30,45.18
FISV,2026-10-01,45.38
FITB,2026-09-25,52.1
FITB,2026-09-28,51.57
FITB,2026-09-29,50.97
FITB,2026-09-30,50.58
FITB,2026-10-01,50.41
FIX,2026-09-25,1658.91
FIX,2026-09-28,1658.3
FIX,2026-09-29,1665.05
FIX,2026-09-30,1654.09
FIX,2026-10-01,1685.29
FLEX,2026-09-25,114.68
FLEX,2026-09-28,113.04
FLEX,2026-09-29,113.83
FLEX,2026-09-30,109.99
FLEX,2026-10-01,112.78
FME.DE,2026-09-28,40.48
FME.DE,2026-09-29,39.2
FME.DE,2026-09-30,39.57
FME.DE,2026-10-01,39.68
FME.DE,2026-10-02,39.38
FMS,2026-09-25,22.69
FMS,2026-09-28,22.95
FMS,2026-09-29,22.27
FMS,2026-09-30,22.38
FMS,2026-10-01,22.26
FOUR.L,2026-09-28,4526.0
FOUR.L,2026-09-29,4496.0
FOUR.L,2026-09-30,4516.0
FOUR.L,2026-10-01,4416.0
FOUR.L,2026-10-02,4446.0
FOX,2026-09-25,56.54
FOX,2026-09-28,56.55
FOX,2026-09-29,55.83
FOX,2026-09-30,56.3
FOX,2026-10-01,54.92
FOXA,2026-09-25,63.07
FOXA,2026-09-28,63.06
FOXA,2026-09-29,62.48
FOXA,2026-09-30,62.65
FOXA,2026-10-01,61.28
FRAS.L,2026-09-28,807.0
FRAS.L,2026-09-29,803.5
FRAS.L,2026-09-30,805.0
FRAS.L,2026-10-01,811.5
FRAS.L,2026-10-02,817.5
FRE.DE,2026-09-28,46.465
FRE.DE,2026-09-29,44.2
FRE.DE,2026-09-30,44.75
FRE.DE,2026-10-01,43.8
FRE.DE,2026-10-02,43.625
FRES.L,2026-09-28,2743.0
FRES.L,2026-09-29,2724.0
FRES.L,2026-09-30,2728.0
FRES.L,2026-10-01,2680.0
FRES.L,2026-10-02,2717.0
FRT,2026-09-25,110.52
FRT,2026-09-28,109.83
FRT,2026-09-29,109.39
FRT,2026-09-30,108.29
FRT,2026-10-01,108.03
FSG.L,2026-09-28,434.5
FSG.L,2026-09-29,434.0
FSG.L,2026-09-30,449.0
FSG.L,2026-10-01,464.0
FSG.L,2026-10-02,454.5
FSLR,2026-09-25,177.71
FSLR,2026-09-28,172.97
FSLR,2026-09-29,176.93
FSLR,2026-09-30,175.16
FSLR,2026-10-01,172.11
FSV.L,2026-09-28,462.0
FSV.L,2026-09-29,467.0
FSV.L,2026-09-30,472.0
FSV.L,2026-10-01,463.0
FSV.L,2026-10-02,462.65
FTNT,2026-09-25,173.46
FTNT,2026-09-28,176.33
FTNT,2026-09-29,175.96
FTNT,2026-09-30,178.76
FTNT,2026-10-01,178.72
FTSEMIB.MI,2026-09-28,51760.0
FTSEMIB.MI,2026-09-29,51805.0
FTSEMIB.MI,2026-09-30,51372.0
FTSEMIB.MI,2026-10-01,50238.0
FTSEMIB.MI,2026-10-02,50340.7305
FTV,2026-09-25,56.09
FTV,2026-09-28,55.76
FTV,2026-09-29,55.41
FTV,2026-09-30,54.81
FTV,2026-10-01,55.84
G.MI,2026-09-28,43.07
G.MI,2026-09-29,43.51
G.MI,2026-09-30,42.75
G.MI,2026-10-01,41.86
G.MI,2026-10-02,41.63
G1A.DE,2026-09-28,67.05
G1A.DE,2026-09-29,66.75
G1A.DE,2026-09-30,66.3
G1A.DE,2026-10-01,65.8
G1A.DE,2026-10-02,65.8
G24.DE,2026-09-28,66.65
G24.DE,2026-09-29,67.1
G24.DE,2026-09-30,67.0
G24.DE,2026-10-01,67.6
G24.DE,2026-10-02,68.95
GAMA.L,2026-09-28,1120.0
GAMA.L,2026-09-29,1125.0
GAMA.L,2026-09-30,1124.0
GAMA.L,2026-10-01,1098.0
GAMA.L,2026-10-02,1095.0
GAW.L,2026-09-28,17750.0
GAW.L,2026-09-29,17670.0
GAW.L,2026-09-30,17990.0
GAW.L,2026-10-01,16870.0
GAW.L,2026-10-02,17130.0
GCP.L,2026-09-28,83.7
GCP.L,2026-09-29,83.2
GCP.L,2026-09-30,83.1
GCP.L,2026-10-01,82.7
GCP.L,2026-10-02,83.45
GD,2026-09-25,336.72
GD,2026-09-28,334.16
GD,2026-09-29,332.34
GD,2026-09-30,331.83
GD,2026-10-01,332.72
GDDY,2026-09-25,97.14
GDDY,2026-09-28,93.71
GDDY,2026-09-29,94.06
GDDY,2026-09-30,95.51
GDDY,2026-10-01,96.98
GDWN.L,2026-09-28,13940.0
GDWN.L,2026-09-29,14420.0
GDWN.L,2026-09-30,13280.0
GDWN.L,2026-10-01,13500.0
GDWN.L,2026-10-02,14140.0
GE,2026-09-25,327.09
GE,2026-09-28,318.24
GE,2026-09-29,317.89
GE,2026-09-30,312.29
GE,2026-10-01,312.39
GEHC,2026-09-25,66.63
GEHC,2026-09-28,66.78
GEHC,2026-09-29,66.46
GEHC,2026-09-30,65.37
GEHC,2026-10-01,63.98
GEN,2026-09-25,21.62
GEN,2026-09-28,20.85
GEN,2026-09-29,20.85
GEN,2026-09-30,22.02
GEN,2026-10-01,22.25
GEN.L,2026-09-28,306.4
GEN.L,2026-09-29,290.8
GEN.L,2026-09-30,292.0
GEN.L,2026-10-01,282.0
GEN.L,2026-10-02,286.6
GEV,2026-09-25,957.63
GEV,2026-09-28,949.77
GEV,2026-09-29,962.49
GEV,2026-09-30,950.49
GEV,2026-10-01,987.45
GFRD.L,2026-09-28,703.0
GFRD.L,2026-09-29,692.0
GFRD.L,2026-09-30,706.0
GFRD.L,2026-10-01,706.0
GFRD.L,2026-10-02,707.0
GFTU.L,2026-09-28,988.5
GFTU.L,2026-09-29,988.0
GFTU.L,2026-09-30,979.2
GFTU.L,2026-10-01,945.2
GFTU.L,2026-10-02,945.2
GILD,2026-09-25,150.93
GILD,2026-09-28,152.21
GILD,2026-09-29,151.28
GILD,2026-09-30,149.05
GILD,2026-10-01,147.5
GIS,2026-09-25,33.64
GIS,2026-09-28,33.6
GIS,2026-09-29,33.82
GIS,2026-09-30,32.16
GIS,2026-10-01,31.67
GL,2026-09-25,167.04
GL,2026-09-28,166.69
GL,2026-09-29,166.08
GL,2026-09-30,165.65
GL,2026-10-01,165.83
GLE.PA,2026-09-28,71.46
GLE.PA,2026-09-29,70.63
GLE.PA,2026-09-30,69.56
GLE.PA,2026-10-01,66.08
GLE.PA,2026-10-02,65.37
GLEN.L,2026-09-28,551.5
GLEN.L,2026-09-29,551.8
GLEN.L,2026-09-30,555.2
GLEN.L,2026-10-01,545.3
GLEN.L,2026-10-02,557.8
GLW,2026-09-25,156.74
GLW,2026-09-28,151.59
GLW,2026-09-29,158.71
GLW,2026-09-30,153.76
GLW,2026-10-01,160.42
GM,2026-09-25,82.63
GM,2026-09-28,80.64
GM,2026-09-29,80.47
GM,2026-09-30,77.0
GM,2026-10-01,79.31
GNC.L,2026-09-28,246.0
GNC.L,2026-09-29,246.0
GNC.L,2026-09-30,254.0
GNC.L,2026-10-01,249.0
GNC.L,2026-10-02,248.8
GNRC,2026-09-25,208.14
GNRC,2026-09-28,205.21
GNRC,2026-09-29,212.22
GNRC,2026-09-30,206.95
GNRC,2026-10-01,207.91
GNS.L,2026-09-28,2132.0
GNS.L,2026-09-29,2186.0
GNS.L,2026-09-30,2142.0
GNS.L,2026-10-01,2150.0
GNS.L,2026-10-02,2160.0
GOOG,2026-09-25,341.08
GOOG,2026-09-28,339.16
GOOG,2026-09-29,337.32
GOOG,2026-09-30,340.74
GOOG,2026-10-01,334.93
GOOGL,2026-09-25,343.92
GOOGL,2026-09-28,342.75
GOOGL,2026-09-29,340.92
GOOGL,2026-09-30,344.08
GOOGL,2026-10-01,338.24
GPC,2026-09-25,129.61
GPC,2026-09-28,128.13
GPC,2026-09-29,126.95
GPC,2026-09-30,125.74
GPC,2026-10-01,125.12
GPE.L,2026-09-28,306.0
GPE.L,2026-09-29,313.2
GPE.L,2026-09-30,311.0
GPE.L,2026-10-01,301.0
GPE.L,2026-10-02,306.2
GPN,2026-09-25,86.49
GPN,2026-09-28,84.7
GPN,2026-09-29,83.33
GPN,2026-09-30,81.67
GPN,2026-10-01,80.29
GRG.L,2026-09-28,1848.0
GRG.L,2026-09-29,1875.0
GRG.L,2026-09-30,2028.0
GRG.L,2026-10-01,1988.0
GRG.L,2026-10-02,2042.0
GRI.L,2026-09-28,164.5
GRI.L,2026-09-29,167.5
GRI.L,2026-09-30,167.2
GRI.L,2026-10-01,162.6
GRI.L,2026-10-02,163.7
GRMN,2026-09-25,294.14
GRMN,2026-09-28,294.05
GRMN,2026-09-29,290.23
GRMN,2026-09-30,286.84
GRMN,2026-10-01,282.46
GROW.L,2026-09-28,679.0
GROW.L,2026-09-29,686.5
GROW.L,2026-09-30,700.0
GROW.L,2026-10-01,675.0
GROW.L,2026-10-02,671.5
GS,2026-09-25,935.45
GS,2026-09-28,916.28
GS,2026-09-29,916.24
GS,2026-09-30,900.36
GS,2026-10-01,896.67
GSCT.L,2026-09-28,190.4
GSCT.L,2026-09-29,190.0
GSCT.L,2026-09-30,190.6
GSCT.L,2026-10-01,189.0
GSCT.L,2026-10-02,190.365
GSK,2026-09-25,49.24
GSK,2026-09-28,49.7
GSK,2026-09-29,49.35
GSK,2026-09-30,48.17
GSK,2026-10-01,47.18
GSK.L,2026-09-28,1860.0
GSK.L,2026-09-29,1856.0
GSK.L,2026-09-30,1832.0
GSK.L,2026-10-01,1795.0
GSK.L,2026-10-02,1789.0
GWW,2026-09-25,1243.0699
GWW,2026-09-28,1255.6899
GWW,2026-09-29,1248.67
GWW,2026-09-30,1245.76
GWW,2026-10-01,1281.6801
HAL,2026-09-25,32.76
HAL,2026-09-28,32.43
HAL,2026-09-29,31.54
HAL,2026-09-30,31.8
HAL,2026-10-01,31.88
HANA.L,2026-09-28,335.0
HANA.L,2026-09-29,333.0
HANA.L,2026-09-30,330.0
HANA.L,2026-10-01,336.0
HANA.L,2026-10-02,332.318
HAS,2026-09-25,88.09
HAS,2026-09-28,89.45
HAS,2026-09-29,88.26
HAS,2026-09-30,87.68
HAS,2026-10-01,89.98
HAS.L,2026-09-28,64.2
HAS.L,2026-09-29,63.75
HAS.L,2026-09-30,63.25
HAS.L,2026-10-01,63.65
HAS.L,2026-10-02,64.25
HBAN,2026-09-25,15.64
HBAN,2026-09-28,15.3
HBAN,2026-09-29,15.27
HBAN,2026-09-30,15.26
HBAN,2026-10-01,15.19
HBR.L,2026-09-28,271.4
HBR.L,2026-09-29,261.6
HBR.L,2026-09-30,263.0
HBR.L,2026-10-01,276.2
HBR.L,2026-10-02,270.8
HCA,2026-09-25,435.61
HCA,2026-09-28,432.6
HCA,2026-09-29,431.63
HCA,2026-09-30,426.74
HCA,2026-10-01,423.39
HD,2026-09-25,293.2
HD,2026-09-28,289.89
HD,2026-09-29,288.04
HD,2026-09-30,284.49
HD,2026-10-01,282.46
HEI.DE,2026-09-28,143.3
HEI.DE,2026-09-29,144.5
HEI.DE,2026-09-30,141.75
HEI.DE,2026-10-01,145.7
HEI.DE,2026-10-02,146.05
HEN3.DE,2026-09-28,74.1
HEN3.DE,2026-09-29,73.82
HEN3.DE,2026-09-30,73.02
HEN3.DE,2026-10-01,71.92
HEN3.DE,2026-10-02,72.18
HER.MI,2026-09-28,3.52
HER.MI,2026-09-29,3.52
HER.MI,2026-09-30,3.538
HER.MI,2026-10-01,3.502
HER.MI,2026-10-02,3.52
HFD.L,2026-09-28,261.5
HFD.L,2026-09-29,261.5
HFD.L,2026-09-30,267.5
HFD.L,2026-10-01,263.0
HFD.L,2026-10-02,263.02
HFEL.L,2026-09-28,270.0
HFEL.L,2026-09-29,273.0
HFEL.L,2026-09-30,272.5
HFEL.L,2026-10-01,272.0
HFEL.L,2026-10-02,273.5
HFG.L,2026-09-28,715.5
HFG.L,2026-09-29,719.0
HFG.L,2026-09-30,719.0
HFG.L,2026-10-01,702.0
HFG.L,2026-10-02,700.0
HGT.L,2026-09-28,381.0
HGT.L,2026-09-29,382.0
HGT.L,2026-09-30,385.5
HGT.L,2026-10-01,376.0
HGT.L,2026-10-02,373.5
HICL.L,2026-09-28,133.0
HICL.L,2026-09-29,133.4
HICL.L,2026-09-30,134.2
HICL.L,2026-10-01,132.2
HICL.L,2026-10-02,131.8905
HIG,2026-09-25,124.23
HIG,2026-09-28,126.04
HIG,2026-09-29,125.85
HIG,2026-09-30,122.36
HIG,2026-10-01,125.74
HII,2026-09-25,264.02
HII,2026-09-28,257.05
HII,2026-09-29,259.64
HII,2026-09-30,267.07
HII,2026-10-01,274.33
HIK.L,2026-09-28,1592.0
HIK.L,2026-09-29,1609.0
HIK.L,2026-09-30,1618.0
HIK.L,2026-10-01,1571.0
HIK.L,2026-10-02,1574.0
HILS.L,2026-09-28,3260.0
HILS.L,2026-09-29,3275.0
HILS.L,2026-09-30,3320.0
HILS.L,2026-10-01,3245.0
HILS.L,2026-10-02,3275.0
HLMA.L,2026-09-28,3466.0
HLMA.L,2026-09-29,3528.0
HLMA.L,2026-09-30,3502.0
HLMA.L,2026-10-01,3464.0
HLMA.L,2026-10-02,3584.0
HLN,2026-09-25,9.26
HLN,2026-09-28,9.17
HLN,2026-09-29,9.07
HLN,2026-09-30,9.0
HLN,2026-10-01,8.72
HLN.L,2026-09-28,340.2
HLN.L,2026-09-29,337.1
HLN.L,2026-09-30,337.6
HLN.L,2026-10-01,327.8
HLN.L,2026-10-02,332.0125
HLT,2026-09-25,313.96
HLT,2026-09-28,320.28
HLT,2026-09-29,323.44
HLT,2026-09-30,318.12
HLT,2026-10-01,315.44
HMSO.L,2026-09-28,344.2
HMSO.L,2026-09-29,342.2
HMSO.L,2026-09-30,344.8
HMSO.L,2026-10-01,329.6
HMSO.L,2026-10-02,335.2
HNR1.DE,2026-09-28,258.8
HNR1.DE,2026-09-29,256.2
HNR1.DE,2026-09-30,252.4
HNR1.DE,2026-10-01,250.8
HNR1.DE,2026-10-02,254.2
HO.PA,2026-09-28,226.0
HO.PA,2026-09-29,226.6
HO.PA,2026-09-30,224.5
HO.PA,2026-10-01,225.3
HO.PA,2026-10-02,226.6
HOC.L,2026-09-28,529.5
HOC.L,2026-09-29,519.5
HOC.L,2026-09-30,530.5
HOC.L,2026-10-01,532.0
HOC.L,2026-10-02,537.0
HON,2026-09-25,212.55
HON,2026-09-28,211.52
HON,2026-09-29,210.13
HON,2026-09-30,210.94
HON,2026-10-01,213.8
HONA,2026-09-25,158.78
HONA,2026-09-28,152.32
HONA,2026-09-29,155.44
HONA,2026-09-30,154.97
HONA,2026-10-01,154.07
HOOD,2026-09-25,119.4
HOOD,2026-09-28,116.46
HOOD,2026-09-29,116.22
HOOD,2026-09-30,112.5
HOOD,2026-10-01,111.15
HPE,2026-09-25,62.94
HPE,2026-09-28,62.63
HPE,2026-09-29,61.49
HPE,2026-09-30,63.89
HPE,2026-10-01,64.58
HPQ,2026-09-25,31.3
HPQ,2026-09-28,31.32
HPQ,2026-09-29,30.73
HPQ,2026-09-30,31.28
HPQ,2026-10-01,32.15
HRI.L,2026-09-28,2935.0
HRI.L,2026-09-29,2950.0
HRI.L,2026-09-30,2965.0
HRI.L,2026-10-01,2950.0
HRI.L,2026-10-02,3005.0
HRL,2026-09-25,19.71
HRL,2026-09-28,19.97
HRL,2026-09-29,19.85
HRL,2026-09-30,19.94
HRL,2026-10-01,19.96
HSBA.L,2026-09-28,1516.4
HSBA.L,2026-09-29,1510.0
HSBA.L,2026-09-30,1497.6
HSBA.L,2026-10-01,1437.0
HSBA.L,2026-10-02,1425.2
HSBC,2026-09-25,100.95
HSBC,2026-09-28,101.18
HSBC,2026-09-29,100.72
HSBC,2026-09-30,99.31
HSBC,2026-10-01,95.82
HSIC,2026-09-25,86.37
HSIC,2026-09-28,85.99
HSIC,2026-09-29,84.97
HSIC,2026-09-30,83.97
HSIC,2026-10-01,84.93
HSL.L,2026-09-28,970.0
HSL.L,2026-09-29,971.0
HSL.L,2026-09-30,983.0
HSL.L,2026-10-01,951.0
HSL.L,2026-10-02,956.0
HST,2026-09-25,22.42
HST,2026-09-28,22.66
HST,2026-09-29,22.44
HST,2026-09-30,22.39
HST,2026-10-01,22.51
HSX.L,2026-09-28,1881.0
HSX.L,2026-09-29,1880.0
HSX.L,2026-09-30,1854.0
HSX.L,2026-10-01,1848.0
HSX.L,2026-10-02,1859.0
HSY,2026-09-25,166.37
HSY,2026-09-28,164.41
HSY,2026-09-29,161.41
HSY,2026-09-30,157.61
HSY,2026-10-01,159.3
HTG.L,2026-09-28,395.0
HTG.L,2026-09-29,392.5
HTG.L,2026-09-30,397.0
HTG.L,2026-10-01,389.5
HTG.L,2026-10-02,385.7485
HTWS.L,2026-09-28,213.0
HTWS.L,2026-09-29,214.0
HTWS.L,2026-09-30,212.8
HTWS.L,2026-10-01,210.0
HTWS.L,2026-10-02,214.6
HUBB,2026-09-25,466.62
HUBB,2026-09-28,465.72
HUBB,2026-09-29,459.09
HUBB,2026-09-30,453.6
HUBB,2026-10-01,466.98
HUM,2026-09-25,397.93
HUM,2026-09-28,389.63
HUM,2026-09-29,386.87
HUM,2026-09-30,381.57
HUM,2026-10-01,379.68
HVPE.L,2026-09-28,3325.0
HVPE.L,2026-09-29,3320.0
HVPE.L,2026-09-30,3315.0
HVPE.L,2026-10-01,3300.0
HVPE.L,2026-10-02,3303.208
HWDN.L,2026-09-28,782.0
HWDN.L,2026-09-29,769.0
HWDN.L,2026-09-30,762.0
HWDN.L,2026-10-01,749.0
HWDN.L,2026-10-02,758.0
HWG.L,2026-09-28,186.6
HWG.L,2026-09-29,187.0
HWG.L,2026-09-30,187.0
HWG.L,2026-10-01,187.0
HWG.L,2026-10-02,187.2
HWM,2026-09-25,232.48
HWM,2026-09-28,228.32
HWM,2026-09-29,230.94
HWM,2026-09-30,226.18
HWM,2026-10-01,228.38
IAD.L,2026-09-28,502.0
IAD.L,2026-09-29,505.0
IAD.L,2026-09-30,504.0
IAD.L,2026-10-01,496.0
IAD.L,2026-10-02,507.0
IAG.L,2026-09-28,437.2
IAG.L,2026-09-29,438.0
IAG.L,2026-09-30,437.7
IAG.L,2026-10-01,432.2
IAG.L,2026-10-02,438.4
IBE.MC,2026-09-28,20.34
IBE.MC,2026-09-29,20.49
IBE.MC,2026-09-30,20.61
IBE.MC,2026-10-01,20.73
IBE.MC,2026-10-02,21.09
IBKR,2026-09-25,89.24
IBKR,2026-09-28,87.08
IBKR,2026-09-29,86.18
IBKR,2026-09-30,85.42
IBKR,2026-10-01,85.81
IBM,2026-09-25,225.51
IBM,2026-09-28,220.67
IBM,2026-09-29,219.99
IBM,2026-09-30,219.93
IBM,2026-10-01,225.62
ICE,2026-09-25,154.31
ICE,2026-09-28,152.91
ICE,2026-09-29,152.19
ICE,2026-09-30,152.03
ICE,2026-10-01,151.47
ICG.L,2026-09-28,1848.0
ICG.L,2026-09-29,1831.0
ICG.L,2026-09-30,1849.0
ICG.L,2026-10-01,1795.0
ICG.L,2026-10-02,1768.0
ICGT.L,2026-09-28,1378.0
ICGT.L,2026-09-29,1386.0
ICGT.L,2026-09-30,1400.0
ICGT.L,2026-10-01,1382.0
ICGT.L,2026-10-02,1378.04
IDXX,2026-09-25,519.26
IDXX,2026-09-28,529.06
IDXX,2026-09-29,533.44
IDXX,2026-09-30,522.19
IDXX,2026-10-01,517.75
IEX,2026-09-25,230.08
IEX,2026-09-28,231.15
IEX,2026-09-29,230.43
IEX,2026-09-30,227.98
IEX,2026-10-01,229.85
IFF,2026-09-25,85.69
IFF,2026-09-28,85.72
IFF,2026-09-29,85.25
IFF,2026-09-30,83.48
IFF,2026-10-01,83.12
IFX.DE,2026-09-28,56.57
IFX.DE,2026-09-29,59.3
IFX.DE,2026-09-30,59.5
IFX.DE,2026-10-01,59.42
IFX.DE,2026-10-02,62.83
IG.MI,2026-09-28,8.294
IG.MI,2026-09-29,8.386
IG.MI,2026-09-30,8.408
IG.MI,2026-10-01,8.238
IG.MI,2026-10-02,8.232
IGG.L,2026-09-28,1298.0
IGG.L,2026-09-29,1315.0
IGG.L,2026-09-30,1325.0
IGG.L,2026-10-01,1279.0
IGG.L,2026-10-02,998.5
IHG,2026-09-25,158.16
IHG,2026-09-28,161.11
IHG,2026-09-29,163.1
IHG,2026-09-30,160.8
IHG,2026-10-01,161.44
IHG.L,2026-09-28,158.5
IHG.L,2026-09-29,161.5
IHG.L,2026-09-30,161.55
IHG.L,2026-10-01,159.75
IHG.L,2026-10-02,161.9
IHP.L,2026-09-28,365.0
IHP.L,2026-09-29,370.0
IHP.L,2026-09-30,377.5
IHP.L,2026-10-01,365.5
IHP.L,2026-10-02,363.0
III.L,2026-09-28,2635.0
III.L,2026-09-29,2652.0
III.L,2026-09-30,2624.0
III.L,2026-10-01,2544.0
III.L,2026-10-02,2579.0
ILMN,2026-09-25,270.0
ILMN,2026-09-28,271.9
ILMN,2026-09-29,272.0
ILMN,2026-09-30,273.68
ILMN,2026-10-01,265.72
IMB.L,2026-09-28,2450.0
IMB.L,2026-09-29,2447.0
IMB.L,2026-09-30,2445.0
IMB.L,2026-10-01,2424.0
IMB.L,2026-10-02,2443.0
IMI.L,2026-09-28,3126.0
IMI.L,2026-09-29,3134.0
IMI.L,2026-09-30,3136.0
IMI.L,2026-10-01,3066.0
IMI.L,2026-10-02,3088.0
INCH.L,2026-09-28,757.5
INCH.L,2026-09-29,746.5
INCH.L,2026-09-30,748.0
INCH.L,2026-10-01,743.0
INCH.L,2026-10-02,744.5
INCY,2026-09-25,123.89
INCY,2026-09-28,124.82
INCY,2026-09-29,123.2
INCY,2026-09-30,121.35
INCY,2026-10-01,117.14
INF.L,2026-09-28,875.4
INF.L,2026-09-29,873.8
INF.L,2026-09-30,868.0
INF.L,2026-10-01,860.4
INF.L,2026-10-02,865.2
ING,2026-09-25,36.55
ING,2026-09-28,36.38
ING,2026-09-29,36.08
ING,2026-09-30,35.5
ING,2026-10-01,34.25
INGA.AS,2026-09-28,31.88
INGA.AS,2026-09-29,31.725
INGA.AS,2026-09-30,31.485
INGA.AS,2026-10-01,30.25
INGA.AS,2026-10-02,30.4
INPP.L,2026-09-28,139.4
INPP.L,2026-09-29,138.6
INPP.L,2026-09-30,138.8
INPP.L,2026-10-01,137.0
INPP.L,2026-10-02,135.8741
INTC,2026-09-25,123.0
INTC,2026-09-28,116.03
INTC,2026-09-29,115.93
INTC,2026-09-30,120.23
INTC,2026-10-01,120.0
INTU,2026-09-25,275.79
INTU,2026-09-28,269.4
INTU,2026-09-29,268.03
INTU,2026-09-30,275.71
INTU,2026-10-01,282.78
INVH,2026-09-25,26.62
INVH,2026-09-28,26.54
INVH,2026-09-29,26.57
INVH,2026-09-30,26.33
INVH,2026-10-01,26.4
INVP.L,2026-09-28,616.5
INVP.L,2026-09-29,614.0
INVP.L,2026-09-30,623.5
INVP.L,2026-10-01,610.0
INVP.L,2026-10-02,605.0
INW.MI,2026-09-28,6.325
INW.MI,2026-09-29,6.355
INW.MI,2026-09-30,6.44
INW.MI,2026-10-01,6.355
INW.MI,2026-10-02,6.52
IP,2026-09-25,35.02
IP,2026-09-28,34.0
IP,2026-09-29,33.32
IP,2026-09-30,33.17
IP,2026-10-01,32.52
IPO.L,2026-09-28,71.3
IPO.L,2026-09-29,73.6
IPO.L,2026-09-30,75.4
IPO.L,2026-10-01,73.1
IPO.L,2026-10-02,73.7
IQV,2026-09-25,270.37
IQV,2026-09-28,270.97
IQV,2026-09-29,268.99
IQV,2026-09-30,268.85
IQV,2026-10-01,260.72
IR,2026-09-25,76.08
IR,2026-09-28,76.38
IR,2026-09-29,76.48
IR,2026-09-30,75.11
IR,2026-10-01,75.25
IRM,2026-09-25,111.38
IRM,2026-09-28,111.05
IRM,2026-09-29,111.5
IRM,2026-09-30,110.95
IRM,2026-10-01,111.13
ISP.MI,2026-09-28,6.762
ISP.MI,2026-09-29,6.753
ISP.MI,2026-09-30,6.645
ISP.MI,2026-10-01,6.378
ISP.MI,2026-10-02,6.346
ISRG,2026-09-25,405.18
ISRG,2026-09-28,414.79
ISRG,2026-09-29,412.18
ISRG,2026-09-30,406.63
ISRG,2026-10-01,401.24
IT,2026-09-25,187.9
IT,2026-09-28,185.73
IT,2026-09-29,185.85
IT,2026-09-30,186.54
IT,2026-10-01,192.8
ITH.L,2026-09-28,285.6
ITH.L,2026-09-29,275.0
ITH.L,2026-09-30,274.4
ITH.L,2026-10-01,276.0
ITH.L,2026-10-02,276.8
ITRK.L,2026-09-28,5875.0
ITRK.L,2026-09-29,5880.0
ITRK.L,2026-09-30,5870.0
ITRK.L,2026-10-01,5875.0
ITRK.L,2026-10-02,5880.0
ITV.L,2026-09-28,68.0
ITV.L,2026-09-29,67.95
ITV.L,2026-09-30,67.75
ITV.L,2026-10-01,66.5
ITV.L,2026-10-02,67.2251
ITW,2026-09-25,274.32
ITW,2026-09-28,273.83
ITW,2026-09-29,267.07
ITW,2026-09-30,257.28
ITW,2026-10-01,260.84
ITX.MC,2026-09-28,53.34
ITX.MC,2026-09-29,53.28
ITX.MC,2026-09-30,53.92
ITX.MC,2026-10-01,53.06
ITX.MC,2026-10-02,54.04
IVG.MI,2026-09-28,14.185
IVG.MI,2026-09-29,14.27
IVG.MI,2026-09-30,14.29
IVG.MI,2026-10-01,14.29
IVG.MI,2026-10-02,14.285
IVZ,2026-09-25,30.92
IVZ,2026-09-28,30.43
IVZ,2026-09-29,30.42
IVZ,2026-09-30,30.16
IVZ,2026-10-01,30.42
IWG.L,2026-09-28,172.7
IWG.L,2026-09-29,173.7
IWG.L,2026-09-30,178.6
IWG.L,2026-10-01,177.0
IWG.L,2026-10-02,177.6
J,2026-09-25,138.37
J,2026-09-28,138.37
J,2026-09-29,136.48
J,2026-09-30,135.27
J,2026-10-01,139.79
JAM.L,2026-09-28,1232.0
JAM.L,2026-09-29,1228.0
JAM.L,2026-09-30,1230.0
JAM.L,2026-10-01,1222.0
JAM.L,2026-10-02,1237.03
JBHT,2026-09-25,225.46
JBHT,2026-09-28,226.07
JBHT,2026-09-29,229.28
JBHT,2026-09-30,224.05
JBHT,2026-10-01,227.2
JBL,2026-09-25,316.74
JBL,2026-09-28,318.93
JBL,2026-09-29,318.84
JBL,2026-09-30,286.86
JBL,2026-10-01,299.79
JCH.L,2026-09-28,952.0
JCH.L,2026-09-29,948.0
JCH.L,2026-09-30,952.0
JCH.L,2026-10-01,926.0
JCH.L,2026-10-02,922.0
JCI,2026-09-25,150.2
JCI,2026-09-28,148.89
JCI,2026-09-29,149.42
JCI,2026-09-30,148.65
JCI,2026-10-01,151.77
JD.L,2026-09-28,79.18
JD.L,2026-09-29,80.02
JD.L,2026-09-30,81.28
JD.L,2026-10-01,80.86
JD.L,2026-10-02,81.2374
JDW.L,2026-09-28,810.0
JDW.L,2026-09-29,819.5
JDW.L,2026-09-30,813.5
JDW.L,2026-10-01,813.0
JDW.L,2026-10-02,869.0617
JEDT.L,2026-09-28,627.0
JEDT.L,2026-09-29,625.0
JEDT.L,2026-09-30,624.0
JEDT.L,2026-10-01,611.0
JEDT.L,2026-10-02,613.0
JEGI.L,2026-09-28,142.6
JEGI.L,2026-09-29,142.8
JEGI.L,2026-09-30,142.6
JEGI.L,2026-10-01,140.6
JEGI.L,2026-10-02,141.0
JEMI.L,2026-09-28,212.0
JEMI.L,2026-09-29,216.0
JEMI.L,2026-09-30,214.0
JEMI.L,2026-10-01,213.0
JEMI.L,2026-10-02,215.171
JFJ.L,2026-09-28,813.0
JFJ.L,2026-09-29,816.0
JFJ.L,2026-09-30,832.0
JFJ.L,2026-10-01,827.0
JFJ.L,2026-10-02,836.662
JGGI.L,2026-09-28,606.5
JGGI.L,2026-09-29,606.5
JGGI.L,2026-09-30,611.5
JGGI.L,2026-10-01,606.0
JGGI.L,2026-10-02,611.0
JKHY,2026-09-25,147.79
JKHY,2026-09-28,147.82
JKHY,2026-09-29,146.22
JKHY,2026-09-30,143.24
JKHY,2026-10-01,143.84
JMAT.L,2026-09-28,2362.0
JMAT.L,2026-09-29,2380.0
JMAT.L,2026-09-30,2406.0
JMAT.L,2026-10-01,2370.0
JMAT.L,2026-10-02,2406.0
JMGI.L,2026-09-28,168.8
JMGI.L,2026-09-29,170.0
JMGI.L,2026-09-30,169.2
JMGI.L,2026-10-01,168.6
JMGI.L,2026-10-02,170.85
JNJ,2026-09-25,271.22
JNJ,2026-09-28,271.95
JNJ,2026-09-29,267.57
JNJ,2026-09-30,264.74
JNJ,2026-10-01,258.66
JPM,2026-09-25,343.06
JPM,2026-09-28,336.59
JPM,2026-09-29,334.98
JPM,2026-09-30,330.83
JPM,2026-10-01,333.18
JSG.L,2026-09-28,136.0
JSG.L,2026-09-29,136.5
JSG.L,2026-09-30,137.8
JSG.L,2026-10-01,136.0
JSG.L,2026-10-02,136.7
JUP.L,2026-09-28,167.6
JUP.L,2026-09-29,165.8
JUP.L,2026-09-30,173.4
JUP.L,2026-10-01,168.4
JUP.L,2026-10-02,168.6
KDP,2026-09-25,31.95
KDP,2026-09-28,31.46
KDP,2026-09-29,31.03
KDP,2026-09-30,30.34
KDP,2026-10-01,30.69
KER.PA,2026-09-28,228.2
KER.PA,2026-09-29,223.55
KER.PA,2026-09-30,223.4
KER.PA,2026-10-01,217.3
KER.PA,2026-10-02,212.6
KEY,2026-09-25,20.61
KEY,2026-09-28,20.4
KEY,2026-09-29,20.12
KEY,2026-09-30,20.07
KEY,2026-10-01,20.05
KEYS,2026-09-25,362.15
KEYS,2026-09-28,359.74
KEYS,2026-09-29,360.65
KEYS,2026-09-30,364.04
KEYS,2026-10-01,373.88
KGF.L,2026-09-28,332.6
KGF.L,2026-09-29,328.7
KGF.L,2026-09-30,334.3
KGF.L,2026-10-01,327.9
KGF.L,2026-10-02,332.8
KHC,2026-09-25,23.63
KHC,2026-09-28,23.56
KHC,2026-09-29,23.45
KHC,2026-09-30,22.72
KHC,2026-10-01,22.46
KIE.L,2026-09-28,312.0
KIE.L,2026-09-29,310.2
KIE.L,2026-09-30,310.6
KIE.L,2026-10-01,306.6
KIE.L,2026-10-02,307.04
KIM,2026-09-25,22.44
KIM,2026-09-28,22.49
KIM,2026-09-29,22.42
KIM,2026-09-30,22.21
KIM,2026-10-01,22.21
KKR,2026-09-25,96.67
KKR,2026-09-28,93.24
KKR,2026-09-29,93.18
KKR,2026-09-30,91.3
KKR,2026-10-01,91.24
KLAC,2026-09-25,187.92
KLAC,2026-09-28,189.17
KLAC,2026-09-29,196.53
KLAC,2026-09-30,194.93
KLAC,2026-10-01,200.33
KLR.L,2026-09-28,3438.0
KLR.L,2026-09-29,3352.0
KLR.L,2026-09-30,3340.0
KLR.L,2026-10-01,3344.0
KLR.L,2026-10-02,3364.0
KMB,2026-09-25,98.43
KMB,2026-09-28,98.77
KMB,2026-09-29,98.99
KMB,2026-09-30,97.43
KMB,2026-10-01,94.34
KMI,2026-09-25,30.75
KMI,2026-09-28,30.63
KMI,2026-09-29,30.45
KMI,2026-09-30,30.15
KMI,2026-10-01,30.53
KNOS.L,2026-09-28,1238.0
KNOS.L,2026-09-29,1227.0
KNOS.L,2026-09-30,1225.0
KNOS.L,2026-10-01,1211.0
KNOS.L,2026-10-02,1212.5
KO,2026-09-25,87.81
KO,2026-09-28,87.18
KO,2026-09-29,86.84
KO,2026-09-30,86.08
KO,2026-10-01,86.1
KR,2026-09-25,58.74
KR,2026-09-28,59.69
KR,2026-09-29,60.79
KR,2026-09-30,58.62
KR,2026-10-01,59.48
KVUE,2026-09-25,17.8
KVUE,2026-09-28,17.88
KVUE,2026-09-29,17.91
KVUE,2026-09-30,17.66
KVUE,2026-10-01,17.22
L,2026-09-25,104.82
L,2026-09-28,104.95
L,2026-09-29,105.93
L,2026-09-30,104.43
L,2026-10-01,105.05
LAND.L,2026-09-28,619.5
LAND.L,2026-09-29,617.0
LAND.L,2026-09-30,624.5
LAND.L,2026-10-01,607.5
LAND.L,2026-10-02,615.0
LDO.MI,2026-09-28,49.225
LDO.MI,2026-09-29,49.185
LDO.MI,2026-09-30,49.0
LDO.MI,2026-10-01,47.8
LDO.MI,2026-10-02,47.78
LDOS,2026-09-25,123.61
LDOS,2026-09-28,122.35
LDOS,2026-09-29,123.1
LDOS,2026-09-30,121.83
LDOS,2026-10-01,121.97
LEN,2026-09-25,82.15
LEN,2026-09-28,82.03
LEN,2026-09-29,83.01
LEN,2026-09-30,81.59
LEN,2026-10-01,82.11
LGEN.L,2026-09-28,296.8
LGEN.L,2026-09-29,294.3
LGEN.L,2026-09-30,292.0
LGEN.L,2026-10-01,285.6
LGEN.L,2026-10-02,286.9829
LH,2026-09-25,309.64
LH,2026-09-28,309.57
LH,2026-09-29,308.81
LH,2026-09-30,308.11
LH,2026-10-01,304.6
LHX,2026-09-25,237.69
LHX,2026-09-28,237.7
LHX,2026-09-29,236.47
LHX,2026-09-30,236.78
LHX,2026-10-01,238.4
LII,2026-09-25,373.77
LII,2026-09-28,368.41
LII,2026-09-29,360.16
LII,2026-09-30,355.02
LII,2026-10-01,360.46
LIN,2026-09-25,469.89
LIN,2026-09-28,472.04
LIN,2026-09-29,473.37
LIN,2026-09-30,474.65
LIN,2026-10-01,469.45
LITE,2026-09-25,941.65
LITE,2026-09-28,921.32
LITE,2026-09-29,973.49
LITE,2026-09-30,971.26
LITE,2026-10-01,1045.78
LLOY.L,2026-09-28,108.1
LLOY.L,2026-09-29,107.5
LLOY.L,2026-09-30,106.9
LLOY.L,2026-10-01,102.1
LLOY.L,2026-10-02,102.4
LLY,2026-09-25,1183.46
LLY,2026-09-28,1184.78
LLY,2026-09-29,1184.63
LLY,2026-09-30,1157.08
LLY,2026-10-01,1149.85
LMP.L,2026-09-28,178.9
LMP.L,2026-09-29,180.1
LMP.L,2026-09-30,179.2
LMP.L,2026-10-01,171.3
LMP.L,2026-10-02,171.6
LMT,2026-09-25,519.56
LMT,2026-09-28,518.1
LMT,2026-09-29,512.21
LMT,2026-09-30,509.25
LMT,2026-10-01,505.5
LNT,2026-09-25,63.6
LNT,2026-09-28,63.21
LNT,2026-09-29,64.34
LNT,2026-09-30,63.3
LNT,2026-10-01,63.71
LOW,2026-09-25,189.28
LOW,2026-09-28,187.66
LOW,2026-09-29,187.26
LOW,2026-09-30,184.29
LOW,2026-10-01,182.38
LR.PA,2026-09-28,134.85
LR.PA,2026-09-29,143.05
LR.PA,2026-09-30,141.6
LR.PA,2026-10-01,139.75
LR.PA,2026-10-02,143.95
LRCX,2026-09-25,315.21
LRCX,2026-09-28,314.47
LRCX,2026-09-29,323.86
LRCX,2026-09-30,328.51
LRCX,2026-10-01,340.1
LRE.L,2026-09-28,647.5
LRE.L,2026-09-29,644.0
LRE.L,2026-09-30,642.5
LRE.L,2026-10-01,634.5
LRE.L,2026-10-02,635.495
LSEG.L,2026-09-28,8138.0
LSEG.L,2026-09-29,8182.0
LSEG.L,2026-09-30,8160.0
LSEG.L,2026-10-01,8120.0
LSEG.L,2026-10-02,8086.0
LTMC.MI,2026-09-28,26.11
LTMC.MI,2026-09-29,25.69
LTMC.MI,2026-09-30,25.53
LTMC.MI,2026-10-01,25.03
LTMC.MI,2026-10-02,25.43
LULU,2026-09-25,101.3
LULU,2026-09-28,100.58
LULU,2026-09-29,96.87
LULU,2026-09-30,96.19
LULU,2026-10-01,95.86
LUV,2026-09-25,42.68
LUV,2026-09-28,42.28
LUV,2026-09-29,42.08
LUV,2026-09-30,41.64
LUV,2026-10-01,41.84
LVS,2026-09-25,38.99
LVS,2026-09-28,38.78
LVS,2026-09-29,38.32
LVS,2026-09-30,37.81
LVS,2026-10-01,36.69
LWDB.L,2026-09-28,1236.0
LWDB.L,2026-09-29,1234.0
LWDB.L,2026-09-30,1244.0
LWDB.L,2026-10-01,1222.0
LWDB.L,2026-10-02,1232.0
LYB,2026-09-25,58.14
LYB,2026-09-28,58.27
LYB,2026-09-29,58.18
LYB,2026-09-30,57.47
LYB,2026-10-01,57.78
LYG,2026-09-25,5.77
LYG,2026-09-28,5.72
LYG,2026-09-29,5.69
LYG,2026-09-30,5.63
LYG,2026-10-01,5.42
LYV,2026-09-25,170.87
LYV,2026-09-28,171.89
LYV,2026-09-29,171.09
LYV,2026-09-30,169.3
LYV,2026-10-01,166.85
MA,2026-09-25,567.65
MA,2026-09-28,568.26
MA,2026-09-29,563.58
MA,2026-09-30,551.47
MA,2026-10-01,550.0
MAA,2026-09-25,118.35
MAA,2026-09-28,118.34
MAA,2026-09-29,118.43
MAA,2026-09-30,117.74
MAA,2026-10-01,116.38
MAB.L,2026-09-28,277.0
MAB.L,2026-09-29,279.5
MAB.L,2026-09-30,283.0
MAB.L,2026-10-01,282.5
MAB.L,2026-10-02,289.5
MAR,2026-09-25,352.03
MAR,2026-09-28,358.57
MAR,2026-09-29,361.62
MAR,2026-09-30,355.67
MAR,2026-10-01,354.79
MAS,2026-09-25,68.85
MAS,2026-09-28,68.36
MAS,2026-09-29,68.37
MAS,2026-09-30,67.4
MAS,2026-10-01,68.28
MB.MI,2026-09-28,28.98
MB.MI,2026-09-29,28.88
MB.MI,2026-09-30,28.62
MB.MI,2026-10-01,27.41
MB.MI,2026-10-02,27.34
MBG.DE,2026-09-28,41.43
MBG.DE,2026-09-29,40.665
MBG.DE,2026-09-30,40.595
MBG.DE,2026-10-01,40.06
MBG.DE,2026-10-02,40.155
MC.PA,2026-09-28,398.8
MC.PA,2026-09-29,394.6
MC.PA,2026-09-30,390.0
MC.PA,2026-10-01,379.5
MC.PA,2026-10-02,381.55
MCD,2026-09-25,236.5
MCD,2026-09-28,233.6
MCD,2026-09-29,233.98
MCD,2026-09-30,230.94
MCD,2026-10-01,231.83
MCHP,2026-09-25,78.69
MCHP,2026-09-28,77.97
MCHP,2026-09-29,78.78
MCHP,2026-09-30,77.77
MCHP,2026-10-01,78.5
MCK,2026-09-25,866.64
MCK,2026-09-28,856.29
MCK,2026-09-29,864.82
MCK,2026-09-30,853.81
MCK,2026-10-01,898.82
MCO,2026-09-25,468.7
MCO,2026-09-28,460.08
MCO,2026-09-29,454.82
MCO,2026-09-30,454.13
MCO,2026-10-01,447.36
MDLZ,2026-09-25,60.25
MDLZ,2026-09-28,60.18
MDLZ,2026-09-29,59.32
MDLZ,2026-09-30,57.82
MDLZ,2026-10-01,57.76
MDT,2026-09-25,88.64
MDT,2026-09-28,89.5
MDT,2026-09-29,87.09
MDT,2026-09-30,86.29
MDT,2026-10-01,86.44
MEGP.L,2026-09-28,123.8
MEGP.L,2026-09-29,121.2
MEGP.L,2026-09-30,122.8
MEGP.L,2026-10-01,119.0
MEGP.L,2026-10-02,118.2888
MET,2026-09-25,97.7
MET,2026-09-28,95.82
MET,2026-09-29,95.2
MET,2026-09-30,94.16
MET,2026-10-01,94.35
META,2026-09-25,751.66
META,2026-09-28,715.62
META,2026-09-29,738.79
META,2026-09-30,725.18
META,2026-10-01,725.93
MGAM.L,2026-09-28,258.5
MGAM.L,2026-09-29,266.0
MGAM.L,2026-09-30,268.0
MGAM.L,2026-10-01,267.5
MGAM.L,2026-10-02,269.5
MGM,2026-09-25,32.58
MGM,2026-09-28,31.86
MGM,2026-09-29,31.52
MGM,2026-09-30,31.05
MGM,2026-10-01,30.47
MGNS.L,2026-09-28,4300.0
MGNS.L,2026-09-29,4310.0
MGNS.L,2026-09-30,4332.0
MGNS.L,2026-10-01,4208.0
MGNS.L,2026-10-02,4254.0
MKC,2026-09-25,47.94
MKC,2026-09-28,48.46
MKC,2026-09-29,48.4
MKC,2026-09-30,46.4
MKC,2026-10-01,44.14
MKS.L,2026-09-28,377.6
MKS.L,2026-09-29,381.6
MKS.L,2026-09-30,385.7
MKS.L,2026-10-01,377.6
MKS.L,2026-10-02,381.5
ML.PA,2026-09-28,33.79
ML.PA,2026-09-29,33.91
ML.PA,2026-09-30,33.75
ML.PA,2026-10-01,33.1
ML.PA,2026-10-02,33.08
MLM,2026-09-25,484.3
MLM,2026-09-28,490.77
MLM,2026-09-29,479.09
MLM,2026-09-30,479.81
MLM,2026-10-01,479.17
MMM,2026-09-25,169.55
MMM,2026-09-28,169.48
MMM,2026-09-29,168.49
MMM,2026-09-30,164.15
MMM,2026-10-01,163.02
MNDI.L,2026-09-28,808.2
MNDI.L,2026-09-29,803.0
MNDI.L,2026-09-30,814.0
MNDI.L,2026-10-01,797.4
MNDI.L,2026-10-02,799.2
MNG.L,2026-09-28,326.7
MNG.L,2026-09-29,324.6
MNG.L,2026-09-30,320.6
MNG.L,2026-10-01,310.7
MNG.L,2026-10-02,311.1
MNKS.L,2026-09-28,1632.0
MNKS.L,2026-09-29,1644.0
MNKS.L,2026-09-30,1642.0
MNKS.L,2026-10-01,1636.0
MNKS.L,2026-10-02,1650.0
MNST,2026-09-25,43.11
MNST,2026-09-28,41.86
MNST,2026-09-29,41.74
MNST,2026-09-30,41.62
MNST,2026-10-01,42.14
MNTN.L,2026-09-28,2.15
MNTN.L,2026-09-29,2.16
MNTN.L,2026-09-30,2.19
MNTN.L,2026-10-01,2.18
MNTN.L,2026-10-02,2.2
MO,2026-09-25,68.82
MO,2026-09-28,69.13
MO,2026-09-29,68.72
MO,2026-09-30,67.34
MO,2026-10-01,66.95
MONC.MI,2026-09-28,44.7
MONC.MI,2026-09-29,44.5
MONC.MI,2026-09-30,44.64
MONC.MI,2026-10-01,43.39
MONC.MI,2026-10-02,43.8
MONY.L,2026-09-28,174.6
MONY.L,2026-09-29,175.0
MONY.L,2026-09-30,176.1
MONY.L,2026-10-01,172.8
MONY.L,2026-10-02,173.8
MOON.L,2026-09-28,263.6
MOON.L,2026-09-29,267.0
MOON.L,2026-09-30,275.8
MOON.L,2026-10-01,272.0
MOON.L,2026-10-02,273.6
MOS,2026-09-25,23.01
MOS,2026-09-28,22.25
MOS,2026-09-29,22.42
MOS,2026-09-30,21.65
MOS,2026-10-01,21.55
MPC,2026-09-25,393.52
MPC,2026-09-28,389.44
MPC,2026-09-29,392.03
MPC,2026-09-30,395.42
MPC,2026-10-01,420.15
MPWR,2026-09-25,1367.4301
MPWR,2026-09-28,1351.2
MPWR,2026-09-29,1355.99
MPWR,2026-09-30,1347.22
MPWR,2026-10-01,1360.97
MRC.L,2026-09-28,278.0
MRC.L,2026-09-29,278.0
MRC.L,2026-09-30,280.5
MRC.L,2026-10-01,275.5
MRC.L,2026-10-02,274.818
MRCH.L,2026-09-28,668.0
MRCH.L,2026-09-29,667.0
MRCH.L,2026-09-30,670.0
MRCH.L,2026-10-01,657.0
MRCH.L,2026-10-02,658.0
MRK,2026-09-25,148.78
MRK,2026-09-28,148.69
MRK,2026-09-29,149.28
MRK,2026-09-30,145.31
MRK,2026-10-01,143.81
MRK.DE,2026-09-28,138.45
MRK.DE,2026-09-29,137.4
MRK.DE,2026-09-30,138.1
MRK.DE,2026-10-01,134.45
MRK.DE,2026-10-02,135.95
MRNA,2026-09-25,198.88
MRNA,2026-09-28,197.28
MRNA,2026-09-29,203.46
MRNA,2026-09-30,192.57
MRNA,2026-10-01,188.94
MRO.L,2026-09-28,473.6
MRO.L,2026-09-29,472.9
MRO.L,2026-09-30,476.1
MRO.L,2026-10-01,465.5
MRO.L,2026-10-02,469.5
MRSH,2026-09-25,171.12
MRSH,2026-09-28,169.03
MRSH,2026-09-29,170.42
MRSH,2026-09-30,170.73
MRSH,2026-10-01,171.85
MRVL,2026-09-25,261.94
MRVL,2026-09-28,251.9
MRVL,2026-09-29,263.27
MRVL,2026-09-30,264.21
MRVL,2026-10-01,268.08
MS,2026-09-25,196.31
MS,2026-09-28,193.64
MS,2026-09-29,192.76
MS,2026-09-30,188.08
MS,2026-10-01,188.01
MSCI,2026-09-25,551.36
MSCI,2026-09-28,542.72
MSCI,2026-09-29,539.76
MSCI,2026-09-30,538.66
MSCI,2026-10-01,545.39
MSFT,2026-09-25,516.17
MSFT,2026-09-28,509.22
MSFT,2026-09-29,508.96
MSFT,2026-09-30,512.9
MSFT,2026-10-01,512.8
MSI,2026-09-25,456.88
MSI,2026-09-28,452.08
MSI,2026-09-29,446.12
MSI,2026-09-30,445.97
MSI,2026-10-01,448.03
MT,2026-09-25,70.7
MT,2026-09-28,69.85
MT,2026-09-29,67.96
MT,2026-09-30,66.74
MT,2026-10-01,64.56
MT.AS,2026-09-28,61.3
MT.AS,2026-09-29,59.82
MT.AS,2026-09-30,59.36
MT.AS,2026-10-01,56.74
MT.AS,2026-10-02,56.84
MTB,2026-09-25,221.19
MTB,2026-09-28,220.44
MTB,2026-09-29,217.5
MTB,2026-09-30,217.6
MTB,2026-10-01,217.35
MTD,2026-09-25,1511.64
MTD,2026-09-28,1545.26
MTD,2026-09-29,1537.33
MTD,2026-09-30,1510.95
MTD,2026-10-01,1481.17
MTLN.L,2026-09-28,48.12
MTLN.L,2026-09-29,49.14
MTLN.L,2026-09-30,49.0
MTLN.L,2026-10-01,49.2
MTLN.L,2026-10-02,49.1
MTO.L,2026-09-28,210.2
MTO.L,2026-09-29,209.8
MTO.L,2026-09-30,210.0
MTO.L,2026-10-01,210.0
MTO.L,2026-10-02,210.2
MTRO.L,2026-09-28,171.8
MTRO.L,2026-09-29,171.6
MTRO.L,2026-09-30,171.4
MTRO.L,2026-10-01,166.8
MTRO.L,2026-10-02,165.2
MTX.DE,2026-09-28,368.1
MTX.DE,2026-09-29,371.0
MTX.DE,2026-09-30,374.6
MTX.DE,2026-10-01,368.4
MTX.DE,2026-10-02,369.9
MU,2026-09-25,1082.28
MU,2026-09-28,1053.98
MU,2026-09-29,1065.08
MU,2026-09-30,1065.11
MU,2026-10-01,1097.39
MUT.L,2026-09-28,977.0
MUT.L,2026-09-29,975.0
MUT.L,2026-09-30,977.0
MUT.L,2026-10-01,958.0
MUT.L,2026-10-02,955.0
MUV2.DE,2026-09-28,514.0
MUV2.DE,2026-09-29,507.6
MUV2.DE,2026-09-30,502.4
MUV2.DE,2026-10-01,498.8
MUV2.DE,2026-10-02,506.4
MYI.L,2026-09-28,364.5
MYI.L,2026-09-29,364.5
MYI.L,2026-09-30,363.5
MYI.L,2026-10-01,356.0
MYI.L,2026-10-02,356.37
N91.L,2026-09-28,208.8
N91.L,2026-09-29,207.4
N91.L,2026-09-30,210.4
N91.L,2026-10-01,203.4
N91.L,2026-10-02,205.4
NAIT.L,2026-09-28,424.0
NAIT.L,2026-09-29,428.0
NAIT.L,2026-09-30,434.0
NAIT.L,2026-10-01,423.0
NAIT.L,2026-10-02,427.0
NAS.L,2026-09-28,424.0
NAS.L,2026-09-29,430.0
NAS.L,2026-09-30,433.0
NAS.L,2026-10-01,425.0
NAS.L,2026-10-02,426.0
NBPE.L,2026-09-28,1474.0
NBPE.L,2026-09-29,1460.0
NBPE.L,2026-09-30,1480.0
NBPE.L,2026-10-01,1468.0
NBPE.L,2026-10-02,1492.0
NCC.L,2026-09-28,150.2
NCC.L,2026-09-29,144.2
NCC.L,2026-09-30,147.8
NCC.L,2026-10-01,146.2
NCC.L,2026-10-02,147.8
NCLH,2026-09-25,14.61
NCLH,2026-09-28,14.31
NCLH,2026-09-29,14.8
NCLH,2026-09-30,14.66
NCLH,2026-10-01,14.64
NDA-FI.HE,2026-09-28,17.89
NDA-FI.HE,2026-09-29,17.595
NDA-FI.HE,2026-09-30,17.475
NDA-FI.HE,2026-10-01,16.99
NDA-FI.HE,2026-10-02,16.985
NDAQ,2026-09-25,93.55
NDAQ,2026-09-28,92.62
NDAQ,2026-09-29,91.85
NDAQ,2026-09-30,92.01
NDAQ,2026-10-01,91.67
NDSN,2026-09-25,325.77
NDSN,2026-09-28,331.32
NDSN,2026-09-29,329.53
NDSN,2026-09-30,327.85
NDSN,2026-10-01,329.02
NEE,2026-09-25,76.08
NEE,2026-09-28,75.49
NEE,2026-09-29,75.89
NEE,2026-09-30,75.74
NEE,2026-10-01,76.35
NEM,2026-09-25,121.43
NEM,2026-09-28,116.05
NEM,2026-09-29,117.09
NEM,2026-09-30,115.34
NEM,2026-10-01,114.67
NEXI.MI,2026-09-28,4.175
NEXI.MI,2026-09-29,4.134
NEXI.MI,2026-09-30,4.17
NEXI.MI,2026-10-01,4.062
NEXI.MI,2026-10-02,4.07
NFLX,2026-09-25,71.15
NFLX,2026-09-28,69.23
NFLX,2026-09-29,70.3
NFLX,2026-09-30,69.58
NFLX,2026-10-01,67.85
NG.L,2026-09-28,1127.5
NG.L,2026-09-29,1123.0
NG.L,2026-09-30,1145.5
NG.L,2026-10-01,1134.0
NG.L,2026-10-02,1133.5
NGG,2026-09-25,75.49
NGG,2026-09-28,75.24
NGG,2026-09-29,74.94
NGG,2026-09-30,75.82
NGG,2026-10-01,75.33
NI,2026-09-25,39.42
NI,2026-09-28,39.1
NI,2026-09-29,39.32
NI,2026-09-30,39.0
NI,2026-10-01,39.5
NKE,2026-09-25,35.75
NKE,2026-09-28,36.39
NKE,2026-09-29,35.84
NKE,2026-09-30,35.4
NKE,2026-10-01,35.15
NOC,2026-09-25,510.52
NOC,2026-09-28,505.8
NOC,2026-09-29,504.61
NOC,2026-09-30,483.48
NOC,2026-10-01,482.0
NOW,2026-09-25,135.62
NOW,2026-09-28,131.45
NOW,2026-09-29,129.94
NOW,2026-09-30,134.01
NOW,2026-10-01,137.76
NRG,2026-09-25,100.37
NRG,2026-09-28,97.0
NRG,2026-09-29,97.17
NRG,2026-09-30,95.65
NRG,2026-10-01,96.93
NSC,2026-09-25,313.0
NSC,2026-09-28,313.05
NSC,2026-09-29,313.0
NSC,2026-09-30,309.0
NSC,2026-10-01,310.26
NTAP,2026-09-25,201.15
NTAP,2026-09-28,204.41
NTAP,2026-09-29,209.18
NTAP,2026-09-30,210.08
NTAP,2026-10-01,215.05
NTRS,2026-09-25,175.73
NTRS,2026-09-28,174.55
NTRS,2026-09-29,172.94
NTRS,2026-09-30,169.36
NTRS,2026-10-01,169.2
NUE,2026-09-25,247.25
NUE,2026-09-28,244.49
NUE,2026-09-29,236.24
NUE,2026-09-30,233.75
NUE,2026-10-01,235.98
NVDA,2026-09-25,225.07
NVDA,2026-09-28,228.86
NVDA,2026-09-29,227.21
NVDA,2026-09-30,228.38
NVDA,2026-10-01,230.86
NVR,2026-09-25,6297.6001
NVR,2026-09-28,6267.8901
NVR,2026-09-29,6234.6299
NVR,2026-09-30,6154.3901
NVR,2026-10-01,6126.3799
NWG,2026-09-25,18.49
NWG,2026-09-28,18.34
NWG,2026-09-29,18.26
NWG,2026-09-30,18.15
NWG,2026-10-01,17.4
NWG.L,2026-09-28,690.0
NWG.L,2026-09-29,688.0
NWG.L,2026-09-30,688.4
NWG.L,2026-10-01,651.4
NWG.L,2026-10-02,649.6
NWS,2026-09-25,31.75
NWS,2026-09-28,32.24
NWS,2026-09-29,31.5
NWS,2026-09-30,31.72
NWS,2026-10-01,31.45
NWSA,2026-09-25,28.49
NWSA,2026-09-28,29.1
NWSA,2026-09-29,28.52
NWSA,2026-09-30,28.65
NWSA,2026-10-01,28.64
NXPI,2026-09-25,238.08
NXPI,2026-09-28,236.32
NXPI,2026-09-29,236.47
NXPI,2026-09-30,237.53
NXPI,2026-10-01,239.19
NXT.L,2026-09-28,14580.0
NXT.L,2026-09-29,14605.0
NXT.L,2026-09-30,14795.0
NXT.L,2026-10-01,14480.0
NXT.L,2026-10-02,14525.0
O,2026-09-25,55.54
O,2026-09-28,55.35
O,2026-09-29,55.14
O,2026-09-30,54.3
O,2026-10-01,53.53
OCDO.L,2026-09-28,253.2
OCDO.L,2026-09-29,250.0
OCDO.L,2026-09-30,253.2
OCDO.L,2026-10-01,258.4
OCDO.L,2026-10-02,267.0
OCI.L,2026-09-28,520.0
OCI.L,2026-09-29,518.0
OCI.L,2026-09-30,522.0
OCI.L,2026-10-01,520.0
OCI.L,2026-10-02,520.66
ODFL,2026-09-25,173.3
ODFL,2026-09-28,176.85
ODFL,2026-09-29,177.46
ODFL,2026-09-30,173.84
ODFL,2026-10-01,178.1
OKE,2026-09-25,88.63
OKE,2026-09-28,88.62
OKE,2026-09-29,86.86
OKE,2026-09-30,85.27
OKE,2026-10-01,87.16
OMC,2026-09-25,76.15
OMC,2026-09-28,75.1
OMC,2026-09-29,74.14
OMC,2026-09-30,73.63
OMC,2026-10-01,74.7
ON,2026-09-25,77.2
ON,2026-09-28,75.65
ON,2026-09-29,75.95
ON,2026-09-30,76.87
ON,2026-10-01,80.08
ONT.L,2026-09-28,182.5
ONT.L,2026-09-29,199.4
ONT.L,2026-09-30,217.6
ONT.L,2026-10-01,214.0
ONT.L,2026-10-02,229.6
OR.PA,2026-09-28,385.0
OR.PA,2026-09-29,380.75
OR.PA,2026-09-30,379.45
OR.PA,2026-10-01,371.75
OR.PA,2026-10-02,374.7
ORA.PA,2026-09-28,13.94
ORA.PA,2026-09-29,13.73
ORA.PA,2026-09-30,13.705
ORA.PA,2026-10-01,13.815
ORA.PA,2026-10-02,13.91
ORCL,2026-09-25,137.1
ORCL,2026-09-28,132.6
ORCL,2026-09-29,137.79
ORCL,2026-09-30,137.3
ORCL,2026-10-01,138.07
ORLY,2026-09-25,86.12
ORLY,2026-09-28,86.51
ORLY,2026-09-29,86.07
ORLY,2026-09-30,85.41
ORLY,2026-10-01,85.03
OSB.L,2026-09-28,508.5
OSB.L,2026-09-29,508.0
OSB.L,2026-09-30,511.5
OSB.L,2026-10-01,493.2
OSB.L,2026-10-02,494.4
OTIS,2026-09-25,65.94
OTIS,2026-09-28,66.33
OTIS,2026-09-29,65.63
OTIS,2026-09-30,64.32
OTIS,2026-10-01,64.48
OXB.L,2026-09-28,515.0
OXB.L,2026-09-29,504.0
OXB.L,2026-09-30,522.0
OXB.L,2026-10-01,509.0
OXB.L,2026-10-02,522.0
OXIG.L,2026-09-28,2892.0
OXIG.L,2026-09-29,2976.0
OXIG.L,2026-09-30,3020.0
OXIG.L,2026-10-01,3014.0
OXIG.L,2026-10-02,3100.0
OXY,2026-09-25,56.86
OXY,2026-09-28,56.1
OXY,2026-09-29,54.94
OXY,2026-09-30,55.32
OXY,2026-10-01,57.84
P,2026-09-25,126.0
P,2026-09-28,129.4
P,2026-09-29,130.05
P,2026-09-30,130.78
P,2026-10-01,134.13
PAF.L,2026-09-28,117.2
PAF.L,2026-09-29,118.0
PAF.L,2026-09-30,119.6
PAF.L,2026-10-01,120.2
PAF.L,2026-10-02,120.6544
PAG.L,2026-09-28,742.5
PAG.L,2026-09-29,745.0
PAG.L,2026-09-30,742.5
PAG.L,2026-10-01,719.0
PAG.L,2026-10-02,716.5
PAGE.L,2026-09-28,215.2
PAGE.L,2026-09-29,214.0
PAGE.L,2026-09-30,210.2
PAGE.L,2026-10-01,211.2
PAGE.L,2026-10-02,213.8
PAH3.DE,2026-09-28,25.25
PAH3.DE,2026-09-29,25.32
PAH3.DE,2026-09-30,25.61
PAH3.DE,2026-10-01,24.69
PAH3.DE,2026-10-02,24.65
PANW,2026-09-25,374.74
PANW,2026-09-28,392.09
PANW,2026-09-29,388.41
PANW,2026-09-30,397.31
PANW,2026-10-01,396.25
PAYX,2026-09-25,101.37
PAYX,2026-09-28,99.3
PAYX,2026-09-29,99.31
PAYX,2026-09-30,98.5
PAYX,2026-10-01,100.84
PCAR,2026-09-25,111.31
PCAR,2026-09-28,111.65
PCAR,2026-09-29,111.8
PCAR,2026-09-30,109.81
PCAR,2026-10-01,109.94
PCG,2026-09-25,12.34
PCG,2026-09-28,11.95
PCG,2026-09-29,12.18
PCG,2026-09-30,12.25
PCG,2026-10-01,12.17
PCGH.L,2026-09-28,439.5
PCGH.L,2026-09-29,437.5
PCGH.L,2026-09-30,439.5
PCGH.L,2026-10-01,432.5
PCGH.L,2026-10-02,431.5
PCT.L,2026-09-28,684.0
PCT.L,2026-09-29,695.5
PCT.L,2026-09-30,699.0
PCT.L,2026-10-01,696.5
PCT.L,2026-10-02,708.9068
PEG,2026-09-25,67.02
PEG,2026-09-28,66.73
PEG,2026-09-29,67.68
PEG,2026-09-30,67.34
PEG,2026-10-01,67.89
PEP,2026-09-25,128.63
PEP,2026-09-28,128.5
PEP,2026-09-29,128.69
PEP,2026-09-30,126.72
PEP,2026-10-01,125.6
PETS.L,2026-09-28,211.8
PETS.L,2026-09-29,213.8
PETS.L,2026-09-30,217.8
PETS.L,2026-10-01,213.2
PETS.L,2026-10-02,212.2
PEY.L,2026-09-28,6.76
PEY.L,2026-09-29,6.74
PEY.L,2026-09-30,7.0
PEY.L,2026-10-01,6.94
PEY.L,2026-10-02,6.9
PFD.L,2026-09-28,196.0
PFD.L,2026-09-29,195.0
PFD.L,2026-09-30,195.5
PFD.L,2026-10-01,191.1
PFD.L,2026-10-02,188.9
PFE,2026-09-25,28.67
PFE,2026-09-28,28.72
PFE,2026-09-29,28.72
PFE,2026-09-30,28.52
PFE,2026-10-01,28.12
PFG,2026-09-25,114.77
PFG,2026-09-28,114.64
PFG,2026-09-29,113.97
PFG,2026-09-30,111.96
PFG,2026-10-01,112.24
PG,2026-09-25,146.23
PG,2026-09-28,149.03
PG,2026-09-29,148.32
PG,2026-09-30,145.28
PG,2026-10-01,143.95
PGR,2026-09-25,205.5
PGR,2026-09-28,209.47
PGR,2026-09-29,210.52
PGR,2026-09-30,207.31
PGR,2026-10-01,210.96
PH,2026-09-25,978.33
PH,2026-09-28,969.55
PH,2026-09-29,970.37
PH,2026-09-30,955.42
PH,2026-10-01,965.88
PHI.L,2026-09-28,1120.0
PHI.L,2026-09-29,1136.0
PHI.L,2026-09-30,1128.0
PHI.L,2026-10-01,1130.0
PHI.L,2026-10-02,1138.0
PHM,2026-09-25,119.85
PHM,2026-09-28,119.13
PHM,2026-09-29,118.5
PHM,2026-09-30,116.06
PHM,2026-10-01,116.35
PHP.L,2026-09-28,91.35
PHP.L,2026-09-29,91.5
PHP.L,2026-09-30,91.7
PHP.L,2026-10-01,89.55
PHP.L,2026-10-02,90.05
PIN.L,2026-09-28,382.0
PIN.L,2026-09-29,385.0
PIN.L,2026-09-30,387.0
PIN.L,2026-10-01,384.5
PIN.L,2026-10-02,384.8555
PINE.L,2026-09-28,446.0
PINE.L,2026-09-29,446.5
PINE.L,2026-09-30,446.0
PINE.L,2026-10-01,446.0
PINE.L,2026-10-02,446.51
PINT.L,2026-09-28,117.2
PINT.L,2026-09-29,117.2
PINT.L,2026-09-30,117.8
PINT.L,2026-10-01,113.2
PINT.L,2026-10-02,113.44
PKG,2026-09-25,237.18
PKG,2026-09-28,234.52
PKG,2026-09-29,233.28
PKG,2026-09-30,229.26
PKG,2026-10-01,229.71
PLD,2026-09-25,133.05
PLD,2026-09-28,132.44
PLD,2026-09-29,132.61
PLD,2026-09-30,129.84
PLD,2026-10-01,128.18
PLTR,2026-09-25,189.67
PLTR,2026-09-28,187.48
PLTR,2026-09-29,186.97
PLTR,2026-09-30,187.05
PLTR,2026-10-01,190.04
PLUS.L,2026-09-28,3382.0
PLUS.L,2026-09-29,3404.0
PLUS.L,2026-09-30,3424.0
PLUS.L,2026-10-01,3416.0
PLUS.L,2026-10-02,3284.0
PM,2026-09-25,190.48
PM,2026-09-28,193.76
PM,2026-09-29,193.9
PM,2026-09-30,190.82
PM,2026-10-01,188.18
PNC,2026-09-25,225.64
PNC,2026-09-28,223.67
PNC,2026-09-29,221.65
PNC,2026-09-30,222.26
PNC,2026-10-01,220.75
PNL.L,2026-09-28,541.0
PNL.L,2026-09-29,544.0
PNL.L,2026-09-30,542.0
PNL.L,2026-10-01,537.0
PNL.L,2026-10-02,539.3495
PNN.L,2026-09-28,445.0
PNN.L,2026-09-29,442.0
PNN.L,2026-09-30,458.0
PNN.L,2026-10-01,443.6
PNN.L,2026-10-02,449.6
PNR,2026-09-25,53.66
PNR,2026-09-28,53.03
PNR,2026-09-29,53.47
PNR,2026-09-30,52.99
PNR,2026-10-01,52.88
PNW,2026-09-25,91.74
PNW,2026-09-28,91.32
PNW,2026-09-29,93.4
PNW,2026-09-30,93.04
PNW,2026-10-01,94.63
PODD,2026-09-25,136.13
PODD,2026-09-28,133.11
PODD,2026-09-29,132.84
PODD,2026-09-30,130.47
PODD,2026-10-01,130.79
POLN.L,2026-09-28,921.0
POLN.L,2026-09-29,900.0
POLN.L,2026-09-30,921.0
POLN.L,2026-10-01,909.0
POLN.L,2026-10-02,907.0
PPET.L,2026-09-28,598.0
PPET.L,2026-09-29,604.0
PPET.L,2026-09-30,602.0
PPET.L,2026-10-01,600.0
PPET.L,2026-10-02,600.0
PPG,2026-09-25,107.52
PPG,2026-09-28,107.01
PPG,2026-09-29,106.02
PPG,2026-09-30,104.33
PPG,2026-10-01,104.67
PPH.L,2026-09-28,1470.0
PPH.L,2026-09-29,1478.0
PPH.L,2026-09-30,1496.0
PPH.L,2026-10-01,1448.0
PPH.L,2026-10-02,1470.0
PPL,2026-09-25,32.03
PPL,2026-09-28,32.11
PPL,2026-09-29,32.58
PPL,2026-09-30,32.89
PPL,2026-10-01,32.76
PRN.L,2026-09-28,333.5
PRN.L,2026-09-29,328.0
PRN.L,2026-09-30,335.0
PRN.L,2026-10-01,334.0
PRN.L,2026-10-02,330.5
PRU,2026-09-25,119.45
PRU,2026-09-28,116.09
PRU,2026-09-29,115.06
PRU,2026-09-30,113.58
PRU,2026-10-01,113.13
PRU.L,2026-09-28,940.0
PRU.L,2026-09-29,944.4
PRU.L,2026-09-30,931.4
PRU.L,2026-10-01,921.0
PRU.L,2026-10-02,914.38
PRX.AS,2026-09-28,36.015
PRX.AS,2026-09-29,36.06
PRX.AS,2026-09-30,35.52
PRX.AS,2026-10-01,34.815
PRX.AS,2026-10-02,35.215
PRY.MI,2026-09-28,122.55
PRY.MI,2026-09-29,124.8
PRY.MI,2026-09-30,124.0
PRY.MI,2026-10-01,124.85
PRY.MI,2026-10-02,130.25
PSA,2026-09-25,287.97
PSA,2026-09-28,284.79
PSA,2026-09-29,285.58
PSA,2026-09-30,282.84
PSA,2026-10-01,284.0
PSH.L,2026-09-28,3630.0
PSH.L,2026-09-29,3638.0
PSH.L,2026-09-30,3660.0
PSH.L,2026-10-01,3636.0
PSH.L,2026-10-02,3698.0
PSKY,2026-09-25,9.96
PSKY,2026-09-28,10.28
PSKY,2026-09-29,9.99
PSKY,2026-09-30,10.33
PSKY,2026-10-01,9.34
PSN.L,2026-09-28,1324.0
PSN.L,2026-09-29,1329.5
PSN.L,2026-09-30,1315.0
PSN.L,2026-10-01,1248.0
PSN.L,2026-10-02,1253.5
PSO,2026-09-25,16.13
PSO,2026-09-28,15.94
PSO,2026-09-29,15.96
PSO,2026-09-30,16.05
PSO,2026-10-01,16.16
PSON.L,2026-09-28,1202.5
PSON.L,2026-09-29,1208.0
PSON.L,2026-09-30,1216.0
PSON.L,2026-10-01,1223.5
PSON.L,2026-10-02,1231.5
PST.MI,2026-09-28,25.88
PST.MI,2026-09-29,25.08
PST.MI,2026-09-30,25.34
PST.MI,2026-10-01,24.53
PST.MI,2026-10-02,24.27
PSX,2026-09-25,255.75
PSX,2026-09-28,253.55
PSX,2026-09-29,252.25
PSX,2026-09-30,255.31
PSX,2026-10-01,264.23
PTC,2026-09-25,138.12
PTC,2026-09-28,139.69
PTC,2026-09-29,137.56
PTC,2026-09-30,140.3
PTC,2026-10-01,146.47
PTEC.L,2026-09-28,387.6
PTEC.L,2026-09-29,376.8
PTEC.L,2026-09-30,373.8
PTEC.L,2026-10-01,372.0
PTEC.L,2026-10-02,381.4
PUB.PA,2026-09-28,96.14
PUB.PA,2026-09-29,95.78
PUB.PA,2026-09-30,94.52
PUB.PA,2026-10-01,95.34
PUB.PA,2026-10-02,94.62
PUK,2026-09-25,25.25
PUK,2026-09-28,25.2
PUK,2026-09-29,25.23
PUK,2026-09-30,24.74
PUK,2026-10-01,24.71
PWR,2026-09-25,649.13
PWR,2026-09-28,644.36
PWR,2026-09-29,651.79
PWR,2026-09-30,642.51
PWR,2026-10-01,662.6
PYPL,2026-09-25,55.04
PYPL,2026-09-28,54.28
PYPL,2026-09-29,53.89
PYPL,2026-09-30,52.53
PYPL,2026-10-01,53.06
Q,2026-09-25,124.69
Q,2026-09-28,124.91
Q,2026-09-29,125.61
Q,2026-09-30,125.74
Q,2026-10-01,128.45
QCOM,2026-09-25,201.97
QCOM,2026-09-28,187.48
QCOM,2026-09-29,184.1
QCOM,2026-09-30,184.04
QCOM,2026-10-01,182.09
QGEN,2026-09-25,44.18
QGEN,2026-09-28,45.01
QGEN,2026-09-29,44.4
QGEN,2026-09-30,43.76
QGEN,2026-10-01,42.04
QIA.DE,2026-09-28,39.305
QIA.DE,2026-09-29,39.115
QIA.DE,2026-09-30,38.72
QIA.DE,2026-10-01,38.19
QIA.DE,2026-10-02,37.8
QLT.L,2026-09-28,178.2
QLT.L,2026-09-29,177.2
QLT.L,2026-09-30,179.8
QLT.L,2026-10-01,175.1
QLT.L,2026-10-02,174.0
QQ.L,2026-09-28,483.2
QQ.L,2026-09-29,483.4
QQ.L,2026-09-30,489.0
QQ.L,2026-10-01,481.0
QQ.L,2026-10-02,478.4
RACE,2026-09-25,411.33
RACE,2026-09-28,398.0
RACE,2026-09-29,402.05
RACE,2026-09-30,392.85
RACE,2026-10-01,387.3
RACE.MI,2026-09-28,347.95
RACE.MI,2026-09-29,352.05
RACE.MI,2026-09-30,346.4
RACE.MI,2026-10-01,342.0
RACE.MI,2026-10-02,346.35
RAT.L,2026-09-28,1552.0
RAT.L,2026-09-29,1560.0
RAT.L,2026-09-30,1554.0
RAT.L,2026-10-01,1534.0
RAT.L,2026-10-02,1532.0
RCL,2026-09-25,242.7
RCL,2026-09-28,242.59
RCL,2026-09-29,260.67
RCL,2026-09-30,265.86
RCL,2026-10-01,269.99
RCP.L,2026-09-28,2515.0
RCP.L,2026-09-29,2515.0
RCP.L,2026-09-30,2540.0
RCP.L,2026-10-01,2480.0
RCP.L,2026-10-02,2490.0
RDDT,2026-09-25,149.84
RDDT,2026-09-28,143.08
RDDT,2026-09-29,145.36
RDDT,2026-09-30,142.44
RDDT,2026-10-01,149.53
REC.MI,2026-09-28,53.15
REC.MI,2026-09-29,53.0
REC.MI,2026-09-30,52.65
REC.MI,2026-10-01,52.55
REC.MI,2026-10-02,52.5
REG,2026-09-25,73.23
REG,2026-09-28,73.33
REG,2026-09-29,72.66
REG,2026-09-30,71.88
REG,2026-10-01,71.8
REGN,2026-09-25,788.04
REGN,2026-09-28,752.25
REGN,2026-09-29,750.51
REGN,2026-09-30,758.27
REGN,2026-10-01,734.81
REL.L,2026-09-28,2480.0
REL.L,2026-09-29,2497.0
REL.L,2026-09-30,2496.0
REL.L,2026-10-01,2510.0
REL.L,2026-10-02,2530.0
RELX,2026-09-25,33.52
RELX,2026-09-28,33.07
RELX,2026-09-29,33.24
RELX,2026-09-30,33.18
RELX,2026-10-01,33.49
RF,2026-09-25,27.62
RF,2026-09-28,27.26
RF,2026-09-29,26.89
RF,2026-09-30,26.88
RF,2026-10-01,26.96
RHIM.L,2026-09-28,2825.0
RHIM.L,2026-09-29,2820.0
RHIM.L,2026-09-30,3105.0
RHIM.L,2026-10-01,3050.0
RHIM.L,2026-10-02,2975.0
RHM.DE,2026-09-28,966.3
RHM.DE,2026-09-29,960.4
RHM.DE,2026-09-30,956.4
RHM.DE,2026-10-01,945.8
RHM.DE,2026-10-02,965.6
RI.PA,2026-09-28,58.72
RI.PA,2026-09-29,60.0
RI.PA,2026-09-30,60.66
RI.PA,2026-10-01,59.0
RI.PA,2026-10-02,58.78
RICA.L,2026-09-28,295.5
RICA.L,2026-09-29,295.0
RICA.L,2026-09-30,297.5
RICA.L,2026-10-01,295.5
RICA.L,2026-10-02,294.8
RIO,2026-09-25,94.56
RIO,2026-09-28,94.41
RIO,2026-09-29,94.16
RIO,2026-09-30,94.17
RIO,2026-10-01,92.87
RIO.L,2026-09-28,7059.0
RIO.L,2026-09-29,7072.0
RIO.L,2026-09-30,7099.0
RIO.L,2026-10-01,6954.0
RIO.L,2026-10-02,7034.0
RJF,2026-09-25,159.87
RJF,2026-09-28,161.16
RJF,2026-09-29,159.85
RJF,2026-09-30,158.02
RJF,2026-10-01,159.76
RKT.L,2026-09-28,4897.0
RKT.L,2026-09-29,4890.0
RKT.L,2026-09-30,4992.0
RKT.L,2026-10-01,4907.0
RKT.L,2026-10-02,4928.0
RL,2026-09-25,357.1
RL,2026-09-28,357.16
RL,2026-09-29,355.92
RL,2026-09-30,355.07
RL,2026-10-01,362.66
RMD,2026-09-25,222.0
RMD,2026-09-28,222.1
RMD,2026-09-29,222.83
RMD,2026-09-30,221.1
RMD,2026-10-01,221.15
RMS.PA,2026-09-28,1381.5
RMS.PA,2026-09-29,1352.5
RMS.PA,2026-09-30,1336.5
RMS.PA,2026-10-01,1301.5
RMS.PA,2026-10-02,1305.0
RMV.L,2026-09-28,440.1
RMV.L,2026-09-29,441.5
RMV.L,2026-09-30,447.0
RMV.L,2026-10-01,450.3
RMV.L,2026-10-02,455.0
RNK.L,2026-09-28,74.3
RNK.L,2026-09-29,75.3
RNK.L,2026-09-30,76.5
RNK.L,2026-10-01,74.3
RNK.L,2026-10-02,74.2
RNO.PA,2026-09-28,26.33
RNO.PA,2026-09-29,26.06
RNO.PA,2026-09-30,25.9
RNO.PA,2026-10-01,25.43
RNO.PA,2026-10-02,25.17
ROK,2026-09-25,434.15
ROK,2026-09-28,431.22
ROK,2026-09-29,431.53
ROK,2026-09-30,435.33
ROK,2026-10-01,442.45
ROL,2026-09-25,30.03
ROL,2026-09-28,30.59
ROL,2026-09-29,30.5
ROL,2026-09-30,30.12
ROL,2026-10-01,30.57
ROP,2026-09-25,358.56
ROP,2026-09-28,354.0
ROP,2026-09-29,349.45
ROP,2026-09-30,349.41
ROP,2026-10-01,362.59
ROR.L,2026-09-28,485.8
ROR.L,2026-09-29,488.0
ROR.L,2026-09-30,489.0
ROR.L,2026-10-01,488.4
ROR.L,2026-10-02,488.8
ROSE.L,2026-09-28,312.0
ROSE.L,2026-09-29,310.0
ROSE.L,2026-09-30,313.0
ROSE.L,2026-10-01,309.0
ROSE.L,2026-10-02,315.0
ROST,2026-09-25,236.12
ROST,2026-09-28,237.09
ROST,2026-09-29,234.4
ROST,2026-09-30,233.4
ROST,2026-10-01,234.1
RPI.L,2026-09-28,618.5
RPI.L,2026-09-29,645.5
RPI.L,2026-09-30,692.5
RPI.L,2026-10-01,686.0
RPI.L,2026-10-02,711.0
RR.L,2026-09-28,1474.4
RR.L,2026-09-29,1481.2
RR.L,2026-09-30,1461.6
RR.L,2026-10-01,1471.8
RR.L,2026-10-02,1483.0
RS1.L,2026-09-28,766.0
RS1.L,2026-09-29,771.5
RS1.L,2026-09-30,780.0
RS1.L,2026-10-01,768.5
RS1.L,2026-10-02,776.0
RSG,2026-09-25,212.1
RSG,2026-09-28,212.93
RSG,2026-09-29,211.92
RSG,2026-09-30,209.87
RSG,2026-10-01,206.98
RSW.L,2026-09-28,5565.0
RSW.L,2026-09-29,5690.0
RSW.L,2026-09-30,5785.0
RSW.L,2026-10-01,5855.0
RSW.L,2026-10-02,5970.0
RTO,2026-09-25,20.64
RTO,2026-09-28,20.5
RTO,2026-09-29,20.05
RTO,2026-09-30,19.75
RTO,2026-10-01,19.8
RTO.L,2026-09-28,304.0
RTO.L,2026-09-29,298.5
RTO.L,2026-09-30,297.2
RTO.L,2026-10-01,296.1
RTO.L,2026-10-02,299.305
RTW.L,2026-09-28,2.34
RTW.L,2026-09-29,2.33
RTW.L,2026-09-30,2.38
RTW.L,2026-10-01,2.34
RTW.L,2026-10-02,2.35
RTX,2026-09-25,189.4
RTX,2026-09-28,187.66
RTX,2026-09-29,186.94
RTX,2026-09-30,185.65
RTX,2026-10-01,185.01
RVTY,2026-09-25,151.11
RVTY,2026-09-28,151.02
RVTY,2026-09-29,152.77
RVTY,2026-09-30,152.89
RVTY,2026-10-01,149.06
RWE.DE,2026-09-28,59.14
RWE.DE,2026-09-29,58.92
RWE.DE,2026-09-30,59.3
RWE.DE,2026-10-01,58.4
RWE.DE,2026-10-02,58.7
SAF.PA,2026-09-28,333.0
SAF.PA,2026-09-29,335.1
SAF.PA,2026-09-30,334.4
SAF.PA,2026-10-01,327.0
SAF.PA,2026-10-02,332.7
SAFE.L,2026-09-28,524.5
SAFE.L,2026-09-29,525.5
SAFE.L,2026-09-30,525.5
SAFE.L,2026-10-01,504.0
SAFE.L,2026-10-02,503.0
SAGA.L,2026-09-28,605.0
SAGA.L,2026-09-29,641.0
SAGA.L,2026-09-30,787.0
SAGA.L,2026-10-01,781.0
SAGA.L,2026-10-02,776.0
SAIN.L,2026-09-28,550.0
SAIN.L,2026-09-29,551.0
SAIN.L,2026-09-30,550.0
SAIN.L,2026-10-01,547.0
SAIN.L,2026-10-02,551.0
SAN,2026-09-25,14.42
SAN,2026-09-28,14.22
SAN,2026-09-29,14.19
SAN,2026-09-30,13.83
SAN,2026-10-01,13.28
SAN.MC,2026-09-28,12.502
SAN.MC,2026-09-29,12.51
SAN.MC,2026-09-30,12.328
SAN.MC,2026-10-01,11.812
SAN.MC,2026-10-02,11.738
SAN.PA,2026-09-28,72.0
SAN.PA,2026-09-29,71.47
SAN.PA,2026-09-30,72.64
SAN.PA,2026-10-01,73.1
SAN.PA,2026-10-02,70.73
SAP,2026-09-25,210.68
SAP,2026-09-28,209.31
SAP,2026-09-29,210.85
SAP,2026-09-30,208.48
SAP,2026-10-01,210.79
SAP.DE,2026-09-28,184.02
SAP.DE,2026-09-29,185.32
SAP.DE,2026-09-30,185.66
SAP.DE,2026-10-01,186.74
SAP.DE,2026-10-02,187.88
SBAC,2026-09-25,166.15
SBAC,2026-09-28,163.43
SBAC,2026-09-29,162.81
SBAC,2026-09-30,160.12
SBAC,2026-10-01,158.02
SBRY.L,2026-09-28,336.6
SBRY.L,2026-09-29,329.6
SBRY.L,2026-09-30,329.6
SBRY.L,2026-10-01,326.0
SBRY.L,2026-10-02,325.6
SBUX,2026-09-25,94.86
SBUX,2026-09-28,95.27
SBUX,2026-09-29,95.43
SBUX,2026-09-30,93.96
SBUX,2026-10-01,94.88
SCHW,2026-09-25,99.03
SCHW,2026-09-28,98.3
SCHW,2026-09-29,99.1
SCHW,2026-09-30,97.74
SCHW,2026-10-01,98.37
SCT.L,2026-09-28,1791.0
SCT.L,2026-09-29,1805.0
SCT.L,2026-09-30,1839.0
SCT.L,2026-10-01,1856.0
SCT.L,2026-10-02,1874.0
SDLF.L,2026-09-28,893.5
SDLF.L,2026-09-29,892.0
SDLF.L,2026-09-30,884.5
SDLF.L,2026-10-01,861.5
SDLF.L,2026-10-02,867.876
SDP.L,2026-09-28,845.0
SDP.L,2026-09-29,851.0
SDP.L,2026-09-30,844.0
SDP.L,2026-10-01,848.0
SDP.L,2026-10-02,850.0
SDR.L,2026-09-28,588.5
SDR.L,2026-09-29,589.0
SDR.L,2026-09-30,589.0
SDR.L,2026-10-01,589.0
SEIT.L,2026-09-28,34.45
SEIT.L,2026-09-29,33.3
SEIT.L,2026-09-30,33.6
SEIT.L,2026-10-01,33.8
SEIT.L,2026-10-02,33.9
SEQI.L,2026-09-28,85.2
SEQI.L,2026-09-29,84.5
SEQI.L,2026-09-30,84.9
SEQI.L,2026-10-01,84.3
SEQI.L,2026-10-02,84.4736
SGE.L,2026-09-28,982.4
SGE.L,2026-09-29,971.4
SGE.L,2026-09-30,971.4
SGE.L,2026-10-01,979.2
SGE.L,2026-10-02,995.0
SGO.PA,2026-09-28,70.5
SGO.PA,2026-09-29,69.8
SGO.PA,2026-09-30,69.04
SGO.PA,2026-10-01,66.32
SGO.PA,2026-10-02,66.96
SGRO.L,2026-09-28,940.0
SGRO.L,2026-09-29,937.6
SGRO.L,2026-09-30,929.4
SGRO.L,2026-10-01,912.6
SGRO.L,2026-10-02,915.8
SHAW.L,2026-09-28,306.0
SHAW.L,2026-09-29,307.5
SHAW.L,2026-09-30,306.5
SHAW.L,2026-10-01,302.0
SHAW.L,2026-10-02,299.5
SHC.L,2026-09-28,138.1
SHC.L,2026-09-29,137.9
SHC.L,2026-09-30,138.4
SHC.L,2026-10-01,134.3
SHC.L,2026-10-02,135.2
SHEL,2026-09-25,95.78
SHEL,2026-09-28,96.47
SHEL,2026-09-29,95.14
SHEL,2026-09-30,95.05
SHEL,2026-10-01,95.61
SHEL.L,2026-09-28,3654.5
SHEL.L,2026-09-29,3594.0
SHEL.L,2026-09-30,3569.5
SHEL.L,2026-10-01,3589.0
SHEL.L,2026-10-02,3606.0
SHL.DE,2026-09-28,38.67
SHL.DE,2026-09-29,38.65
SHL.DE,2026-09-30,37.97
SHL.DE,2026-10-01,37.61
SHL.DE,2026-10-02,37.8
SHW,2026-09-25,329.1
SHW,2026-09-28,332.79
SHW,2026-09-29,330.44
SHW,2026-09-30,323.27
SHW,2026-10-01,320.78
SI,2026-09-25,16.99
SI,2026-09-28,17.95
SI,2026-09-29,18.79
SI,2026-09-30,18.9
SI,2026-10-01,18.75
SIE.DE,2026-09-28,278.45
SIE.DE,2026-09-29,282.0
SIE.DE,2026-09-30,275.5
SIE.DE,2026-10-01,271.9
SIE.DE,2026-10-02,275.9
SJM,2026-09-25,121.0
SJM,2026-09-28,120.63
SJM,2026-09-29,120.7
SJM,2026-09-30,118.91
SJM,2026-10-01,115.95
SLB,2026-09-25,51.54
SLB,2026-09-28,51.49
SLB,2026-09-29,49.87
SLB,2026-09-30,48.72
SLB,2026-10-01,48.66
SMCI,2026-09-25,43.26
SMCI,2026-09-28,41.78
SMCI,2026-09-29,41.02
SMCI,2026-09-30,41.07
SMCI,2026-10-01,41.92
SMIN.L,2026-09-28,2827.0
SMIN.L,2026-09-29,2831.0
SMIN.L,2026-09-30,2825.0
SMIN.L,2026-10-01,2782.0
SMIN.L,2026-10-02,2803.0
SMT.L,2026-09-28,1565.5
SMT.L,2026-09-29,1584.5
SMT.L,2026-09-30,1590.5
SMT.L,2026-10-01,1579.0
SMT.L,2026-10-02,1589.5
SMWH.L,2026-09-28,377.6
SMWH.L,2026-09-29,379.4
SMWH.L,2026-09-30,390.6
SMWH.L,2026-10-01,371.2
SMWH.L,2026-10-02,374.015
SN.L,2026-09-28,1012.5
SN.L,2026-09-29,1011.5
SN.L,2026-09-30,1009.0
SN.L,2026-10-01,982.4
SN.L,2026-10-02,987.8
SNA,2026-09-25,369.2
SNA,2026-09-28,369.21
SNA,2026-09-29,367.08
SNA,2026-09-30,363.35
SNA,2026-10-01,367.72
SNDK,2026-09-25,1777.8
SNDK,2026-09-28,1712.89
SNDK,2026-09-29,1729.76
SNDK,2026-09-30,1739.89
SNDK,2026-10-01,1787.6899
SNN,2026-09-25,26.91
SNN,2026-09-28,27.08
SNN,2026-09-29,26.95
SNN,2026-09-30,26.96
SNN,2026-10-01,26.58
SNPS,2026-09-25,425.76
SNPS,2026-09-28,417.61
SNPS,2026-09-29,415.09
SNPS,2026-09-30,434.94
SNPS,2026-10-01,490.54
SNR.L,2026-09-28,296.0
SNR.L,2026-09-29,297.5
SNR.L,2026-09-30,297.0
SNR.L,2026-10-01,296.5
SNR.L,2026-10-02,297.5
SNY,2026-09-25,41.11
SNY,2026-09-28,41.18
SNY,2026-09-29,40.74
SNY,2026-09-30,41.23
SNY,2026-10-01,40.67
SO,2026-09-25,82.88
SO,2026-09-28,82.35
SO,2026-09-29,83.45
SO,2026-09-30,82.89
SO,2026-10-01,83.47
SOI.L,2026-09-28,459.5
SOI.L,2026-09-29,462.0
SOI.L,2026-09-30,458.0
SOI.L,2026-10-01,459.5
SOI.L,2026-10-02,458.7273
SOLV,2026-09-25,89.5
SOLV,2026-09-28,89.54
SOLV,2026-09-29,89.32
SOLV,2026-09-30,88.15
SOLV,2026-10-01,87.77
SPG,2026-09-25,204.82
SPG,2026-09-28,204.53
SPG,2026-09-29,204.28
SPG,2026-09-30,200.76
SPG,2026-10-01,200.81
SPGI,2026-09-25,403.3
SPGI,2026-09-28,395.92
SPGI,2026-09-29,392.45
SPGI,2026-09-30,394.47
SPGI,2026-10-01,388.16
SPI.L,2026-09-28,246.0
SPI.L,2026-09-29,245.5
SPI.L,2026-09-30,246.5
SPI.L,2026-10-01,247.5
SPI.L,2026-10-02,247.05
SPM.MI,2026-09-28,4.42
SPM.MI,2026-09-29,4.354
SPM.MI,2026-09-30,4.354
SPM.MI,2026-10-01,4.295
SPM.MI,2026-10-02,4.255
SPX.L,2026-09-28,7140.0
SPX.L,2026-09-29,7195.0
SPX.L,2026-09-30,7255.0
SPX.L,2026-10-01,7175.0
SPX.L,2026-10-02,7340.0
SPY,2026-09-25,771.35
SPY,2026-09-28,765.61
SPY,2026-09-29,764.2
SPY,2026-09-30,762.63
SPY,2026-10-01,763.99
SRE,2026-09-25,77.93
SRE,2026-09-28,76.89
SRE,2026-09-29,78.18
SRE,2026-09-30,77.96
SRE,2026-10-01,78.05
SRE.L,2026-09-28,88.85
SRE.L,2026-09-29,88.75
SRE.L,2026-09-30,88.9
SRE.L,2026-10-01,86.1
SRE.L,2026-10-02,86.65
SRG.MI,2026-09-28,5.592
SRG.MI,2026-09-29,5.612
SRG.MI,2026-09-30,5.59
SRG.MI,2026-10-01,5.534
SRG.MI,2026-10-02,5.568
SRP.L,2026-09-28,252.0
SRP.L,2026-09-29,251.8
SRP.L,2026-09-30,255.2
SRP.L,2026-10-01,253.2
SRP.L,2026-10-02,252.0
SSE.L,2026-09-28,2458.0
SSE.L,2026-09-29,2437.0
SSE.L,2026-09-30,2491.0
SSE.L,2026-10-01,2473.0
SSE.L,2026-10-02,2443.0
SSIT.L,2026-09-28,186.6
SSIT.L,2026-09-29,187.2
SSIT.L,2026-09-30,190.8
SSIT.L,2026-10-01,195.4
SSIT.L,2026-10-02,199.0
SSPG.L,2026-09-28,188.3
SSPG.L,2026-09-29,188.1
SSPG.L,2026-09-30,191.1
SSPG.L,2026-10-01,188.3
SSPG.L,2026-10-02,192.2
STAN.L,2026-09-28,2322.0
STAN.L,2026-09-29,2329.0
STAN.L,2026-09-30,2298.0
STAN.L,2026-10-01,2218.0
STAN.L,2026-10-02,2168.0
STE,2026-09-25,208.93
STE,2026-09-28,211.0
STE,2026-09-29,210.65
STE,2026-09-30,210.01
STE,2026-10-01,209.34
STJ.L,2026-09-28,1068.0
STJ.L,2026-09-29,1060.0
STJ.L,2026-09-30,1063.5
STJ.L,2026-10-01,1041.0
STJ.L,2026-10-02,1035.0
STLA,2026-09-25,4.6
STLA,2026-09-28,4.62
STLA,2026-09-29,4.43
STLA,2026-09-30,4.36
STLA,2026-10-01,4.69
STLAM.MI,2026-09-28,4.0475
STLAM.MI,2026-09-29,3.9065
STLAM.MI,2026-09-30,3.897
STLAM.MI,2026-10-01,3.8485
STLAM.MI,2026-10-02,4.014
STLAP.PA,2026-09-28,4.0445
STLAP.PA,2026-09-29,3.903
STLAP.PA,2026-09-30,3.9005
STLAP.PA,2026-10-01,3.8465
STLAP.PA,2026-10-02,4.013
STLD,2026-09-25,233.66
STLD,2026-09-28,230.39
STLD,2026-09-29,221.9
STLD,2026-09-30,221.61
STLD,2026-10-01,226.17
STM,2026-09-25,51.93
STM,2026-09-28,52.74
STM,2026-09-29,53.24
STM,2026-09-30,53.36
STM,2026-10-01,53.5
STMMI.MI,2026-09-28,45.85
STMMI.MI,2026-09-29,47.02
STMMI.MI,2026-09-30,46.86
STMMI.MI,2026-10-01,47.2
STMMI.MI,2026-10-02,48.89
STMPA.PA,2026-09-28,45.84
STMPA.PA,2026-09-29,47.035
STMPA.PA,2026-09-30,46.88
STMPA.PA,2026-10-01,47.25
STMPA.PA,2026-10-02,48.895
STT,2026-09-25,181.34
STT,2026-09-28,179.73
STT,2026-09-29,177.78
STT,2026-09-30,174.59
STT,2026-10-01,174.62
STX,2026-09-25,916.83
STX,2026-09-28,921.51
STX,2026-09-29,913.45
STX,2026-09-30,922.34
STX,2026-10-01,945.57
STZ,2026-09-25,113.63
STZ,2026-09-28,112.92
STZ,2026-09-29,112.77
STZ,2026-09-30,113.06
STZ,2026-10-01,112.99
SU.PA,2026-09-28,290.5
SU.PA,2026-09-29,296.35
SU.PA,2026-09-30,292.0
SU.PA,2026-10-01,292.6
SU.PA,2026-10-02,300.6
SUPR.L,2026-09-28,83.25
SUPR.L,2026-09-29,83.6
SUPR.L,2026-09-30,83.25
SUPR.L,2026-10-01,81.05
SUPR.L,2026-10-02,81.199
SVS.L,2026-09-28,1012.0
SVS.L,2026-09-29,1012.0
SVS.L,2026-09-30,1030.0
SVS.L,2026-10-01,987.0
SVS.L,2026-10-02,995.0
SVT.L,2026-09-28,3070.0
SVT.L,2026-09-29,3068.0
SVT.L,2026-09-30,3096.0
SVT.L,2026-10-01,3074.0
SVT.L,2026-10-02,3100.0
SW,2026-09-25,46.41
SW,2026-09-28,45.07
SW,2026-09-29,44.38
SW,2026-09-30,44.1
SW,2026-10-01,43.04
SWK,2026-09-25,91.4
SWK,2026-09-28,88.73
SWK,2026-09-29,88.79
SWK,2026-09-30,88.59
SWK,2026-10-01,89.59
SWKS,2026-09-25,89.34
SWKS,2026-09-28,87.59
SWKS,2026-09-29,88.04
SWKS,2026-09-30,85.48
SWKS,2026-10-01,83.16
SY1.DE,2026-09-28,93.38
SY1.DE,2026-09-29,93.5
SY1.DE,2026-09-30,91.76
SY1.DE,2026-10-01,90.38
SY1.DE,2026-10-02,90.76
SYF,2026-09-25,72.94
SYF,2026-09-28,71.52
SYF,2026-09-29,71.72
SYF,2026-09-30,70.97
SYF,2026-10-01,71.51
SYK,2026-09-25,272.36
SYK,2026-09-28,275.31
SYK,2026-09-29,278.77
SYK,2026-09-30,275.39
SYK,2026-10-01,272.96
SYNC.L,2026-09-28,122.2
SYNC.L,2026-09-29,122.4
SYNC.L,2026-09-30,123.8
SYNC.L,2026-10-01,122.0
SYNC.L,2026-10-02,122.0844
SYY,2026-09-25,78.46
SYY,2026-09-28,78.57
SYY,2026-09-29,78.49
SYY,2026-09-30,77.96
SYY,2026-10-01,77.77
T,2026-09-25,25.38
T,2026-09-28,24.9
T,2026-09-29,24.48
T,2026-09-30,24.4
T,2026-10-01,24.3
TATE.L,2026-09-28,560.0
TATE.L,2026-09-29,559.0
TATE.L,2026-09-30,559.0
TATE.L,2026-10-01,558.5
TATE.L,2026-10-02,558.0
TBCG.L,2026-09-28,5400.0
TBCG.L,2026-09-29,5415.0
TBCG.L,2026-09-30,5385.0
TBCG.L,2026-10-01,5165.0
TBCG.L,2026-10-02,5080.0
TCAP.L,2026-09-28,327.8
TCAP.L,2026-09-29,330.8
TCAP.L,2026-09-30,342.0
TCAP.L,2026-10-01,321.4
TCAP.L,2026-10-02,318.2
TDG,2026-09-25,1116.2
TDG,2026-09-28,1109.22
TDG,2026-09-29,1099.79
TDG,2026-09-30,1082.6
TDG,2026-10-01,1097.24
TDY,2026-09-25,614.15
TDY,2026-09-28,610.83
TDY,2026-09-29,605.59
TDY,2026-09-30,606.81
TDY,2026-10-01,612.7
TECH,2026-09-25,72.61
TECH,2026-09-28,72.51
TECH,2026-09-29,72.38
TECH,2026-09-30,72.47
TECH,2026-10-01,72.4
TEL,2026-09-25,218.59
TEL,2026-09-28,214.71
TEL,2026-09-29,212.59
TEL,2026-09-30,211.08
TEL,2026-10-01,217.76
TEM.L,2026-09-28,329.0
TEM.L,2026-09-29,330.5
TEM.L,2026-09-30,330.0
TEM.L,2026-10-01,330.0
TEM.L,2026-10-02,334.5
TEN.MI,2026-09-28,24.8
TEN.MI,2026-09-29,24.3
TEN.MI,2026-09-30,24.35
TEN.MI,2026-10-01,24.46
TEN.MI,2026-10-02,24.64
TEP.L,2026-09-28,802.0
TEP.L,2026-09-29,799.0
TEP.L,2026-09-30,809.0
TEP.L,2026-10-01,797.0
TEP.L,2026-10-02,810.0
TEP.PA,2026-09-28,70.94
TEP.PA,2026-09-29,71.44
TEP.PA,2026-09-30,70.22
TEP.PA,2026-10-01,71.06
TEP.PA,2026-10-02,70.92
TER,2026-09-25,398.38
TER,2026-09-28,401.3
TER,2026-09-29,403.02
TER,2026-09-30,400.91
TER,2026-10-01,415.79
TFC,2026-09-25,47.66
TFC,2026-09-28,47.09
TFC,2026-09-29,46.44
TFC,2026-09-30,46.3
TFC,2026-10-01,46.28
TFIF.L,2026-09-28,108.6
TFIF.L,2026-09-29,108.8
TFIF.L,2026-09-30,108.8
TFIF.L,2026-10-01,108.8
TFIF.L,2026-10-02,108.504
TGT,2026-09-25,157.45
TGT,2026-09-28,158.43
TGT,2026-09-29,156.43
TGT,2026-09-30,156.69
TGT,2026-10-01,156.7
THG.L,2026-09-28,26.52
THG.L,2026-09-29,26.22
THG.L,2026-09-30,26.16
THG.L,2026-10-01,26.04
THG.L,2026-10-02,26.38
THRL.L,2026-09-28,113.4
THRL.L,2026-09-29,114.8
THRL.L,2026-09-30,114.2
THRL.L,2026-10-01,112.8
THRL.L,2026-10-02,114.0
TIT.MI,2026-09-28,7.116
TIT.MI,2026-09-29,6.855
TIT.MI,2026-09-30,6.678
TIT.MI,2026-10-01,6.572
TIT.MI,2026-10-02,6.604
TJX,2026-09-25,130.06
TJX,2026-09-28,130.25
TJX,2026-09-29,133.8
TJX,2026-09-30,132.31
TJX,2026-10-01,133.59
TKO,2026-09-25,182.67
TKO,2026-09-28,181.58
TKO,2026-09-29,177.58
TKO,2026-09-30,179.72
TKO,2026-10-01,176.04
TMO,2026-09-25,675.0
TMO,2026-09-28,678.6
TMO,2026-09-29,679.61
TMO,2026-09-30,675.05
TMO,2026-10-01,652.51
TMPL.L,2026-09-28,416.5
TMPL.L,2026-09-29,416.5
TMPL.L,2026-09-30,415.5
TMPL.L,2026-10-01,409.5
TMPL.L,2026-10-02,411.7
TMUS,2026-09-25,165.43
TMUS,2026-09-28,166.45
TMUS,2026-09-29,162.98
TMUS,2026-09-30,163.08
TMUS,2026-10-01,161.73
TPK.L,2026-09-28,620.0
TPK.L,2026-09-29,615.0
TPK.L,2026-09-30,610.5
TPK.L,2026-10-01,584.5
TPK.L,2026-10-02,585.5
TPL,2026-09-25,341.07
TPL,2026-09-28,338.15
TPL,2026-09-29,328.7
TPL,2026-09-30,325.83
TPL,2026-10-01,336.46
TPR,2026-09-25,113.88
TPR,2026-09-28,113.45
TPR,2026-09-29,114.12
TPR,2026-09-30,115.04
TPR,2026-10-01,119.24
TRGP,2026-09-25,277.84
TRGP,2026-09-28,277.43
TRGP,2026-09-29,273.49
TRGP,2026-09-30,270.31
TRGP,2026-10-01,279.31
TRIG.L,2026-09-28,79.1
TRIG.L,2026-09-29,79.5
TRIG.L,2026-09-30,79.9
TRIG.L,2026-10-01,78.2
TRIG.L,2026-10-02,77.8
TRMB,2026-09-25,57.85
TRMB,2026-09-28,57.51
TRMB,2026-09-29,57.34
TRMB,2026-09-30,57.11
TRMB,2026-10-01,57.53
TRN.L,2026-09-28,192.3
TRN.L,2026-09-29,191.2
TRN.L,2026-09-30,197.9
TRN.L,2026-10-01,197.4
TRN.L,2026-10-02,202.49
TRN.MI,2026-09-28,9.18
TRN.MI,2026-09-29,9.194
TRN.MI,2026-09-30,9.192
TRN.MI,2026-10-01,9.138
TRN.MI,2026-10-02,9.136
TROW,2026-09-25,105.51
TROW,2026-09-28,103.81
TROW,2026-09-29,104.51
TROW,2026-09-30,104.05
TROW,2026-10-01,105.83
TRST.L,2026-09-28,207.4
TRST.L,2026-09-29,216.2
TRST.L,2026-09-30,231.0
TRST.L,2026-10-01,230.0
TRST.L,2026-10-02,233.0
TRV,2026-09-25,363.04
TRV,2026-09-28,363.16
TRV,2026-09-29,363.21
TRV,2026-09-30,356.51
TRV,2026-10-01,361.64
TRY.L,2026-09-28,281.0
TRY.L,2026-09-29,281.0
TRY.L,2026-09-30,278.5
TRY.L,2026-10-01,273.0
TRY.L,2026-10-02,272.554
TS,2026-09-25,55.47
TS,2026-09-28,56.12
TS,2026-09-29,55.05
TS,2026-09-30,55.18
TS,2026-10-01,55.65
TSCO,2026-09-25,32.27
TSCO,2026-09-28,32.07
TSCO,2026-09-29,31.51
TSCO,2026-09-30,31.29
TSCO,2026-10-01,31.73
TSCO.L,2026-09-28,478.8
TSCO.L,2026-09-29,470.9
TSCO.L,2026-09-30,468.8
TSCO.L,2026-10-01,474.8
TSCO.L,2026-10-02,472.7
TSLA,2026-09-25,372.11
TSLA,2026-09-28,357.45
TSLA,2026-09-29,352.84
TSLA,2026-09-30,354.81
TSLA,2026-10-01,354.11
TSN,2026-09-25,50.92
TSN,2026-09-28,50.95
TSN,2026-09-29,50.98
TSN,2026-09-30,50.53
TSN,2026-10-01,50.47
TT,2026-09-25,454.44
TT,2026-09-28,452.06
TT,2026-09-29,455.59
TT,2026-09-30,451.98
TT,2026-10-01,458.94
TTE,2026-09-25,90.94
TTE,2026-09-28,90.34
TTE,2026-09-29,87.71
TTE,2026-09-30,85.5
TTE,2026-10-01,84.51
TTE.PA,2026-09-28,80.0
TTE.PA,2026-09-29,78.1
TTE.PA,2026-09-30,75.7
TTE.PA,2026-10-01,74.51
TTE.PA,2026-10-02,74.44
TTWO,2026-09-25,201.44
TTWO,2026-09-28,202.35
TTWO,2026-09-29,202.78
TTWO,2026-09-30,207.5
TTWO,2026-10-01,203.62
TW.L,2026-09-28,89.32
TW.L,2026-09-29,87.24
TW.L,2026-09-30,86.0
TW.L,2026-10-01,81.3
TW.L,2026-10-02,81.86
TXN,2026-09-25,278.07
TXN,2026-09-28,278.31
TXN,2026-09-29,281.69
TXN,2026-09-30,280.09
TXN,2026-10-01,281.31
TXT,2026-09-25,76.59
TXT,2026-09-28,77.37
TXT,2026-09-29,77.63
TXT,2026-09-30,76.2
TXT,2026-10-01,77.17
TYL,2026-09-25,325.57
TYL,2026-09-28,324.02
TYL,2026-09-29,316.26
TYL,2026-09-30,318.6
TYL,2026-10-01,330.18
UAL,2026-09-25,113.99
UAL,2026-09-28,111.51
UAL,2026-09-29,112.65
UAL,2026-09-30,110.95
UAL,2026-10-01,111.78
UBER,2026-09-25,69.62
UBER,2026-09-28,68.16
UBER,2026-09-29,69.36
UBER,2026-09-30,68.51
UBER,2026-10-01,67.88
UCG.MI,2026-09-28,84.28
UCG.MI,2026-09-29,83.8
UCG.MI,2026-09-30,82.9
UCG.MI,2026-10-01,79.53
UCG.MI,2026-10-02,78.17
UDR,2026-09-25,33.84
UDR,2026-09-28,33.83
UDR,2026-09-29,33.95
UDR,2026-09-30,33.55
UDR,2026-10-01,33.68
UEM.L,2026-09-28,282.0
UEM.L,2026-09-29,281.0
UEM.L,2026-09-30,282.0
UEM.L,2026-10-01,280.0
UEM.L,2026-10-02,280.0
UHS,2026-09-25,178.86
UHS,2026-09-28,177.48
UHS,2026-09-29,175.73
UHS,2026-09-30,174.26
UHS,2026-10-01,175.07
UKW.L,2026-09-28,114.0
UKW.L,2026-09-29,114.1
UKW.L,2026-09-30,115.5
UKW.L,2026-10-01,112.7
UKW.L,2026-10-02,113.1225
UL,2026-09-25,62.54
UL,2026-09-28,62.53
UL,2026-09-29,61.24
UL,2026-09-30,60.73
UL,2026-10-01,59.58
ULTA,2026-09-25,545.2
ULTA,2026-09-28,549.13
ULTA,2026-09-29,547.89
ULTA,2026-09-30,546.17
ULTA,2026-10-01,537.73
ULVR.L,2026-09-28,4671.0
ULVR.L,2026-09-29,4615.5
ULVR.L,2026-09-30,4603.5
ULVR.L,2026-10-01,4494.0
ULVR.L,2026-10-02,4512.5
UNH,2026-09-25,376.59
UNH,2026-09-28,377.83
UNH,2026-09-29,374.94
UNH,2026-09-30,367.08
UNH,2026-10-01,365.2
UNI.MI,2026-09-28,27.01
UNI.MI,2026-09-29,27.21
UNI.MI,2026-09-30,26.84
UNI.MI,2026-10-01,26.08
UNI.MI,2026-10-02,25.89
UNP,2026-09-25,273.79
UNP,2026-09-28,274.1
UNP,2026-09-29,274.15
UNP,2026-09-30,272.13
UNP,2026-10-01,272.42
UPS,2026-09-25,93.96
UPS,2026-09-28,94.25
UPS,2026-09-29,93.93
UPS,2026-09-30,93.44
UPS,2026-10-01,93.89
URI,2026-09-25,1047.0601
URI,2026-09-28,1043.92
URI,2026-09-29,1014.54
URI,2026-09-30,1000.78
URI,2026-10-01,1034.11
URW.PA,2026-09-28,91.7
URW.PA,2026-09-29,90.66
URW.PA,2026-09-30,89.1
URW.PA,2026-10-01,87.88
URW.PA,2026-10-02,87.38
USA.L,2026-09-28,377.5
USA.L,2026-09-29,380.0
USA.L,2026-09-30,383.0
USA.L,2026-10-01,382.0
USA.L,2026-10-02,382.98
USB,2026-09-25,59.33
USB,2026-09-28,58.78
USB,2026-09-29,58.14
USB,2026-09-30,57.76
USB,2026-10-01,57.36
UTG.L,2026-09-28,464.6
UTG.L,2026-09-29,471.2
UTG.L,2026-09-30,474.6
UTG.L,2026-10-01,455.8
UTG.L,2026-10-02,461.6
UU.L,2026-09-28,1411.0
UU.L,2026-09-29,1407.0
UU.L,2026-09-30,1413.0
UU.L,2026-10-01,1404.0
UU.L,2026-10-02,1411.0
V,2026-09-25,367.38
V,2026-09-28,367.74
V,2026-09-29,365.88
V,2026-09-30,359.33
V,2026-10-01,359.85
VCT.L,2026-09-28,907.0
VCT.L,2026-09-29,915.0
VCT.L,2026-09-30,923.0
VCT.L,2026-10-01,911.0
VCT.L,2026-10-02,921.0
VEEV,2026-09-25,280.68
VEEV,2026-09-28,279.96
VEEV,2026-09-29,278.57
VEEV,2026-09-30,285.45
VEEV,2026-10-01,281.93
VEIL.L,2026-09-28,718.0
VEIL.L,2026-09-29,732.0
VEIL.L,2026-09-30,734.0
VEIL.L,2026-10-01,724.0
VEIL.L,2026-10-02,728.2728
VICI,2026-09-25,23.51
VICI,2026-09-28,23.19
VICI,2026-09-29,23.2
VICI,2026-09-30,22.97
VICI,2026-10-01,22.73
VIE.PA,2026-09-28,31.09
VIE.PA,2026-09-29,30.93
VIE.PA,2026-09-30,30.81
VIE.PA,2026-10-01,30.52
VIE.PA,2026-10-02,30.53
VLO,2026-09-25,387.18
VLO,2026-09-28,389.57
VLO,2026-09-29,387.72
VLO,2026-09-30,387.61
VLO,2026-10-01,408.46
VLTO,2026-09-25,97.14
VLTO,2026-09-28,96.2
VLTO,2026-09-29,96.65
VLTO,2026-09-30,94.32
VLTO,2026-10-01,94.6
VLX.L,2026-09-28,632.0
VLX.L,2026-09-29,648.0
VLX.L,2026-09-30,648.0
VLX.L,2026-10-01,657.0
VLX.L,2026-10-02,677.0
VMC,2026-09-25,245.0
VMC,2026-09-28,246.15
VMC,2026-09-29,242.75
VMC,2026-09-30,244.63
VMC,2026-10-01,243.98
VMRK,2026-09-25,61.51
VMRK,2026-09-28,61.37
VMRK,2026-09-29,61.35
VMRK,2026-09-30,60.76
VMRK,2026-10-01,60.17
VNA.DE,2026-09-28,17.055
VNA.DE,2026-09-29,17.405
VNA.DE,2026-09-30,17.0
VNA.DE,2026-10-01,16.74
VNA.DE,2026-10-02,16.83
VOD,2026-09-25,16.62
VOD,2026-09-28,16.58
VOD,2026-09-29,16.33
VOD,2026-09-30,16.15
VOD,2026-10-01,16.38
VOD.L,2026-09-28,125.45
VOD.L,2026-09-29,123.9
VOD.L,2026-09-30,122.7
VOD.L,2026-10-01,124.1
VOD.L,2026-10-02,127.0
VOF.L,2026-09-28,428.0
VOF.L,2026-09-29,428.0
VOF.L,2026-09-30,431.5
VOF.L,2026-10-01,425.0
VOF.L,2026-10-02,425.2756
VOW.DE,2026-09-28,71.1
VOW.DE,2026-09-29,71.25
VOW.DE,2026-09-30,70.6
VOW.DE,2026-10-01,68.25
VOW.DE,2026-10-02,68.4
VOW3.DE,2026-09-28,70.88
VOW3.DE,2026-09-29,71.04
VOW3.DE,2026-09-30,70.46
VOW3.DE,2026-10-01,68.02
VOW3.DE,2026-10-02,67.94
VRSK,2026-09-25,169.21
VRSK,2026-09-28,167.77
VRSK,2026-09-29,165.94
VRSK,2026-09-30,167.85
VRSK,2026-10-01,168.38
VRSN,2026-09-25,287.25
VRSN,2026-09-28,282.07
VRSN,2026-09-29,279.84
VRSN,2026-09-30,282.01
VRSN,2026-10-01,286.9
VRT,2026-09-25,253.28
VRT,2026-09-28,244.04
VRT,2026-09-29,248.34
VRT,2026-09-30,241.31
VRT,2026-10-01,246.12
VRTX,2026-09-25,526.19
VRTX,2026-09-28,527.67
VRTX,2026-09-29,526.73
VRTX,2026-09-30,522.81
VRTX,2026-10-01,506.74
VST,2026-09-25,138.46
VST,2026-09-28,138.02
VST,2026-09-29,140.83
VST,2026-09-30,138.35
VST,2026-10-01,139.75
VSVS.L,2026-09-28,374.4
VSVS.L,2026-09-29,467.0
VSVS.L,2026-09-30,472.8
VSVS.L,2026-10-01,456.8
VSVS.L,2026-10-02,459.2
VTR,2026-09-25,86.59
VTR,2026-09-28,87.04
VTR,2026-09-29,86.91
VTR,2026-09-30,85.02
VTR,2026-10-01,83.73
VTRS,2026-09-25,17.83
VTRS,2026-09-28,18.27
VTRS,2026-09-29,18.12
VTRS,2026-09-30,17.72
VTRS,2026-10-01,17.46
VTY.L,2026-09-28,286.6
VTY.L,2026-09-29,264.2
VTY.L,2026-09-30,257.8
VTY.L,2026-10-01,250.0
VTY.L,2026-10-02,251.6
VZ,2026-09-25,47.08
VZ,2026-09-28,46.68
VZ,2026-09-29,45.98
VZ,2026-09-30,45.87
VZ,2026-10-01,45.98
WAB,2026-09-25,288.0
WAB,2026-09-28,292.37
WAB,2026-09-29,291.23
WAB,2026-09-30,287.18
WAB,2026-10-01,287.84
WAT,2026-09-25,433.54
WAT,2026-09-28,442.94
WAT,2026-09-29,443.26
WAT,2026-09-30,439.39
WAT,2026-10-01,425.53
WBD,2026-09-25,30.86
WBD,2026-09-28,30.9
WBD,2026-09-29,30.85
WBD,2026-09-30,30.95
WBD,2026-10-01,30.95
WDAY,2026-09-25,189.45
WDAY,2026-09-28,188.6
WDAY,2026-09-29,189.17
WDAY,2026-09-30,190.46
WDAY,2026-10-01,186.75
WDC,2026-09-25,456.81
WDC,2026-09-28,453.23
WDC,2026-09-29,453.48
WDC,2026-09-30,454.46
WDC,2026-10-01,462.56
WEC,2026-09-25,101.45
WEC,2026-09-28,101.45
WEC,2026-09-29,102.58
WEC,2026-09-30,100.78
WEC,2026-10-01,101.73
WEIR.L,2026-09-28,2634.0
WEIR.L,2026-09-29,2712.0
WEIR.L,2026-09-30,2702.0
WEIR.L,2026-10-01,2574.0
WEIR.L,2026-10-02,2606.0
WELL,2026-09-25,231.37
WELL,2026-09-28,232.96
WELL,2026-09-29,232.9
WELL,2026-09-30,230.24
WELL,2026-10-01,226.94
WFC,2026-09-25,82.97
WFC,2026-09-28,80.81
WFC,2026-09-29,80.48
WFC,2026-09-30,80.05
WFC,2026-10-01,80.25
WIX.L,2026-09-28,205.5
WIX.L,2026-09-29,207.0
WIX.L,2026-09-30,207.5
WIX.L,2026-10-01,199.2
WIX.L,2026-10-02,199.2
WIZZ.L,2026-09-28,1039.0
WIZZ.L,2026-09-29,1061.0
WIZZ.L,2026-09-30,1053.0
WIZZ.L,2026-10-01,1030.0
WIZZ.L,2026-10-02,1040.0
WKL.AS,2026-09-28,67.48
WKL.AS,2026-09-29,68.0
WKL.AS,2026-09-30,67.72
WKL.AS,2026-10-01,68.64
WKL.AS,2026-10-02,68.6
WKP.L,2026-09-28,363.0
WKP.L,2026-09-29,368.6
WKP.L,2026-09-30,374.0
WKP.L,2026-10-01,358.0
WKP.L,2026-10-02,360.2
WM,2026-09-25,206.83
WM,2026-09-28,206.44
WM,2026-09-29,207.09
WM,2026-09-30,203.92
WM,2026-10-01,201.9
WMB,2026-09-25,69.26
WMB,2026-09-28,68.98
WMB,2026-09-29,68.63
WMB,2026-09-30,67.97
WMB,2026-10-01,69.22
WMT,2026-09-25,107.98
WMT,2026-09-28,108.73
WMT,2026-09-29,106.8
WMT,2026-09-30,103.92
WMT,2026-10-01,104.26
WOSG.L,2026-09-28,682.0
WOSG.L,2026-09-29,683.5
WOSG.L,2026-09-30,699.5
WOSG.L,2026-10-01,687.0
WOSG.L,2026-10-02,678.5
WPP.L,2026-09-28,385.8
WPP.L,2026-09-29,383.6
WPP.L,2026-09-30,376.1
WPP.L,2026-10-01,382.9
WPP.L,2026-10-02,381.9
WRB,2026-09-25,66.82
WRB,2026-09-28,67.66
WRB,2026-09-29,68.22
WRB,2026-09-30,67.54
WRB,2026-10-01,68.9
WSM,2026-09-25,231.9
WSM,2026-09-28,231.03
WSM,2026-09-29,229.96
WSM,2026-09-30,227.94
WSM,2026-10-01,233.39
WST,2026-09-25,370.44
WST,2026-09-28,375.65
WST,2026-09-29,376.63
WST,2026-09-30,370.76
WST,2026-10-01,365.01
WTB.L,2026-09-28,2367.0
WTB.L,2026-09-29,2391.0
WTB.L,2026-09-30,2386.0
WTB.L,2026-10-01,2388.0
WTB.L,2026-10-02,2389.0
WTW,2026-09-25,293.99
WTW,2026-09-28,292.11
WTW,2026-09-29,288.57
WTW,2026-09-30,288.23
WTW,2026-10-01,291.6
WWH.L,2026-09-28,382.5
WWH.L,2026-09-29,381.0
WWH.L,2026-09-30,381.5
WWH.L,2026-10-01,374.5
WWH.L,2026-10-02,372.608
WY,2026-09-25,20.01
WY,2026-09-28,19.72
WY,2026-09-29,19.55
WY,2026-09-30,19.05
WY,2026-10-01,18.59
WYNN,2026-09-25,81.12
WYNN,2026-09-28,80.52
WYNN,2026-09-29,78.23
WYNN,2026-09-30,79.43
WYNN,2026-10-01,77.3
XEL,2026-09-25,69.8
XEL,2026-09-28,69.39
XEL,2026-09-29,70.69
XEL,2026-09-30,70.48
XEL,2026-10-01,70.55
XOM,2026-09-25,160.59
XOM,2026-09-28,162.52
XOM,2026-09-29,161.35
XOM,2026-09-30,162.75
XOM,2026-10-01,163.82
XPP.L,2026-09-28,2010.0
XPP.L,2026-09-29,2035.0
XPP.L,2026-09-30,2050.0
XPP.L,2026-10-01,2020.0
XPP.L,2026-10-02,2022.5
XPS.L,2026-09-28,298.0
XPS.L,2026-09-29,301.5
XPS.L,2026-09-30,303.5
XPS.L,2026-10-01,295.5
XPS.L,2026-10-02,294.7009
XYL,2026-09-25,102.63
XYL,2026-09-28,100.91
XYL,2026-09-29,100.93
XYL,2026-09-30,101.27
XYL,2026-10-01,100.88
XYZ,2026-09-25,76.42
XYZ,2026-09-28,73.31
XYZ,2026-09-29,74.05
XYZ,2026-09-30,73.53
XYZ,2026-10-01,74.04
YUM,2026-09-25,138.63
YUM,2026-09-28,138.28
YUM,2026-09-29,137.73
YUM,2026-09-30,136.34
YUM,2026-10-01,136.69
ZAL.DE,2026-09-28,21.8
ZAL.DE,2026-09-29,21.87
ZAL.DE,2026-09-30,22.7
ZAL.DE,2026-10-01,22.22
ZAL.DE,2026-10-02,22.26
ZBH,2026-09-25,91.04
ZBH,2026-09-28,91.62
ZBH,2026-09-29,91.34
ZBH,2026-09-30,88.83
ZBH,2026-10-01,88.06
ZBRA,2026-09-25,370.04
ZBRA,2026-09-28,371.87
ZBRA,2026-09-29,375.97
ZBRA,2026-09-30,373.31
ZBRA,2026-10-01,375.45
ZIG.L,2026-09-28,433.0
ZIG.L,2026-09-29,467.5
ZIG.L,2026-09-30,472.5
ZIG.L,2026-10-01,453.5
ZIG.L,2026-10-02,450.0
ZTS,2026-09-25,71.05
ZTS,2026-09-28,71.43
ZTS,2026-09-29,70.3
ZTS,2026-09-30,69.83
ZTS,2026-10-01,69.1
^FCHI,2026-09-28,8078.48
^FCHI,2026-09-29,8035.8701
^FCHI,2026-09-30,7964.5098
^FCHI,2026-10-01,7835.3101
^FCHI,2026-10-02,7889.2402
^FTMC,2026-09-28,24335.3008
^FTMC,2026-09-29,24374.8008
^FTMC,2026-09-30,24540.0
^FTMC,2026-10-01,24143.1992
^FTMC,2026-10-02,24242.2695
^FTSE,2026-09-28,10684.9004
^FTSE,2026-09-29,10636.7002
^FTSE,2026-09-30,10606.0
^FTSE,2026-10-01,10428.2998
^FTSE,2026-10-02,10461.1201
^GDAXI,2026-09-28,25374.4199
^GDAXI,2026-09-29,25399.2109
^GDAXI,2026-09-30,25199.1895
^GDAXI,2026-10-01,24939.3496
^GDAXI,2026-10-02,25214.8906
^STOXX50E,2026-09-28,6301.2798
^STOXX50E,2026-09-29,6320.2598
^STOXX50E,2026-09-30,6269.02
^STOXX50E,2026-10-01,6175.4502
^STOXX50E,2026-10-02,6233.3301
