ticker,date,close
3IN.L,2026-10-05,387.0
3IN.L,2026-10-06,386.5
3IN.L,2026-10-07,384.0
3IN.L,2026-10-08,385.0
3IN.L,2026-10-09,387.8036
A,2026-10-02,167.78
A,2026-10-05,171.29
A,2026-10-06,169.33
A,2026-10-07,169.09
A,2026-10-08,168.17
A2A.MI,2026-10-05,2.224
A2A.MI,2026-10-06,2.249
A2A.MI,2026-10-07,2.244
A2A.MI,2026-10-08,2.27
A2A.MI,2026-10-09,2.279
AAF.L,2026-10-05,310.4
AAF.L,2026-10-06,310.6
AAF.L,2026-10-07,312.8
AAF.L,2026-10-08,309.6
AAF.L,2026-10-09,289.0
AAL.L,2026-10-05,4180.0
AAL.L,2026-10-06,4152.0
AAL.L,2026-10-07,4059.0
AAL.L,2026-10-08,4040.0
AAL.L,2026-10-09,4184.0
AAPL,2026-10-02,333.69
AAPL,2026-10-05,332.89
AAPL,2026-10-06,333.63
AAPL,2026-10-07,336.67
AAPL,2026-10-08,340.42
AAS.L,2026-10-05,474.0
AAS.L,2026-10-06,472.0
AAS.L,2026-10-07,474.0
AAS.L,2026-10-08,468.0
AAS.L,2026-10-09,470.46
ABBV,2026-10-02,262.82
ABBV,2026-10-05,265.76
ABBV,2026-10-06,266.69
ABBV,2026-10-07,271.36
ABBV,2026-10-08,272.42
ABDN.L,2026-10-05,241.6
ABDN.L,2026-10-06,237.8
ABDN.L,2026-10-07,234.4
ABDN.L,2026-10-08,237.0
ABDN.L,2026-10-09,241.7
ABF.L,2026-10-05,1811.5
ABF.L,2026-10-06,1834.0
ABF.L,2026-10-07,1827.0
ABF.L,2026-10-08,1834.0
ABF.L,2026-10-09,1846.5
ABI.BR,2026-10-05,65.9
ABI.BR,2026-10-06,67.56
ABI.BR,2026-10-07,67.34
ABI.BR,2026-10-08,68.44
ABI.BR,2026-10-09,68.46
ABNB,2026-10-02,162.43
ABNB,2026-10-05,164.07
ABNB,2026-10-06,160.39
ABNB,2026-10-07,160.63
ABNB,2026-10-08,163.23
ABT,2026-10-02,97.5
ABT,2026-10-05,100.1
ABT,2026-10-06,98.16
ABT,2026-10-07,98.73
ABT,2026-10-08,98.49
AC.PA,2026-10-05,43.7
AC.PA,2026-10-06,44.86
AC.PA,2026-10-07,44.59
AC.PA,2026-10-08,44.79
AC.PA,2026-10-09,45.1
ACA.PA,2026-10-05,16.93
ACA.PA,2026-10-06,17.115
ACA.PA,2026-10-07,16.525
ACA.PA,2026-10-08,16.215
ACA.PA,2026-10-09,16.34
ACGL,2026-10-02,93.6
ACGL,2026-10-05,94.36
ACGL,2026-10-06,94.82
ACGL,2026-10-07,94.33
ACGL,2026-10-08,96.08
ACN,2026-10-02,198.9
ACN,2026-10-05,195.05
ACN,2026-10-06,193.4
ACN,2026-10-07,196.64
ACN,2026-10-08,208.36
AD.AS,2026-10-05,31.46
AD.AS,2026-10-06,31.57
AD.AS,2026-10-07,31.9
AD.AS,2026-10-08,32.13
AD.AS,2026-10-09,32.38
ADBE,2026-10-02,237.69
ADBE,2026-10-05,238.79
ADBE,2026-10-06,238.12
ADBE,2026-10-07,232.77
ADBE,2026-10-08,241.05
ADI,2026-10-02,417.15
ADI,2026-10-05,419.1
ADI,2026-10-06,420.55
ADI,2026-10-07,410.08
ADI,2026-10-08,405.93
ADM,2026-10-02,80.45
ADM,2026-10-05,82.47
ADM,2026-10-06,82.21
ADM,2026-10-07,81.34
ADM,2026-10-08,82.45
ADM.L,2026-10-05,3574.0
ADM.L,2026-10-06,3650.0
ADM.L,2026-10-07,3634.0
ADM.L,2026-10-08,3624.0
ADM.L,2026-10-09,3636.0
ADP,2026-10-02,257.68
ADP,2026-10-05,260.26
ADP,2026-10-06,262.36
ADP,2026-10-07,264.0
ADP,2026-10-08,270.73
ADS.DE,2026-10-05,142.3
ADS.DE,2026-10-06,145.15
ADS.DE,2026-10-07,146.75
ADS.DE,2026-10-08,146.5
ADS.DE,2026-10-09,149.85
ADSK,2026-10-02,212.0
ADSK,2026-10-05,221.56
ADSK,2026-10-06,231.28
ADSK,2026-10-07,235.05
ADSK,2026-10-08,233.6
ADYEN.AS,2026-10-05,862.5
ADYEN.AS,2026-10-06,867.0
ADYEN.AS,2026-10-07,867.2
ADYEN.AS,2026-10-08,861.6
ADYEN.AS,2026-10-09,875.3
AEE,2026-10-02,99.94
AEE,2026-10-05,99.7
AEE,2026-10-06,101.68
AEE,2026-10-07,101.32
AEE,2026-10-08,101.84
AEP,2026-10-02,119.57
AEP,2026-10-05,119.73
AEP,2026-10-06,121.67
AEP,2026-10-07,122.08
AEP,2026-10-08,122.32
AEP.L,2026-10-05,193.2
AEP.L,2026-10-06,196.0
AEP.L,2026-10-07,195.4
AEP.L,2026-10-08,196.8
AEP.L,2026-10-09,194.4
AES,2026-10-02,14.91
AES,2026-10-05,14.9
AES,2026-10-06,14.93
AES,2026-10-07,14.93
AES,2026-10-08,14.93
AFL,2026-10-02,111.54
AFL,2026-10-05,112.38
AFL,2026-10-06,113.63
AFL,2026-10-07,112.74
AFL,2026-10-08,114.94
AGT.L,2026-10-05,256.5
AGT.L,2026-10-06,256.5
AGT.L,2026-10-07,255.0
AGT.L,2026-10-08,252.5
AGT.L,2026-10-09,254.156
AI.PA,2026-10-05,170.76
AI.PA,2026-10-06,169.1
AI.PA,2026-10-07,168.62
AI.PA,2026-10-08,167.94
AI.PA,2026-10-09,169.64
AIE.L,2026-10-05,243.0
AIE.L,2026-10-06,245.5
AIE.L,2026-10-07,246.0
AIE.L,2026-10-08,240.5
AIE.L,2026-10-09,242.98
AIG,2026-10-02,74.93
AIG,2026-10-05,75.12
AIG,2026-10-06,75.11
AIG,2026-10-07,75.66
AIG,2026-10-08,77.05
AIR.PA,2026-10-05,189.08
AIR.PA,2026-10-06,188.0
AIR.PA,2026-10-07,187.44
AIR.PA,2026-10-08,187.26
AIR.PA,2026-10-09,187.46
AIZ,2026-10-02,267.32
AIZ,2026-10-05,266.41
AIZ,2026-10-06,270.96
AIZ,2026-10-07,266.73
AIZ,2026-10-08,272.86
AJB.L,2026-10-05,587.0
AJB.L,2026-10-06,577.5
AJB.L,2026-10-07,571.0
AJB.L,2026-10-08,579.5
AJB.L,2026-10-09,592.371
AJG,2026-10-02,226.11
AJG,2026-10-05,227.24
AJG,2026-10-06,229.85
AJG,2026-10-07,227.1
AJG,2026-10-08,234.05
AKAM,2026-10-02,108.92
AKAM,2026-10-05,107.99
AKAM,2026-10-06,108.62
AKAM,2026-10-07,104.61
AKAM,2026-10-08,100.9
ALB,2026-10-02,104.59
ALB,2026-10-05,104.37
ALB,2026-10-06,106.35
ALB,2026-10-07,102.75
ALB,2026-10-08,102.1
ALFA.L,2026-10-05,156.4
ALFA.L,2026-10-06,158.8
ALFA.L,2026-10-07,158.0
ALFA.L,2026-10-08,157.0
ALFA.L,2026-10-09,161.8702
ALGN,2026-10-02,143.74
ALGN,2026-10-05,140.65
ALGN,2026-10-06,141.45
ALGN,2026-10-07,139.87
ALGN,2026-10-08,141.03
ALL,2026-10-02,223.74
ALL,2026-10-05,224.71
ALL,2026-10-06,224.27
ALL,2026-10-07,223.95
ALL,2026-10-08,230.63
ALLE,2026-10-02,154.21
ALLE,2026-10-05,153.67
ALLE,2026-10-06,155.2
ALLE,2026-10-07,147.91
ALLE,2026-10-08,149.99
ALV.DE,2026-10-05,419.2
ALV.DE,2026-10-06,420.7
ALV.DE,2026-10-07,417.3
ALV.DE,2026-10-08,413.4
ALV.DE,2026-10-09,419.2
ALW.L,2026-10-05,1398.0
ALW.L,2026-10-06,1406.0
ALW.L,2026-10-07,1402.0
ALW.L,2026-10-08,1397.0
ALW.L,2026-10-09,1408.0
AMAT,2026-10-02,540.04
AMAT,2026-10-05,542.28
AMAT,2026-10-06,530.27
AMAT,2026-10-07,520.65
AMAT,2026-10-08,509.57
AMCR,2026-10-02,41.86
AMCR,2026-10-05,41.8
AMCR,2026-10-06,41.77
AMCR,2026-10-07,41.26
AMCR,2026-10-08,41.88
AMD,2026-10-02,633.91
AMD,2026-10-05,631.75
AMD,2026-10-06,649.42
AMD,2026-10-07,645.86
AMD,2026-10-08,620.68
AME,2026-10-02,251.93
AME,2026-10-05,251.92
AME,2026-10-06,253.72
AME,2026-10-07,248.62
AME,2026-10-08,247.52
AMGN,2026-10-02,403.04
AMGN,2026-10-05,402.98
AMGN,2026-10-06,402.6
AMGN,2026-10-07,413.08
AMGN,2026-10-08,407.44
AMP,2026-10-02,490.91
AMP,2026-10-05,494.94
AMP,2026-10-06,496.61
AMP,2026-10-07,490.56
AMP,2026-10-08,499.08
AMP.MI,2026-10-05,12.085
AMP.MI,2026-10-06,12.195
AMP.MI,2026-10-07,12.11
AMP.MI,2026-10-08,12.04
AMP.MI,2026-10-09,12.3
AMT,2026-10-02,162.2
AMT,2026-10-05,162.26
AMT,2026-10-06,164.78
AMT,2026-10-07,166.18
AMT,2026-10-08,166.73
AMZN,2026-10-02,251.52
AMZN,2026-10-05,251.4
AMZN,2026-10-06,256.29
AMZN,2026-10-07,259.92
AMZN,2026-10-08,254.06
ANET,2026-10-02,207.35
ANET,2026-10-05,206.9
ANET,2026-10-06,215.36
ANET,2026-10-07,215.83
ANET,2026-10-08,210.97
ANTO.L,2026-10-05,3838.0
ANTO.L,2026-10-06,3829.0
ANTO.L,2026-10-07,3692.0
ANTO.L,2026-10-08,3605.0
ANTO.L,2026-10-09,3777.0
AO.L,2026-10-05,88.6
AO.L,2026-10-06,89.0
AO.L,2026-10-07,89.5
AO.L,2026-10-08,89.3
AO.L,2026-10-09,90.4
AON,2026-10-02,269.45
AON,2026-10-05,272.05
AON,2026-10-06,273.99
AON,2026-10-07,270.47
AON,2026-10-08,277.12
AOS,2026-10-02,56.75
AOS,2026-10-05,56.97
AOS,2026-10-06,56.9
AOS,2026-10-07,55.34
AOS,2026-10-08,56.56
APA,2026-10-02,43.68
APA,2026-10-05,43.85
APA,2026-10-06,44.1
APA,2026-10-07,43.81
APA,2026-10-08,45.47
APD,2026-10-02,277.57
APD,2026-10-05,279.45
APD,2026-10-06,281.0
APD,2026-10-07,278.12
APD,2026-10-08,278.38
APH,2026-10-02,86.96
APH,2026-10-05,87.27
APH,2026-10-06,88.62
APH,2026-10-07,87.55
APH,2026-10-08,85.32
APN.L,2026-10-05,264.5
APN.L,2026-10-06,269.5
APN.L,2026-10-07,268.0
APN.L,2026-10-08,269.5
APN.L,2026-10-09,273.2203
APO,2026-10-02,114.02
APO,2026-10-05,115.35
APO,2026-10-06,115.95
APO,2026-10-07,115.55
APO,2026-10-08,115.3
APP,2026-10-02,268.22
APP,2026-10-05,281.97
APP,2026-10-06,278.78
APP,2026-10-07,281.29
APP,2026-10-08,280.12
APTV,2026-10-02,43.54
APTV,2026-10-05,43.89
APTV,2026-10-06,44.72
APTV,2026-10-07,44.22
APTV,2026-10-08,44.21
ARE,2026-10-02,47.37
ARE,2026-10-05,45.88
ARE,2026-10-06,45.92
ARE,2026-10-07,45.21
ARE,2026-10-08,45.6
ARES,2026-10-02,117.55
ARES,2026-10-05,117.13
ARES,2026-10-06,117.74
ARES,2026-10-07,115.75
ARES,2026-10-08,116.26
ARGX,2026-10-02,919.21
ARGX,2026-10-05,912.87
ARGX,2026-10-06,930.52
ARGX,2026-10-07,928.44
ARGX,2026-10-08,818.63
ARGX.BR,2026-10-05,812.4
ARGX.BR,2026-10-06,834.8
ARGX.BR,2026-10-07,838.6
ARGX.BR,2026-10-08,705.6
ARGX.BR,2026-10-09,730.8
ASHM.L,2026-10-05,214.0
ASHM.L,2026-10-06,216.6
ASHM.L,2026-10-07,221.8
ASHM.L,2026-10-08,216.8
ASHM.L,2026-10-09,219.2
ASL.L,2026-10-05,1792.0
ASL.L,2026-10-06,1806.0
ASL.L,2026-10-07,1802.0
ASL.L,2026-10-08,1794.0
ASL.L,2026-10-09,1834.0
ASML,2026-10-02,1867.3101
ASML,2026-10-05,1859.86
ASML,2026-10-06,1834.1
ASML,2026-10-07,1804.96
ASML,2026-10-08,1769.79
ASML.AS,2026-10-05,1656.2
ASML.AS,2026-10-06,1636.4
ASML.AS,2026-10-07,1610.2
ASML.AS,2026-10-08,1630.6
ASML.AS,2026-10-09,1627.8
ATG.L,2026-10-05,458.2
ATG.L,2026-10-06,465.8
ATG.L,2026-10-07,463.2
ATG.L,2026-10-08,467.6
ATG.L,2026-10-09,477.2
ATO,2026-10-02,157.17
ATO,2026-10-05,158.05
ATO,2026-10-06,159.74
ATO,2026-10-07,159.21
ATO,2026-10-08,160.66
ATR.L,2026-10-05,725.0
ATR.L,2026-10-06,716.0
ATR.L,2026-10-07,713.0
ATR.L,2026-10-08,700.0
ATR.L,2026-10-09,707.0
ATT.L,2026-10-05,781.0
ATT.L,2026-10-06,785.0
ATT.L,2026-10-07,776.0
ATT.L,2026-10-08,774.0
ATT.L,2026-10-09,770.8533
ATYM.L,2026-10-05,1055.0
ATYM.L,2026-10-06,1032.0
ATYM.L,2026-10-07,1006.0
ATYM.L,2026-10-08,1016.0
ATYM.L,2026-10-09,1058.0
AUTO.L,2026-10-05,460.6
AUTO.L,2026-10-06,464.5
AUTO.L,2026-10-07,470.8
AUTO.L,2026-10-08,485.9
AUTO.L,2026-10-09,490.1
AV.L,2026-10-05,677.2
AV.L,2026-10-06,688.4
AV.L,2026-10-07,677.2
AV.L,2026-10-08,672.6
AV.L,2026-10-09,681.6
AVGO,2026-10-02,355.14
AVGO,2026-10-05,362.51
AVGO,2026-10-06,375.81
AVGO,2026-10-07,376.51
AVGO,2026-10-08,360.14
AVIO.MI,2026-10-05,30.14
AVIO.MI,2026-10-06,29.36
AVIO.MI,2026-10-07,28.75
AVIO.MI,2026-10-08,29.0
AVIO.MI,2026-10-09,28.87
AVON.L,2026-10-05,1886.0
AVON.L,2026-10-06,1908.0
AVON.L,2026-10-07,2190.0
AVON.L,2026-10-08,2255.0
AVON.L,2026-10-09,2290.0
AVY,2026-10-02,169.87
AVY,2026-10-05,170.0
AVY,2026-10-06,168.45
AVY,2026-10-07,166.97
AVY,2026-10-08,167.62
AWK,2026-10-02,130.25
AWK,2026-10-05,127.84
AWK,2026-10-06,128.04
AWK,2026-10-07,127.38
AWK,2026-10-08,128.18
AXON,2026-10-02,413.35
AXON,2026-10-05,411.81
AXON,2026-10-06,418.62
AXON,2026-10-07,406.0
AXON,2026-10-08,417.31
AXP,2026-10-02,302.78
AXP,2026-10-05,304.02
AXP,2026-10-06,304.55
AXP,2026-10-07,304.25
AXP,2026-10-08,308.1
AZM.MI,2026-10-05,37.6
AZM.MI,2026-10-06,37.77
AZM.MI,2026-10-07,36.75
AZM.MI,2026-10-08,36.62
AZM.MI,2026-10-09,37.37
AZN,2026-10-02,156.9
AZN,2026-10-05,156.53
AZN,2026-10-06,158.61
AZN,2026-10-07,160.12
AZN,2026-10-08,158.78
AZN.L,2026-10-05,11764.0
AZN.L,2026-10-06,11958.0
AZN.L,2026-10-07,12180.0
AZN.L,2026-10-08,11892.0
AZN.L,2026-10-09,12092.0
AZO,2026-10-02,2792.03
AZO,2026-10-05,2807.73
AZO,2026-10-06,2898.5701
AZO,2026-10-07,2846.27
AZO,2026-10-08,2910.54
BA,2026-10-02,193.56
BA,2026-10-05,192.72
BA,2026-10-06,189.82
BA,2026-10-07,188.32
BA,2026-10-08,187.75
BA.L,2026-10-05,1934.0
BA.L,2026-10-06,1855.0
BA.L,2026-10-07,1826.0
BA.L,2026-10-08,1836.5
BA.L,2026-10-09,1853.5
BAB.L,2026-10-05,925.8
BAB.L,2026-10-06,906.6
BAB.L,2026-10-07,891.0
BAB.L,2026-10-08,904.6
BAB.L,2026-10-09,913.912
BAC,2026-10-02,53.75
BAC,2026-10-05,54.0
BAC,2026-10-06,54.09
BAC,2026-10-07,53.52
BAC,2026-10-08,53.61
BAG.L,2026-10-05,547.0
BAG.L,2026-10-06,558.0
BAG.L,2026-10-07,560.0
BAG.L,2026-10-08,549.0
BAG.L,2026-10-09,559.0
BALL,2026-10-02,56.37
BALL,2026-10-05,57.11
BALL,2026-10-06,57.43
BALL,2026-10-07,57.48
BALL,2026-10-08,58.37
BAMI.MI,2026-10-05,15.27
BAMI.MI,2026-10-06,15.285
BAMI.MI,2026-10-07,14.9
BAMI.MI,2026-10-08,14.6
BAMI.MI,2026-10-09,14.78
BARC.L,2026-10-05,446.7
BARC.L,2026-10-06,447.3
BARC.L,2026-10-07,432.05
BARC.L,2026-10-08,426.15
BARC.L,2026-10-09,431.5
BAS.DE,2026-10-05,50.24
BAS.DE,2026-10-06,51.08
BAS.DE,2026-10-07,51.18
BAS.DE,2026-10-08,51.77
BAS.DE,2026-10-09,51.74
BATS.L,2026-10-05,3978.0
BATS.L,2026-10-06,3999.0
BATS.L,2026-10-07,4084.0
BATS.L,2026-10-08,4161.0
BATS.L,2026-10-09,4184.0
BAX,2026-10-02,23.49
BAX,2026-10-05,24.22
BAX,2026-10-06,24.36
BAX,2026-10-07,23.97
BAX,2026-10-08,23.9
BAYN.DE,2026-10-05,43.96
BAYN.DE,2026-10-06,44.44
BAYN.DE,2026-10-07,43.97
BAYN.DE,2026-10-08,42.59
BAYN.DE,2026-10-09,43.38
BBOX.L,2026-10-05,140.9
BBOX.L,2026-10-06,142.2
BBOX.L,2026-10-07,141.6
BBOX.L,2026-10-08,138.9
BBOX.L,2026-10-09,140.2
BBVA,2026-10-02,26.98
BBVA,2026-10-05,26.94
BBVA,2026-10-06,27.15
BBVA,2026-10-07,26.25
BBVA,2026-10-08,26.17
BBVA.MC,2026-10-05,24.0
BBVA.MC,2026-10-06,24.28
BBVA.MC,2026-10-07,23.43
BBVA.MC,2026-10-08,23.02
BBVA.MC,2026-10-09,23.41
BBY,2026-10-02,87.97
BBY,2026-10-05,87.39
BBY,2026-10-06,84.85
BBY,2026-10-07,84.59
BBY,2026-10-08,88.4
BBY.L,2026-10-05,911.0
BBY.L,2026-10-06,900.0
BBY.L,2026-10-07,874.5
BBY.L,2026-10-08,866.0
BBY.L,2026-10-09,881.5
BC.MI,2026-10-05,80.46
BC.MI,2026-10-06,80.38
BC.MI,2026-10-07,80.56
BC.MI,2026-10-08,80.1
BC.MI,2026-10-09,81.14
BCG.L,2026-10-05,2.02
BCG.L,2026-10-06,2.02
BCG.L,2026-10-07,2.16
BCG.L,2026-10-08,2.22
BCG.L,2026-10-09,2.308
BCS,2026-10-02,23.71
BCS,2026-10-05,23.59
BCS,2026-10-06,23.67
BCS,2026-10-07,23.0
BCS,2026-10-08,22.95
BDX,2026-10-02,176.8
BDX,2026-10-05,180.67
BDX,2026-10-06,180.3
BDX,2026-10-07,180.16
BDX,2026-10-08,182.75
BE,2026-10-02,289.15
BE,2026-10-05,286.65
BE,2026-10-06,295.78
BE,2026-10-07,291.29
BE,2026-10-08,272.82
BEI.DE,2026-10-05,75.74
BEI.DE,2026-10-06,76.44
BEI.DE,2026-10-07,77.2
BEI.DE,2026-10-08,77.56
BEI.DE,2026-10-09,78.82
BEN,2026-10-02,32.81
BEN,2026-10-05,32.88
BEN,2026-10-06,32.44
BEN,2026-10-07,32.48
BEN,2026-10-08,32.4
BF-B,2026-10-02,26.16
BF-B,2026-10-05,26.27
BF-B,2026-10-06,26.35
BF-B,2026-10-07,25.94
BF-B,2026-10-08,26.54
BG,2026-10-02,106.72
BG,2026-10-05,107.32
BG,2026-10-06,107.33
BG,2026-10-07,105.51
BG,2026-10-08,107.82
BGEO.L,2026-10-05,13280.0
BGEO.L,2026-10-06,13320.0
BGEO.L,2026-10-07,12830.0
BGEO.L,2026-10-08,12370.0
BGEO.L,2026-10-09,12450.0
BGFD.L,2026-10-05,1084.0
BGFD.L,2026-10-06,1088.0
BGFD.L,2026-10-07,1082.0
BGFD.L,2026-10-08,1066.0
BGFD.L,2026-10-09,1077.0
BHMG.L,2026-10-05,412.5
BHMG.L,2026-10-06,412.5
BHMG.L,2026-10-07,421.5
BHMG.L,2026-10-08,419.0
BHMG.L,2026-10-09,421.341
BIIB,2026-10-02,219.88
BIIB,2026-10-05,223.59
BIIB,2026-10-06,222.89
BIIB,2026-10-07,222.15
BIIB,2026-10-08,218.43
BKG.L,2026-10-05,3182.0
BKG.L,2026-10-06,3244.0
BKG.L,2026-10-07,3192.0
BKG.L,2026-10-08,3176.0
BKG.L,2026-10-09,3218.0
BKNG,2026-10-02,159.02
BKNG,2026-10-05,158.33
BKNG,2026-10-06,157.63
BKNG,2026-10-07,155.87
BKNG,2026-10-08,159.97
BKR,2026-10-02,56.0
BKR,2026-10-05,57.38
BKR,2026-10-06,57.13
BKR,2026-10-07,55.41
BKR,2026-10-08,56.3
BLK,2026-10-02,1059.63
BLK,2026-10-05,1066.45
BLK,2026-10-06,1079.42
BLK,2026-10-07,1069.63
BLK,2026-10-08,1065.35
BLND.L,2026-10-05,392.6
BLND.L,2026-10-06,394.6
BLND.L,2026-10-07,391.2
BLND.L,2026-10-08,384.8
BLND.L,2026-10-09,391.0
BME.L,2026-10-05,244.4
BME.L,2026-10-06,244.6
BME.L,2026-10-07,255.6
BME.L,2026-10-08,257.0
BME.L,2026-10-09,264.2
BMED.MI,2026-10-05,23.49
BMED.MI,2026-10-06,23.62
BMED.MI,2026-10-07,22.7
BMED.MI,2026-10-08,22.71
BMED.MI,2026-10-09,23.13
BMPS.MI,2026-10-05,11.368
BMPS.MI,2026-10-06,11.634
BMPS.MI,2026-10-07,11.182
BMPS.MI,2026-10-08,10.86
BMPS.MI,2026-10-09,11.004
BMW.DE,2026-10-05,54.22
BMW.DE,2026-10-06,54.64
BMW.DE,2026-10-07,53.66
BMW.DE,2026-10-08,52.18
BMW.DE,2026-10-09,53.4
BMY,2026-10-02,61.15
BMY,2026-10-05,58.81
BMY,2026-10-06,59.59
BMY,2026-10-07,59.7
BMY,2026-10-08,59.58
BMY.L,2026-10-05,639.0
BMY.L,2026-10-06,634.0
BMY.L,2026-10-07,647.0
BMY.L,2026-10-08,669.0
BMY.L,2026-10-09,678.927
BN.PA,2026-10-05,57.76
BN.PA,2026-10-06,58.82
BN.PA,2026-10-07,58.78
BN.PA,2026-10-08,59.28
BN.PA,2026-10-09,58.94
BNKR.L,2026-10-05,155.8
BNKR.L,2026-10-06,157.0
BNKR.L,2026-10-07,155.8
BNKR.L,2026-10-08,154.8
BNKR.L,2026-10-09,155.7
BNP.PA,2026-10-05,92.76
BNP.PA,2026-10-06,95.09
BNP.PA,2026-10-07,91.4
BNP.PA,2026-10-08,89.2
BNP.PA,2026-10-09,90.34
BNR.DE,2026-10-05,59.34
BNR.DE,2026-10-06,60.86
BNR.DE,2026-10-07,61.54
BNR.DE,2026-10-08,61.26
BNR.DE,2026-10-09,62.22
BNY,2026-10-02,145.4
BNY,2026-10-05,143.75
BNY,2026-10-06,143.73
BNY,2026-10-07,142.72
BNY,2026-10-08,143.61
BNZL.L,2026-10-05,2622.0
BNZL.L,2026-10-06,2668.0
BNZL.L,2026-10-07,2650.0
BNZL.L,2026-10-08,2710.0
BNZL.L,2026-10-09,2736.0
BOWL.L,2026-10-05,247.5
BOWL.L,2026-10-06,246.5
BOWL.L,2026-10-07,256.0
BOWL.L,2026-10-08,251.5
BOWL.L,2026-10-09,256.0
BOY.L,2026-10-05,910.5
BOY.L,2026-10-06,910.0
BOY.L,2026-10-07,910.5
BOY.L,2026-10-08,910.0
BOY.L,2026-10-09,911.0
BP,2026-10-02,44.79
BP,2026-10-05,44.62
BP,2026-10-06,45.01
BP,2026-10-07,44.51
BP,2026-10-08,46.36
BP.L,2026-10-05,563.2
BP.L,2026-10-06,560.9
BP.L,2026-10-07,562.0
BP.L,2026-10-08,584.8
BP.L,2026-10-09,581.0
BPCR.L,2026-10-05,0.984
BPCR.L,2026-10-06,0.978
BPCR.L,2026-10-07,0.98
BPCR.L,2026-10-08,0.966
BPCR.L,2026-10-09,0.966
BPE.MI,2026-10-05,13.816
BPE.MI,2026-10-06,14.028
BPE.MI,2026-10-07,13.51
BPE.MI,2026-10-08,13.212
BPE.MI,2026-10-09,13.426
BPT.L,2026-10-05,333.0
BPT.L,2026-10-06,346.8
BPT.L,2026-10-07,365.4
BPT.L,2026-10-08,382.6
BPT.L,2026-10-09,398.0
BR,2026-10-02,156.93
BR,2026-10-05,159.08
BR,2026-10-06,158.66
BR,2026-10-07,160.13
BR,2026-10-08,165.21
BRBY.L,2026-10-05,1003.5
BRBY.L,2026-10-06,1031.5
BRBY.L,2026-10-07,1016.0
BRBY.L,2026-10-08,1007.0
BRBY.L,2026-10-09,1027.0
BREE.L,2026-10-05,311.2
BREE.L,2026-10-06,309.0
BREE.L,2026-10-07,304.2
BREE.L,2026-10-08,296.0
BREE.L,2026-10-09,305.6
BRGE.L,2026-10-05,587.0
BRGE.L,2026-10-06,589.0
BRGE.L,2026-10-07,577.0
BRGE.L,2026-10-08,569.0
BRGE.L,2026-10-09,575.0
BRK-B,2026-10-02,502.65
BRK-B,2026-10-05,504.26
BRK-B,2026-10-06,505.54
BRK-B,2026-10-07,506.25
BRK-B,2026-10-08,511.05
BRO,2026-10-02,59.91
BRO,2026-10-05,60.93
BRO,2026-10-06,60.97
BRO,2026-10-07,61.72
BRO,2026-10-08,63.75
BRSC.L,2026-10-05,263.0
BRSC.L,2026-10-06,264.5
BRSC.L,2026-10-07,263.0
BRSC.L,2026-10-08,262.5
BRSC.L,2026-10-09,266.505
BRWM.L,2026-10-05,946.0
BRWM.L,2026-10-06,946.0
BRWM.L,2026-10-07,926.0
BRWM.L,2026-10-08,923.0
BRWM.L,2026-10-09,950.6561
BSX,2026-10-02,42.6
BSX,2026-10-05,42.4
BSX,2026-10-06,42.19
BSX,2026-10-07,41.58
BSX,2026-10-08,42.04
BT-A.L,2026-10-05,199.0
BT-A.L,2026-10-06,195.25
BT-A.L,2026-10-07,198.45
BT-A.L,2026-10-08,197.45
BT-A.L,2026-10-09,192.55
BTI,2026-10-02,52.64
BTI,2026-10-05,52.88
BTI,2026-10-06,53.01
BTI,2026-10-07,53.9
BTI,2026-10-08,55.43
BTRW.L,2026-10-05,308.9
BTRW.L,2026-10-06,309.2
BTRW.L,2026-10-07,300.1
BTRW.L,2026-10-08,291.4
BTRW.L,2026-10-09,295.3
BUD,2026-10-02,73.43
BUD,2026-10-05,74.82
BUD,2026-10-06,75.62
BUD,2026-10-07,74.62
BUD,2026-10-08,77.41
BUT.L,2026-10-05,1554.0
BUT.L,2026-10-06,1570.0
BUT.L,2026-10-07,1556.0
BUT.L,2026-10-08,1550.0
BUT.L,2026-10-09,1566.0
BVI.PA,2026-10-05,26.33
BVI.PA,2026-10-06,26.18
BVI.PA,2026-10-07,26.03
BVI.PA,2026-10-08,26.16
BVI.PA,2026-10-09,26.99
BWY.L,2026-10-05,2038.0
BWY.L,2026-10-06,2044.0
BWY.L,2026-10-07,2000.0
BWY.L,2026-10-08,1965.0
BWY.L,2026-10-09,1995.0
BX,2026-10-02,111.75
BX,2026-10-05,111.65
BX,2026-10-06,113.36
BX,2026-10-07,111.83
BX,2026-10-08,112.68
BXP,2026-10-02,60.45
BXP,2026-10-05,59.37
BXP,2026-10-06,59.79
BXP,2026-10-07,59.42
BXP,2026-10-08,59.32
BYG.L,2026-10-05,800.5
BYG.L,2026-10-06,820.0
BYG.L,2026-10-07,817.0
BYG.L,2026-10-08,795.5
BYG.L,2026-10-09,799.0
BYIT.L,2026-10-05,447.8
BYIT.L,2026-10-06,444.8
BYIT.L,2026-10-07,443.0
BYIT.L,2026-10-08,444.2
BYIT.L,2026-10-09,455.8
BZU.MI,2026-10-05,37.49
BZU.MI,2026-10-06,37.76
BZU.MI,2026-10-07,37.06
BZU.MI,2026-10-08,36.0
BZU.MI,2026-10-09,37.04
C,2026-10-02,128.5
C,2026-10-05,128.55
C,2026-10-06,128.52
C,2026-10-07,127.32
C,2026-10-08,128.08
CA.PA,2026-10-05,15.5
CA.PA,2026-10-06,15.695
CA.PA,2026-10-07,15.955
CA.PA,2026-10-08,16.15
CA.PA,2026-10-09,16.005
CAH,2026-10-02,228.3
CAH,2026-10-05,233.12
CAH,2026-10-06,233.44
CAH,2026-10-07,232.16
CAH,2026-10-08,238.96
CAP.PA,2026-10-05,108.4
CAP.PA,2026-10-06,109.95
CAP.PA,2026-10-07,110.9
CAP.PA,2026-10-08,110.85
CAP.PA,2026-10-09,115.35
CARR,2026-10-02,55.12
CARR,2026-10-05,55.73
CARR,2026-10-06,56.1
CARR,2026-10-07,55.0
CARR,2026-10-08,55.83
CASY,2026-10-02,617.76
CASY,2026-10-05,617.33
CASY,2026-10-06,620.8
CASY,2026-10-07,633.25
CASY,2026-10-08,642.28
CAT,2026-10-02,845.42
CAT,2026-10-05,848.14
CAT,2026-10-06,863.44
CAT,2026-10-07,813.83
CAT,2026-10-08,796.18
CB,2026-10-02,330.89
CB,2026-10-05,330.49
CB,2026-10-06,334.21
CB,2026-10-07,334.7
CB,2026-10-08,343.78
CBG.L,2026-10-05,395.0
CBG.L,2026-10-06,395.2
CBG.L,2026-10-07,389.6
CBG.L,2026-10-08,384.2
CBG.L,2026-10-09,384.2
CBK.DE,2026-10-05,39.4
CBK.DE,2026-10-06,40.04
CBK.DE,2026-10-07,38.56
CBK.DE,2026-10-08,37.64
CBK.DE,2026-10-09,38.14
CBOE,2026-10-02,271.26
CBOE,2026-10-05,277.47
CBOE,2026-10-06,278.2
CBOE,2026-10-07,281.57
CBOE,2026-10-08,294.08
CBRE,2026-10-02,129.58
CBRE,2026-10-05,129.4
CBRE,2026-10-06,130.66
CBRE,2026-10-07,127.56
CBRE,2026-10-08,131.08
CCC.L,2026-10-05,5420.0
CCC.L,2026-10-06,5430.0
CCC.L,2026-10-07,5450.0
CCC.L,2026-10-08,5485.0
CCC.L,2026-10-09,5600.0
CCEP.L,2026-10-05,7600.0
CCEP.L,2026-10-06,7730.0
CCEP.L,2026-10-07,7700.0
CCEP.L,2026-10-08,7785.0
CCEP.L,2026-10-09,7845.0
CCH.L,2026-10-05,4254.0
CCH.L,2026-10-06,4236.0
CCH.L,2026-10-07,4248.0
CCH.L,2026-10-08,4254.0
CCH.L,2026-10-09,4300.0
CCI,2026-10-02,66.44
CCI,2026-10-05,67.58
CCI,2026-10-06,68.28
CCI,2026-10-07,69.01
CCI,2026-10-08,68.89
CCL,2026-10-02,25.76
CCL,2026-10-05,25.56
CCL,2026-10-06,26.58
CCL,2026-10-07,26.15
CCL,2026-10-08,26.13
CDNS,2026-10-02,351.35
CDNS,2026-10-05,353.48
CDNS,2026-10-06,359.55
CDNS,2026-10-07,356.12
CDNS,2026-10-08,348.84
CDW,2026-10-02,133.29
CDW,2026-10-05,133.92
CDW,2026-10-06,135.67
CDW,2026-10-07,136.82
CDW,2026-10-08,139.88
CEG,2026-10-02,257.49
CEG,2026-10-05,267.62
CEG,2026-10-06,300.4
CEG,2026-10-07,299.59
CEG,2026-10-08,285.07
CF,2026-10-02,115.01
CF,2026-10-05,116.02
CF,2026-10-06,116.02
CF,2026-10-07,114.44
CF,2026-10-08,113.58
CFG,2026-10-02,64.33
CFG,2026-10-05,64.31
CFG,2026-10-06,64.09
CFG,2026-10-07,63.07
CFG,2026-10-08,64.09
CGT.L,2026-10-05,512.0
CGT.L,2026-10-06,516.0
CGT.L,2026-10-07,513.0
CGT.L,2026-10-08,512.0
CGT.L,2026-10-09,516.152
CHD,2026-10-02,94.31
CHD,2026-10-05,95.66
CHD,2026-10-06,96.54
CHD,2026-10-07,96.75
CHD,2026-10-08,97.73
CHG.L,2026-10-05,532.0
CHG.L,2026-10-06,508.5
CHG.L,2026-10-07,500.0
CHG.L,2026-10-08,499.0
CHG.L,2026-10-09,512.0
CHRW,2026-10-02,157.72
CHRW,2026-10-05,140.61
CHRW,2026-10-06,135.05
CHRW,2026-10-07,135.18
CHRW,2026-10-08,141.34
CHTR,2026-10-02,109.29
CHTR,2026-10-05,107.77
CHTR,2026-10-06,108.64
CHTR,2026-10-07,106.96
CHTR,2026-10-08,109.67
CI,2026-10-02,270.53
CI,2026-10-05,271.29
CI,2026-10-06,274.37
CI,2026-10-07,278.51
CI,2026-10-08,281.03
CIEN,2026-10-02,391.34
CIEN,2026-10-05,389.69
CIEN,2026-10-06,443.65
CIEN,2026-10-07,446.45
CIEN,2026-10-08,425.93
CINF,2026-10-02,161.95
CINF,2026-10-05,162.14
CINF,2026-10-06,163.08
CINF,2026-10-07,161.61
CINF,2026-10-08,165.25
CKN.L,2026-10-05,5050.0
CKN.L,2026-10-06,5160.0
CKN.L,2026-10-07,5160.0
CKN.L,2026-10-08,5265.0
CKN.L,2026-10-09,5400.0
CL,2026-10-02,84.26
CL,2026-10-05,86.19
CL,2026-10-06,87.25
CL,2026-10-07,87.21
CL,2026-10-08,88.1
CLDN.L,2026-10-05,385.0
CLDN.L,2026-10-06,388.5
CLDN.L,2026-10-07,386.0
CLDN.L,2026-10-08,382.0
CLDN.L,2026-10-09,384.0
CLX,2026-10-02,80.41
CLX,2026-10-05,82.01
CLX,2026-10-06,83.52
CLX,2026-10-07,82.21
CLX,2026-10-08,83.44
CMCSA,2026-10-02,21.57
CMCSA,2026-10-05,21.57
CMCSA,2026-10-06,21.56
CMCSA,2026-10-07,20.94
CMCSA,2026-10-08,21.21
CMCX.L,2026-10-05,674.0
CMCX.L,2026-10-06,679.0
CMCX.L,2026-10-07,662.0
CMCX.L,2026-10-08,654.0
CMCX.L,2026-10-09,677.0
CME,2026-10-02,263.14
CME,2026-10-05,270.03
CME,2026-10-06,270.18
CME,2026-10-07,270.27
CME,2026-10-08,276.44
CMG,2026-10-02,32.36
CMG,2026-10-05,30.85
CMG,2026-10-06,30.9
CMG,2026-10-07,30.77
CMG,2026-10-08,32.68
CMI,2026-10-02,528.32
CMI,2026-10-05,523.37
CMI,2026-10-06,535.31
CMI,2026-10-07,517.32
CMI,2026-10-08,520.4
CMS,2026-10-02,63.74
CMS,2026-10-05,64.03
CMS,2026-10-06,65.07
CMS,2026-10-07,65.07
CMS,2026-10-08,65.34
CNA.L,2026-10-05,148.25
CNA.L,2026-10-06,147.7
CNA.L,2026-10-07,145.8
CNA.L,2026-10-08,147.0
CNA.L,2026-10-09,147.0
CNC,2026-10-02,62.99
CNC,2026-10-05,64.3
CNC,2026-10-06,64.61
CNC,2026-10-07,64.99
CNC,2026-10-08,64.54
CNP,2026-10-02,37.79
CNP,2026-10-05,37.75
CNP,2026-10-06,38.56
CNP,2026-10-07,38.53
CNP,2026-10-08,38.42
COA.L,2026-10-05,80.8
COA.L,2026-10-06,81.1
COA.L,2026-10-07,81.0
COA.L,2026-10-08,81.7
COA.L,2026-10-09,84.15
COF,2026-10-02,194.72
COF,2026-10-05,195.14
COF,2026-10-06,195.82
COF,2026-10-07,195.91
COF,2026-10-08,199.4
COHR,2026-10-02,337.04
COHR,2026-10-05,333.64
COHR,2026-10-06,338.36
COHR,2026-10-07,334.56
COHR,2026-10-08,302.35
COIN,2026-10-02,183.0
COIN,2026-10-05,188.22
COIN,2026-10-06,185.74
COIN,2026-10-07,178.45
COIN,2026-10-08,172.0
CON.DE,2026-10-05,69.0
CON.DE,2026-10-06,70.94
CON.DE,2026-10-07,70.3
CON.DE,2026-10-08,68.1
CON.DE,2026-10-09,69.0
COO,2026-10-02,56.91
COO,2026-10-05,56.77
COO,2026-10-06,56.43
COO,2026-10-07,54.75
COO,2026-10-08,54.3
COP,2026-10-02,126.75
COP,2026-10-05,128.4
COP,2026-10-06,129.35
COP,2026-10-07,129.84
COP,2026-10-08,134.19
COR,2026-10-02,309.05
COR,2026-10-05,314.93
COR,2026-10-06,316.37
COR,2026-10-07,317.25
COR,2026-10-08,321.35
CORD.L,2026-10-05,120.5
CORD.L,2026-10-06,119.5
CORD.L,2026-10-07,117.5
CORD.L,2026-10-08,117.5
CORD.L,2026-10-09,119.0
COST,2026-10-02,920.65
COST,2026-10-05,923.52
COST,2026-10-06,935.68
COST,2026-10-07,942.25
COST,2026-10-08,947.92
COST.L,2026-10-05,254.0
COST.L,2026-10-06,253.5
COST.L,2026-10-07,243.5
COST.L,2026-10-08,240.5
COST.L,2026-10-09,244.0
CPAY,2026-10-02,394.6
CPAY,2026-10-05,401.72
CPAY,2026-10-06,406.79
CPAY,2026-10-07,402.43
CPAY,2026-10-08,402.08
CPG.L,2026-10-05,29.63
CPG.L,2026-10-06,30.0
CPG.L,2026-10-07,30.5
CPG.L,2026-10-08,30.75
CPG.L,2026-10-09,31.3
CPR.MI,2026-10-05,6.032
CPR.MI,2026-10-06,6.086
CPR.MI,2026-10-07,6.116
CPR.MI,2026-10-08,6.072
CPR.MI,2026-10-09,6.144
CPRT,2026-10-02,27.22
CPRT,2026-10-05,27.65
CPRT,2026-10-06,26.82
CPRT,2026-10-07,26.62
CPRT,2026-10-08,27.48
CPT,2026-10-02,95.96
CPT,2026-10-05,97.37
CPT,2026-10-06,97.65
CPT,2026-10-07,95.8
CPT,2026-10-08,96.76
CRDA.L,2026-10-05,3293.0
CRDA.L,2026-10-06,3347.0
CRDA.L,2026-10-07,3338.0
CRDA.L,2026-10-08,3344.0
CRDA.L,2026-10-09,3429.0
CRH,2026-10-02,81.94
CRH,2026-10-05,82.65
CRH,2026-10-06,83.6
CRH,2026-10-07,81.46
CRH,2026-10-08,81.88
CRL,2026-10-02,290.19
CRL,2026-10-05,310.77
CRL,2026-10-06,304.96
CRL,2026-10-07,300.3
CRL,2026-10-08,298.0
CRM,2026-10-02,234.69
CRM,2026-10-05,229.79
CRM,2026-10-06,224.99
CRM,2026-10-07,224.56
CRM,2026-10-08,227.8
CRWD,2026-10-02,270.04
CRWD,2026-10-05,272.67
CRWD,2026-10-06,278.86
CRWD,2026-10-07,265.44
CRWD,2026-10-08,263.01
CS.PA,2026-10-05,42.15
CS.PA,2026-10-06,42.77
CS.PA,2026-10-07,42.03
CS.PA,2026-10-08,41.42
CS.PA,2026-10-09,41.7
CSCO,2026-10-02,112.2
CSCO,2026-10-05,112.82
CSCO,2026-10-06,117.94
CSCO,2026-10-07,117.39
CSCO,2026-10-08,114.89
CSGP,2026-10-02,27.38
CSGP,2026-10-05,27.66
CSGP,2026-10-06,27.63
CSGP,2026-10-07,27.6
CSGP,2026-10-08,29.81
CSN.L,2026-10-05,334.5
CSN.L,2026-10-06,332.5
CSN.L,2026-10-07,330.0
CSN.L,2026-10-08,326.0
CSN.L,2026-10-09,323.5
CSX,2026-10-02,47.43
CSX,2026-10-05,47.43
CSX,2026-10-06,47.5
CSX,2026-10-07,46.81
CSX,2026-10-08,47.34
CTAS,2026-10-02,193.02
CTAS,2026-10-05,195.4
CTAS,2026-10-06,195.96
CTAS,2026-10-07,197.19
CTAS,2026-10-08,201.12
CTEC.L,2026-10-05,218.0
CTEC.L,2026-10-06,218.4
CTEC.L,2026-10-07,216.8
CTEC.L,2026-10-08,213.0
CTEC.L,2026-10-09,218.0
CTSH,2026-10-02,58.51
CTSH,2026-10-05,58.17
CTSH,2026-10-06,57.22
CTSH,2026-10-07,57.07
CTSH,2026-10-08,60.01
CTVA,2026-10-02,11.92
CTVA,2026-10-05,12.39
CTVA,2026-10-06,13.91
CTVA,2026-10-07,14.45
CTVA,2026-10-08,13.75
CTY.L,2026-10-05,567.0
CTY.L,2026-10-06,570.0
CTY.L,2026-10-07,567.0
CTY.L,2026-10-08,565.0
CTY.L,2026-10-09,573.0
CURY.L,2026-10-05,146.1
CURY.L,2026-10-06,144.9
CURY.L,2026-10-07,146.2
CURY.L,2026-10-08,147.7
CURY.L,2026-10-09,148.39
CVNA,2026-10-02,63.77
CVNA,2026-10-05,63.72
CVNA,2026-10-06,63.88
CVNA,2026-10-07,62.76
CVNA,2026-10-08,63.2
CVS,2026-10-02,86.46
CVS,2026-10-05,87.01
CVS,2026-10-06,86.43
CVS,2026-10-07,87.95
CVS,2026-10-08,87.8
CVSG.L,2026-10-05,1150.0
CVSG.L,2026-10-06,1170.0
CVSG.L,2026-10-07,1163.0
CVSG.L,2026-10-08,1145.0
CVSG.L,2026-10-09,1167.0
CVX,2026-10-02,206.69
CVX,2026-10-05,206.47
CVX,2026-10-06,207.58
CVX,2026-10-07,205.15
CVX,2026-10-08,211.55
CWK.L,2026-10-05,4955.0
CWK.L,2026-10-06,4980.0
CWK.L,2026-10-07,4970.0
CWK.L,2026-10-08,5030.0
CWK.L,2026-10-09,5030.0
CWR.L,2026-10-05,415.0
CWR.L,2026-10-06,411.6
CWR.L,2026-10-07,384.0
CWR.L,2026-10-08,369.0
CWR.L,2026-10-09,376.4
D,2026-10-02,61.31
D,2026-10-05,61.02
D,2026-10-06,62.0
D,2026-10-07,61.53
D,2026-10-08,61.75
DAL,2026-10-02,84.09
DAL,2026-10-05,83.08
DAL,2026-10-06,83.66
DAL,2026-10-07,82.97
DAL,2026-10-08,82.14
DASH,2026-10-02,189.15
DASH,2026-10-05,191.77
DASH,2026-10-06,193.62
DASH,2026-10-07,191.24
DASH,2026-10-08,191.71
DASTY,2026-10-02,23.19
DASTY,2026-10-05,24.09
DASTY,2026-10-06,24.12
DASTY,2026-10-07,24.19
DASTY,2026-10-08,24.5
DATA.L,2026-10-05,59.7
DATA.L,2026-10-06,59.8
DATA.L,2026-10-07,60.1
DATA.L,2026-10-08,59.0
DATA.L,2026-10-09,60.6
DB,2026-10-02,34.97
DB,2026-10-05,34.97
DB,2026-10-06,35.13
DB,2026-10-07,33.55
DB,2026-10-08,33.63
DB1.DE,2026-10-05,289.7
DB1.DE,2026-10-06,295.3
DB1.DE,2026-10-07,292.2
DB1.DE,2026-10-08,292.6
DB1.DE,2026-10-09,296.7
DBK.DE,2026-10-05,31.28
DBK.DE,2026-10-06,31.405
DBK.DE,2026-10-07,29.855
DBK.DE,2026-10-08,29.66
DBK.DE,2026-10-09,30.22
DCC.L,2026-10-05,6440.0
DCC.L,2026-10-06,6440.0
DCC.L,2026-10-07,6440.0
DCC.L,2026-10-08,6445.0
DCC.L,2026-10-09,6430.0
DD,2026-10-02,129.98
DD,2026-10-05,130.69
DD,2026-10-06,133.28
DD,2026-10-07,131.08
DD,2026-10-08,132.48
DDOG,2026-10-02,277.22
DDOG,2026-10-05,276.415
DDOG,2026-10-06,278.24
DDOG,2026-10-07,271.34
DDOG,2026-10-08,273.8
DE,2026-10-02,687.0
DE,2026-10-05,682.2
DE,2026-10-06,682.79
DE,2026-10-07,656.87
DE,2026-10-08,652.58
DECK,2026-10-02,79.12
DECK,2026-10-05,80.21
DECK,2026-10-06,81.66
DECK,2026-10-07,80.38
DECK,2026-10-08,82.56
DELL,2026-10-02,562.52
DELL,2026-10-05,552.29
DELL,2026-10-06,574.0
DELL,2026-10-07,578.96
DELL,2026-10-08,574.55
DEO,2026-10-02,84.75
DEO,2026-10-05,83.97
DEO,2026-10-06,84.78
DEO,2026-10-07,84.73
DEO,2026-10-08,86.98
DG,2026-10-02,118.94
DG,2026-10-05,119.32
DG,2026-10-06,123.27
DG,2026-10-07,122.14
DG,2026-10-08,124.27
DG.PA,2026-10-05,106.15
DG.PA,2026-10-06,109.25
DG.PA,2026-10-07,108.0
DG.PA,2026-10-08,106.95
DG.PA,2026-10-09,107.35
DGE.L,2026-10-05,1575.5
DGE.L,2026-10-06,1603.5
DGE.L,2026-10-07,1611.0
DGE.L,2026-10-08,1622.0
DGE.L,2026-10-09,1644.5
DGX,2026-10-02,233.33
DGX,2026-10-05,232.22
DGX,2026-10-06,228.39
DGX,2026-10-07,227.06
DGX,2026-10-08,230.81
DHI,2026-10-02,135.0
DHI,2026-10-05,133.23
DHI,2026-10-06,136.75
DHI,2026-10-07,133.28
DHI,2026-10-08,135.82
DHL.DE,2026-10-05,55.92
DHL.DE,2026-10-06,56.16
DHL.DE,2026-10-07,55.56
DHL.DE,2026-10-08,54.94
DHL.DE,2026-10-09,55.98
DHR,2026-10-02,214.06
DHR,2026-10-05,221.21
DHR,2026-10-06,215.61
DHR,2026-10-07,218.49
DHR,2026-10-08,217.46
DIA.MI,2026-10-05,75.92
DIA.MI,2026-10-06,76.94
DIA.MI,2026-10-07,76.62
DIA.MI,2026-10-08,75.42
DIA.MI,2026-10-09,77.02
DIS,2026-10-02,102.19
DIS,2026-10-05,103.61
DIS,2026-10-06,104.03
DIS,2026-10-07,104.75
DIS,2026-10-08,107.02
DLN.L,2026-10-05,1764.0
DLN.L,2026-10-06,1795.0
DLN.L,2026-10-07,1786.0
DLN.L,2026-10-08,1749.0
DLN.L,2026-10-09,1773.0
DLR,2026-10-02,178.55
DLR,2026-10-05,179.87
DLR,2026-10-06,184.65
DLR,2026-10-07,180.47
DLR,2026-10-08,176.07
DLTR,2026-10-02,112.16
DLTR,2026-10-05,113.19
DLTR,2026-10-06,116.19
DLTR,2026-10-07,116.3
DLTR,2026-10-08,118.62
DNLM.L,2026-10-05,775.5
DNLM.L,2026-10-06,780.5
DNLM.L,2026-10-07,788.0
DNLM.L,2026-10-08,788.0
DNLM.L,2026-10-09,807.0
DOC,2026-10-02,19.49
DOC,2026-10-05,18.84
DOC,2026-10-06,19.0
DOC,2026-10-07,18.66
DOC,2026-10-08,18.52
DOCS.L,2026-10-05,66.2
DOCS.L,2026-10-06,66.2
DOCS.L,2026-10-07,67.9
DOCS.L,2026-10-08,67.8
DOCS.L,2026-10-09,68.792
DOM.L,2026-10-05,212.4
DOM.L,2026-10-06,222.6
DOM.L,2026-10-07,226.0
DOM.L,2026-10-08,223.0
DOM.L,2026-10-09,223.6
DOV,2026-10-02,189.69
DOV,2026-10-05,191.3
DOV,2026-10-06,191.88
DOV,2026-10-07,188.29
DOV,2026-10-08,188.96
DOW,2026-10-02,27.97
DOW,2026-10-05,28.51
DOW,2026-10-06,28.16
DOW,2026-10-07,27.77
DOW,2026-10-08,28.59
DPLM.L,2026-10-05,7870.0
DPLM.L,2026-10-06,7860.0
DPLM.L,2026-10-07,7700.0
DPLM.L,2026-10-08,7750.0
DPLM.L,2026-10-09,7825.0
DPZ,2026-10-02,297.62
DPZ,2026-10-05,297.27
DPZ,2026-10-06,302.87
DPZ,2026-10-07,303.1
DPZ,2026-10-08,308.65
DRI,2026-10-02,200.33
DRI,2026-10-05,199.72
DRI,2026-10-06,203.14
DRI,2026-10-07,201.49
DRI,2026-10-08,200.52
DRX.L,2026-10-05,809.0
DRX.L,2026-10-06,780.0
DRX.L,2026-10-07,776.0
DRX.L,2026-10-08,780.5
DRX.L,2026-10-09,787.0
DSCV.L,2026-10-05,858.0
DSCV.L,2026-10-06,865.0
DSCV.L,2026-10-07,850.0
DSCV.L,2026-10-08,848.0
DSCV.L,2026-10-09,888.0
DSY.PA,2026-10-05,21.4
DSY.PA,2026-10-06,21.51
DSY.PA,2026-10-07,21.61
DSY.PA,2026-10-08,21.59
DSY.PA,2026-10-09,21.84
DTE,2026-10-02,124.45
DTE,2026-10-05,125.04
DTE,2026-10-06,128.22
DTE,2026-10-07,127.24
DTE,2026-10-08,127.1
DTE.DE,2026-10-05,26.83
DTE.DE,2026-10-06,26.41
DTE.DE,2026-10-07,26.99
DTE.DE,2026-10-08,26.83
DTE.DE,2026-10-09,24.98
DTG.DE,2026-10-05,41.08
DTG.DE,2026-10-06,40.91
DTG.DE,2026-10-07,40.68
DTG.DE,2026-10-08,40.69
DTG.DE,2026-10-09,41.34
DUK,2026-10-02,114.13
DUK,2026-10-05,113.84
DUK,2026-10-06,115.66
DUK,2026-10-07,115.5
DUK,2026-10-08,116.84
DVA,2026-10-02,178.69
DVA,2026-10-05,178.72
DVA,2026-10-06,180.4
DVA,2026-10-07,176.78
DVA,2026-10-08,177.02
DVN,2026-10-02,47.65
DVN,2026-10-05,47.98
DVN,2026-10-06,48.02
DVN,2026-10-07,47.88
DVN,2026-10-08,48.92
DXCM,2026-10-02,85.36
DXCM,2026-10-05,86.9
DXCM,2026-10-06,83.39
DXCM,2026-10-07,84.3
DXCM,2026-10-08,84.41
E,2026-10-02,54.73
E,2026-10-05,54.64
E,2026-10-06,54.55
E,2026-10-07,53.96
E,2026-10-08,55.62
EBAY,2026-10-02,106.4
EBAY,2026-10-05,107.14
EBAY,2026-10-06,107.06
EBAY,2026-10-07,107.6
EBAY,2026-10-08,111.98
ECHO,2026-10-02,94.25
ECHO,2026-10-05,98.21
ECHO,2026-10-06,100.01
ECHO,2026-10-07,97.69
ECHO,2026-10-08,93.36
ECL,2026-10-02,273.7
ECL,2026-10-05,277.07
ECL,2026-10-06,280.82
ECL,2026-10-07,278.1
ECL,2026-10-08,281.69
ED,2026-10-02,103.39
ED,2026-10-05,103.38
ED,2026-10-06,105.12
ED,2026-10-07,104.64
ED,2026-10-08,105.99
EDEN.PA,2026-10-05,27.25
EDEN.PA,2026-10-06,27.61
EDEN.PA,2026-10-07,28.13
EDEN.PA,2026-10-08,27.66
EDEN.PA,2026-10-09,28.18
EDIN.L,2026-10-05,816.0
EDIN.L,2026-10-06,823.0
EDIN.L,2026-10-07,819.0
EDIN.L,2026-10-08,819.0
EDIN.L,2026-10-09,833.8
EDV.L,2026-10-05,4250.0
EDV.L,2026-10-06,4208.0
EDV.L,2026-10-07,4104.0
EDV.L,2026-10-08,4073.0
EDV.L,2026-10-09,4202.0
EFX,2026-10-02,140.0
EFX,2026-10-05,142.6
EFX,2026-10-06,142.48
EFX,2026-10-07,142.43
EFX,2026-10-08,145.54
EG,2026-10-02,368.27
EG,2026-10-05,366.81
EG,2026-10-06,366.84
EG,2026-10-07,362.3
EG,2026-10-08,373.1
EIX,2026-10-02,53.89
EIX,2026-10-05,54.24
EIX,2026-10-06,54.25
EIX,2026-10-07,54.41
EIX,2026-10-08,54.3
EL,2026-10-02,91.97
EL,2026-10-05,93.3
EL,2026-10-06,93.36
EL,2026-10-07,94.45
EL,2026-10-08,94.32
EL.PA,2026-10-05,144.5
EL.PA,2026-10-06,146.7
EL.PA,2026-10-07,146.65
EL.PA,2026-10-08,143.0
EL.PA,2026-10-09,146.85
ELM.L,2026-10-05,179.4
ELM.L,2026-10-06,180.6
ELM.L,2026-10-07,180.2
ELM.L,2026-10-08,178.8
ELM.L,2026-10-09,183.5503
ELV,2026-10-02,386.43
ELV,2026-10-05,394.51
ELV,2026-10-06,400.09
ELV,2026-10-07,404.31
ELV,2026-10-08,400.94
EME,2026-10-02,786.61
EME,2026-10-05,779.2
EME,2026-10-06,824.52
EME,2026-10-07,784.66
EME,2026-10-08,778.24
EMG.L,2026-10-05,321.4
EMG.L,2026-10-06,335.2
EMG.L,2026-10-07,327.0
EMG.L,2026-10-08,330.6
EMG.L,2026-10-09,338.6
EMR,2026-10-02,161.61
EMR,2026-10-05,162.33
EMR,2026-10-06,161.4
EMR,2026-10-07,159.22
EMR,2026-10-08,159.06
EN.PA,2026-10-05,40.65
EN.PA,2026-10-06,41.23
EN.PA,2026-10-07,40.73
EN.PA,2026-10-08,40.63
EN.PA,2026-10-09,40.48
ENEL.MI,2026-10-05,8.75
ENEL.MI,2026-10-06,8.836
ENEL.MI,2026-10-07,8.726
ENEL.MI,2026-10-08,8.758
ENEL.MI,2026-10-09,8.885
ENGI.PA,2026-10-05,22.87
ENGI.PA,2026-10-06,23.45
ENGI.PA,2026-10-07,22.74
ENGI.PA,2026-10-08,22.71
ENGI.PA,2026-10-09,22.88
ENI.MI,2026-10-05,24.41
ENI.MI,2026-10-06,24.135
ENI.MI,2026-10-07,24.235
ENI.MI,2026-10-08,24.88
ENI.MI,2026-10-09,24.98
ENOG.L,2026-10-05,711.5
ENOG.L,2026-10-06,696.5
ENOG.L,2026-10-07,687.0
ENOG.L,2026-10-08,699.5
ENOG.L,2026-10-09,727.5
ENR.DE,2026-10-05,145.46
ENR.DE,2026-10-06,147.44
ENR.DE,2026-10-07,143.6
ENR.DE,2026-10-08,142.5
ENR.DE,2026-10-09,145.2
ENT.L,2026-10-05,424.1
ENT.L,2026-10-06,425.7
ENT.L,2026-10-07,413.3
ENT.L,2026-10-08,423.6
ENT.L,2026-10-09,426.904
EOAN.DE,2026-10-05,16.965
EOAN.DE,2026-10-06,17.135
EOAN.DE,2026-10-07,16.89
EOAN.DE,2026-10-08,16.965
EOAN.DE,2026-10-09,17.115
EOG,2026-10-02,141.38
EOG,2026-10-05,144.08
EOG,2026-10-06,144.28
EOG,2026-10-07,144.21
EOG,2026-10-08,148.51
EQIX,2026-10-02,1025.72
EQIX,2026-10-05,1023.44
EQIX,2026-10-06,1047.36
EQIX,2026-10-07,1031.77
EQIX,2026-10-08,1011.16
EQT,2026-10-02,50.17
EQT,2026-10-05,51.12
EQT,2026-10-06,52.47
EQT,2026-10-07,52.31
EQT,2026-10-08,52.94
ERF.PA,2026-10-05,75.54
ERF.PA,2026-10-06,76.14
ERF.PA,2026-10-07,76.52
ERF.PA,2026-10-08,75.7
ERF.PA,2026-10-09,76.52
ERIE,2026-10-02,221.09
ERIE,2026-10-05,221.46
ERIE,2026-10-06,223.22
ERIE,2026-10-07,217.77
ERIE,2026-10-08,226.54
ES,2026-10-02,64.5
ES,2026-10-05,64.69
ES,2026-10-06,65.26
ES,2026-10-07,65.24
ES,2026-10-08,65.69
ESCT.L,2026-10-05,230.0
ESCT.L,2026-10-06,231.0
ESCT.L,2026-10-07,227.5
ESCT.L,2026-10-08,226.0
ESCT.L,2026-10-09,228.0
ESS,2026-10-02,268.65
ESS,2026-10-05,271.93
ESS,2026-10-06,272.49
ESS,2026-10-07,268.05
ESS,2026-10-08,268.58
ETN,2026-10-02,436.11
ETN,2026-10-05,432.6
ETN,2026-10-06,445.09
ETN,2026-10-07,431.33
ETN,2026-10-08,424.51
ETR,2026-10-02,100.91
ETR,2026-10-05,100.82
ETR,2026-10-06,103.25
ETR,2026-10-07,102.8
ETR,2026-10-08,102.49
EVRG,2026-10-02,79.17
EVRG,2026-10-05,79.09
EVRG,2026-10-06,80.35
EVRG,2026-10-07,80.3
EVRG,2026-10-08,80.52
EW,2026-10-02,85.15
EW,2026-10-05,87.23
EW,2026-10-06,86.48
EW,2026-10-07,85.78
EW,2026-10-08,84.24
EWG.L,2026-10-05,95.3
EWG.L,2026-10-06,99.3
EWG.L,2026-10-07,98.6
EWG.L,2026-10-08,99.0
EWG.L,2026-10-09,102.0
EWI.L,2026-10-05,285.0
EWI.L,2026-10-06,288.0
EWI.L,2026-10-07,282.0
EWI.L,2026-10-08,277.5
EWI.L,2026-10-09,282.0
EXC,2026-10-02,40.73
EXC,2026-10-05,40.82
EXC,2026-10-06,41.68
EXC,2026-10-07,41.49
EXC,2026-10-08,41.73
EXE,2026-10-02,85.52
EXE,2026-10-05,86.43
EXE,2026-10-06,88.23
EXE,2026-10-07,88.12
EXE,2026-10-08,88.86
EXPD,2026-10-02,192.47
EXPD,2026-10-05,194.12
EXPD,2026-10-06,191.8
EXPD,2026-10-07,190.85
EXPD,2026-10-08,193.71
EXPE,2026-10-02,265.0
EXPE,2026-10-05,260.17
EXPE,2026-10-06,260.07
EXPE,2026-10-07,258.86
EXPE,2026-10-08,270.13
EXPN.L,2026-10-05,2466.0
EXPN.L,2026-10-06,2503.0
EXPN.L,2026-10-07,2543.0
EXPN.L,2026-10-08,2574.0
EXPN.L,2026-10-09,2674.0
EXR,2026-10-02,133.25
EXR,2026-10-05,132.91
EXR,2026-10-06,133.89
EXR,2026-10-07,131.7
EXR,2026-10-08,133.12
EZJ.L,2026-10-05,677.0
EZJ.L,2026-10-06,678.2
EZJ.L,2026-10-07,679.6
EZJ.L,2026-10-08,681.0
EZJ.L,2026-10-09,682.0
F,2026-10-02,12.1
F,2026-10-05,12.15
F,2026-10-06,12.28
F,2026-10-07,12.12
F,2026-10-08,12.25
FAN.L,2026-10-05,647.0
FAN.L,2026-10-06,660.0
FAN.L,2026-10-07,652.0
FAN.L,2026-10-08,653.0
FAN.L,2026-10-09,679.5
FANG,2026-10-02,184.71
FANG,2026-10-05,184.08
FANG,2026-10-06,184.98
FANG,2026-10-07,184.38
FANG,2026-10-08,191.68
FAST,2026-10-02,50.75
FAST,2026-10-05,50.69
FAST,2026-10-06,50.81
FAST,2026-10-07,49.83
FAST,2026-10-08,50.49
FBK.MI,2026-10-05,21.58
FBK.MI,2026-10-06,21.78
FBK.MI,2026-10-07,21.24
FBK.MI,2026-10-08,21.02
FBK.MI,2026-10-09,21.36
FCH.L,2026-10-05,188.4
FCH.L,2026-10-06,187.0
FCH.L,2026-10-07,187.2
FCH.L,2026-10-08,186.0
FCH.L,2026-10-09,188.4
FCIT.L,2026-10-05,348.4
FCIT.L,2026-10-06,349.8
FCIT.L,2026-10-07,348.2
FCIT.L,2026-10-08,348.4
FCIT.L,2026-10-09,351.0
FCSS.L,2026-10-05,250.0
FCSS.L,2026-10-06,247.0
FCSS.L,2026-10-07,246.5
FCSS.L,2026-10-08,243.5
FCSS.L,2026-10-09,244.925
FCT.MI,2026-10-05,12.685
FCT.MI,2026-10-06,12.235
FCT.MI,2026-10-07,11.965
FCT.MI,2026-10-08,11.68
FCT.MI,2026-10-09,12.32
FCX,2026-10-02,72.04
FCX,2026-10-05,72.6
FCX,2026-10-06,72.56
FCX,2026-10-07,71.86
FCX,2026-10-08,71.14
FDS,2026-10-02,266.0
FDS,2026-10-05,276.44
FDS,2026-10-06,272.01
FDS,2026-10-07,272.78
FDS,2026-10-08,286.52
FDX,2026-10-02,290.36
FDX,2026-10-05,289.13
FDX,2026-10-06,289.03
FDX,2026-10-07,289.04
FDX,2026-10-08,291.73
FDXF,2026-10-02,112.89
FDXF,2026-10-05,111.58
FDXF,2026-10-06,112.1
FDXF,2026-10-07,113.48
FDXF,2026-10-08,115.65
FE,2026-10-02,43.34
FE,2026-10-05,43.64
FE,2026-10-06,44.26
FE,2026-10-07,44.58
FE,2026-10-08,44.85
FEML.L,2026-10-05,1534.0
FEML.L,2026-10-06,1542.0
FEML.L,2026-10-07,1530.0
FEML.L,2026-10-08,1504.0
FEML.L,2026-10-09,1524.0
FERG,2026-10-02,223.33
FERG,2026-10-05,222.93
FERG,2026-10-06,223.33
FERG,2026-10-07,215.06
FERG,2026-10-08,216.73
FEV.L,2026-10-05,419.5
FEV.L,2026-10-06,421.0
FEV.L,2026-10-07,415.0
FEV.L,2026-10-08,410.5
FEV.L,2026-10-09,414.75
FFIV,2026-10-02,454.04
FFIV,2026-10-05,458.53
FFIV,2026-10-06,469.79
FFIV,2026-10-07,466.65
FFIV,2026-10-08,461.66
FGEN.L,2026-10-05,86.5
FGEN.L,2026-10-06,87.0
FGEN.L,2026-10-07,87.3
FGEN.L,2026-10-08,85.3
FGEN.L,2026-10-09,85.752
FGP.L,2026-10-05,186.4
FGP.L,2026-10-06,187.6
FGP.L,2026-10-07,186.6
FGP.L,2026-10-08,187.0
FGP.L,2026-10-09,189.9
FGT.L,2026-10-05,766.0
FGT.L,2026-10-06,776.0
FGT.L,2026-10-07,780.0
FGT.L,2026-10-08,776.0
FGT.L,2026-10-09,792.1854
FICO,2026-10-02,661.25
FICO,2026-10-05,689.61
FICO,2026-10-06,695.46
FICO,2026-10-07,681.77
FICO,2026-10-08,707.43
FIS,2026-10-02,32.44
FIS,2026-10-05,33.58
FIS,2026-10-06,33.42
FIS,2026-10-07,33.82
FIS,2026-10-08,34.34
FISV,2026-10-02,44.36
FISV,2026-10-05,46.14
FISV,2026-10-06,45.48
FISV,2026-10-07,45.31
FISV,2026-10-08,45.94
FITB,2026-10-02,50.87
FITB,2026-10-05,50.8
FITB,2026-10-06,51.0
FITB,2026-10-07,50.12
FITB,2026-10-08,50.7
FIX,2026-10-02,1728.01
FIX,2026-10-05,1713.0699
FIX,2026-10-06,1817.96
FIX,2026-10-07,1741.36
FIX,2026-10-08,1706.39
FLEX,2026-10-02,116.61
FLEX,2026-10-05,116.76
FLEX,2026-10-06,121.38
FLEX,2026-10-07,119.34
FLEX,2026-10-08,114.74
FME.DE,2026-10-05,40.25
FME.DE,2026-10-06,40.17
FME.DE,2026-10-07,37.42
FME.DE,2026-10-08,36.72
FME.DE,2026-10-09,37.76
FMS,2026-10-02,22.25
FMS,2026-10-05,22.65
FMS,2026-10-06,22.42
FMS,2026-10-07,20.69
FMS,2026-10-08,20.88
FOUR.L,2026-10-05,4286.0
FOUR.L,2026-10-06,4326.0
FOUR.L,2026-10-07,4320.0
FOUR.L,2026-10-08,4362.0
FOUR.L,2026-10-09,4496.833
FOX,2026-10-02,55.89
FOX,2026-10-05,56.7
FOX,2026-10-06,55.58
FOX,2026-10-07,55.98
FOX,2026-10-08,56.97
FOXA,2026-10-02,62.28
FOXA,2026-10-05,63.33
FOXA,2026-10-06,62.08
FOXA,2026-10-07,62.7
FOXA,2026-10-08,63.57
FRAS.L,2026-10-05,809.0
FRAS.L,2026-10-06,820.0
FRAS.L,2026-10-07,849.0
FRAS.L,2026-10-08,835.0
FRAS.L,2026-10-09,853.0
FRE.DE,2026-10-05,43.865
FRE.DE,2026-10-06,43.775
FRE.DE,2026-10-07,43.285
FRE.DE,2026-10-08,41.59
FRE.DE,2026-10-09,42.655
FRES.L,2026-10-05,2742.0
FRES.L,2026-10-06,2703.0
FRES.L,2026-10-07,2688.0
FRES.L,2026-10-08,2689.0
FRES.L,2026-10-09,2792.0
FRT,2026-10-02,106.69
FRT,2026-10-05,105.97
FRT,2026-10-06,106.2
FRT,2026-10-07,105.11
FRT,2026-10-08,105.46
FSG.L,2026-10-05,444.0
FSG.L,2026-10-06,445.5
FSG.L,2026-10-07,449.0
FSG.L,2026-10-08,437.0
FSG.L,2026-10-09,443.5
FSLR,2026-10-02,174.61
FSLR,2026-10-05,176.16
FSLR,2026-10-06,179.8
FSLR,2026-10-07,180.13
FSLR,2026-10-08,178.85
FSV.L,2026-10-05,460.5
FSV.L,2026-10-06,462.5
FSV.L,2026-10-07,460.0
FSV.L,2026-10-08,459.0
FSV.L,2026-10-09,465.3579
FTNT,2026-10-02,180.95
FTNT,2026-10-05,184.13
FTNT,2026-10-06,191.27
FTNT,2026-10-07,189.28
FTNT,2026-10-08,189.1
FTSEMIB.MI,2026-10-05,50818.0
FTSEMIB.MI,2026-10-06,51261.0
FTSEMIB.MI,2026-10-07,49972.0
FTSEMIB.MI,2026-10-08,49298.0
FTSEMIB.MI,2026-10-09,49900.1406
FTV,2026-10-02,57.47
FTV,2026-10-05,57.38
FTV,2026-10-06,57.89
FTV,2026-10-07,56.52
FTV,2026-10-08,56.42
G.MI,2026-10-05,41.94
G.MI,2026-10-06,42.2
G.MI,2026-10-07,41.62
G.MI,2026-10-08,41.02
G.MI,2026-10-09,41.5
G1A.DE,2026-10-05,67.5
G1A.DE,2026-10-06,68.7
G1A.DE,2026-10-07,67.85
G1A.DE,2026-10-08,67.35
G1A.DE,2026-10-09,69.3
G24.DE,2026-10-05,67.8
G24.DE,2026-10-06,67.55
G24.DE,2026-10-07,69.15
G24.DE,2026-10-08,71.25
G24.DE,2026-10-09,71.7
GAMA.L,2026-10-05,1092.0
GAMA.L,2026-10-06,1091.0
GAMA.L,2026-10-07,1092.0
GAMA.L,2026-10-08,1092.0
GAMA.L,2026-10-09,1092.0
GAW.L,2026-10-05,16970.0
GAW.L,2026-10-06,16560.0
GAW.L,2026-10-07,16540.0
GAW.L,2026-10-08,16350.0
GAW.L,2026-10-09,16580.0
GCP.L,2026-10-05,81.6
GCP.L,2026-10-06,81.9
GCP.L,2026-10-07,81.5
GCP.L,2026-10-08,80.8
GCP.L,2026-10-09,80.5169
GD,2026-10-02,330.09
GD,2026-10-05,331.72
GD,2026-10-06,331.33
GD,2026-10-07,326.63
GD,2026-10-08,329.9
GDDY,2026-10-02,97.21
GDDY,2026-10-05,99.74
GDDY,2026-10-06,98.18
GDDY,2026-10-07,97.21
GDDY,2026-10-08,103.19
GDWN.L,2026-10-05,13900.0
GDWN.L,2026-10-06,13840.0
GDWN.L,2026-10-07,14200.0
GDWN.L,2026-10-08,14140.0
GDWN.L,2026-10-09,14300.0
GE,2026-10-02,309.56
GE,2026-10-05,306.34
GE,2026-10-06,309.39
GE,2026-10-07,303.62
GE,2026-10-08,305.62
GEHC,2026-10-02,64.29
GEHC,2026-10-05,65.74
GEHC,2026-10-06,64.77
GEHC,2026-10-07,64.67
GEHC,2026-10-08,64.22
GEN,2026-10-02,21.99
GEN,2026-10-05,22.28
GEN,2026-10-06,22.8
GEN,2026-10-07,22.39
GEN,2026-10-08,22.75
GEN.L,2026-10-05,285.4
GEN.L,2026-10-06,286.2
GEN.L,2026-10-07,279.4
GEN.L,2026-10-08,272.6
GEN.L,2026-10-09,283.528
GEV,2026-10-02,988.7
GEV,2026-10-05,990.0
GEV,2026-10-06,1029.21
GEV,2026-10-07,997.09
GEV,2026-10-08,999.35
GFRD.L,2026-10-05,693.0
GFRD.L,2026-10-06,694.0
GFRD.L,2026-10-07,685.0
GFRD.L,2026-10-08,682.0
GFRD.L,2026-10-09,686.95
GFTU.L,2026-10-05,933.5
GFTU.L,2026-10-06,941.8
GFTU.L,2026-10-07,932.9
GFTU.L,2026-10-08,921.4
GFTU.L,2026-10-09,939.9
GILD,2026-10-02,144.74
GILD,2026-10-05,144.63
GILD,2026-10-06,144.23
GILD,2026-10-07,146.85
GILD,2026-10-08,147.1
GIS,2026-10-02,32.01
GIS,2026-10-05,31.68
GIS,2026-10-06,32.18
GIS,2026-10-07,31.77
GIS,2026-10-08,32.59
GL,2026-10-02,165.68
GL,2026-10-05,165.92
GL,2026-10-06,166.28
GL,2026-10-07,163.41
GL,2026-10-08,166.08
GLE.PA,2026-10-05,65.99
GLE.PA,2026-10-06,67.31
GLE.PA,2026-10-07,63.94
GLE.PA,2026-10-08,62.5
GLE.PA,2026-10-09,63.35
GLEN.L,2026-10-05,569.3
GLEN.L,2026-10-06,573.5
GLEN.L,2026-10-07,568.9
GLEN.L,2026-10-08,568.7
GLEN.L,2026-10-09,588.83
GLW,2026-10-02,164.19
GLW,2026-10-05,159.37
GLW,2026-10-06,168.97
GLW,2026-10-07,163.25
GLW,2026-10-08,152.83
GM,2026-10-02,78.27
GM,2026-10-05,80.23
GM,2026-10-06,82.01
GM,2026-10-07,80.99
GM,2026-10-08,82.25
GNC.L,2026-10-05,244.0
GNC.L,2026-10-06,245.6
GNC.L,2026-10-07,248.6
GNC.L,2026-10-08,252.2
GNC.L,2026-10-09,256.6
GNRC,2026-10-02,216.8
GNRC,2026-10-05,215.2
GNRC,2026-10-06,223.62
GNRC,2026-10-07,221.34
GNRC,2026-10-08,224.4
GNS.L,2026-10-05,2126.0
GNS.L,2026-10-06,2114.0
GNS.L,2026-10-07,2208.0
GNS.L,2026-10-08,2222.0
GNS.L,2026-10-09,2306.0
GOOG,2026-10-02,340.35
GOOG,2026-10-05,343.83
GOOG,2026-10-06,344.59
GOOG,2026-10-07,347.37
GOOG,2026-10-08,344.86
GOOGL,2026-10-02,343.5
GOOGL,2026-10-05,346.47
GOOGL,2026-10-06,347.68
GOOGL,2026-10-07,350.5
GOOGL,2026-10-08,348.29
GPC,2026-10-02,127.24
GPC,2026-10-05,126.24
GPC,2026-10-06,127.38
GPC,2026-10-07,125.41
GPC,2026-10-08,128.17
GPE.L,2026-10-05,305.0
GPE.L,2026-10-06,308.6
GPE.L,2026-10-07,304.6
GPE.L,2026-10-08,300.8
GPE.L,2026-10-09,307.8
GPN,2026-10-02,78.38
GPN,2026-10-05,82.18
GPN,2026-10-06,81.79
GPN,2026-10-07,81.08
GPN,2026-10-08,82.77
GRG.L,2026-10-05,2016.0
GRG.L,2026-10-06,2050.0
GRG.L,2026-10-07,2078.0
GRG.L,2026-10-08,2094.0
GRG.L,2026-10-09,2136.0
GRI.L,2026-10-05,162.8
GRI.L,2026-10-06,166.1
GRI.L,2026-10-07,163.9
GRI.L,2026-10-08,159.9
GRI.L,2026-10-09,163.4
GRMN,2026-10-02,281.16
GRMN,2026-10-05,285.52
GRMN,2026-10-06,279.21
GRMN,2026-10-07,276.16
GRMN,2026-10-08,268.44
GROW.L,2026-10-05,672.5
GROW.L,2026-10-06,682.0
GROW.L,2026-10-07,678.0
GROW.L,2026-10-08,675.5
GROW.L,2026-10-09,695.5
GS,2026-10-02,902.56
GS,2026-10-05,893.46
GS,2026-10-06,897.18
GS,2026-10-07,887.21
GS,2026-10-08,882.59
GSCT.L,2026-10-05,191.6
GSCT.L,2026-10-06,192.0
GSCT.L,2026-10-07,190.2
GSCT.L,2026-10-08,189.4
GSCT.L,2026-10-09,190.0
GSK,2026-10-02,47.03
GSK,2026-10-05,46.55
GSK,2026-10-06,46.6
GSK,2026-10-07,47.02
GSK,2026-10-08,46.54
GSK.L,2026-10-05,1759.0
GSK.L,2026-10-06,1765.5
GSK.L,2026-10-07,1790.5
GSK.L,2026-10-08,1735.5
GSK.L,2026-10-09,1766.5
GWW,2026-10-02,1280.3
GWW,2026-10-05,1286.84
GWW,2026-10-06,1275.5601
GWW,2026-10-07,1263.51
GWW,2026-10-08,1268.67
HAL,2026-10-02,31.85
HAL,2026-10-05,32.78
HAL,2026-10-06,32.72
HAL,2026-10-07,31.75
HAL,2026-10-08,32.57
HANA.L,2026-10-05,335.0
HANA.L,2026-10-06,335.0
HANA.L,2026-10-07,335.0
HANA.L,2026-10-08,335.0
HANA.L,2026-10-09,338.0
HAS,2026-10-02,89.54
HAS,2026-10-05,92.38
HAS,2026-10-06,91.03
HAS,2026-10-07,90.75
HAS,2026-10-08,92.5
HAS.L,2026-10-05,62.85
HAS.L,2026-10-06,62.85
HAS.L,2026-10-07,62.0
HAS.L,2026-10-08,61.95
HAS.L,2026-10-09,64.35
HBAN,2026-10-02,15.33
HBAN,2026-10-05,15.29
HBAN,2026-10-06,15.33
HBAN,2026-10-07,15.17
HBAN,2026-10-08,15.37
HBR.L,2026-10-05,273.0
HBR.L,2026-10-06,267.6
HBR.L,2026-10-07,268.8
HBR.L,2026-10-08,278.8
HBR.L,2026-10-09,278.8
HCA,2026-10-02,426.69
HCA,2026-10-05,434.92
HCA,2026-10-06,432.2
HCA,2026-10-07,439.17
HCA,2026-10-08,445.01
HD,2026-10-02,282.85
HD,2026-10-05,281.15
HD,2026-10-06,286.69
HD,2026-10-07,285.77
HD,2026-10-08,295.47
HEI.DE,2026-10-05,145.7
HEI.DE,2026-10-06,146.95
HEI.DE,2026-10-07,141.65
HEI.DE,2026-10-08,139.8
HEI.DE,2026-10-09,144.65
HEN3.DE,2026-10-05,71.66
HEN3.DE,2026-10-06,73.32
HEN3.DE,2026-10-07,74.12
HEN3.DE,2026-10-08,73.84
HEN3.DE,2026-10-09,75.0
HER.MI,2026-10-05,3.496
HER.MI,2026-10-06,3.486
HER.MI,2026-10-07,3.43
HER.MI,2026-10-08,3.46
HER.MI,2026-10-09,3.482
HFD.L,2026-10-05,257.5
HFD.L,2026-10-06,258.5
HFD.L,2026-10-07,260.0
HFD.L,2026-10-08,258.5
HFD.L,2026-10-09,262.0
HFEL.L,2026-10-05,273.5
HFEL.L,2026-10-06,272.5
HFEL.L,2026-10-07,271.0
HFEL.L,2026-10-08,267.5
HFEL.L,2026-10-09,270.5
HFG.L,2026-10-05,695.0
HFG.L,2026-10-06,713.5
HFG.L,2026-10-07,708.0
HFG.L,2026-10-08,715.0
HFG.L,2026-10-09,723.0
HGT.L,2026-10-05,373.0
HGT.L,2026-10-06,380.5
HGT.L,2026-10-07,373.0
HGT.L,2026-10-08,365.5
HGT.L,2026-10-09,368.3957
HICL.L,2026-10-05,131.4
HICL.L,2026-10-06,131.8
HICL.L,2026-10-07,131.0
HICL.L,2026-10-08,131.0
HICL.L,2026-10-09,132.4
HIG,2026-10-02,126.05
HIG,2026-10-05,126.21
HIG,2026-10-06,126.79
HIG,2026-10-07,126.92
HIG,2026-10-08,129.48
HII,2026-10-02,268.54
HII,2026-10-05,266.48
HII,2026-10-06,263.75
HII,2026-10-07,260.67
HII,2026-10-08,265.02
HIK.L,2026-10-05,1579.0
HIK.L,2026-10-06,1620.0
HIK.L,2026-10-07,1646.0
HIK.L,2026-10-08,1607.0
HIK.L,2026-10-09,1620.0
HILS.L,2026-10-05,3295.0
HILS.L,2026-10-06,3255.0
HILS.L,2026-10-07,3100.0
HILS.L,2026-10-08,3000.0
HILS.L,2026-10-09,3100.0
HLMA.L,2026-10-05,3528.0
HLMA.L,2026-10-06,3558.0
HLMA.L,2026-10-07,3478.0
HLMA.L,2026-10-08,3500.0
HLMA.L,2026-10-09,3568.0
HLN,2026-10-02,8.8
HLN,2026-10-05,8.82
HLN,2026-10-06,8.87
HLN,2026-10-07,9.02
HLN,2026-10-08,9.26
HLN.L,2026-10-05,330.8
HLN.L,2026-10-06,334.0
HLN.L,2026-10-07,342.4
HLN.L,2026-10-08,344.3
HLN.L,2026-10-09,349.8
HLT,2026-10-02,319.36
HLT,2026-10-05,316.12
HLT,2026-10-06,322.61
HLT,2026-10-07,320.53
HLT,2026-10-08,323.29
HMSO.L,2026-10-05,330.8
HMSO.L,2026-10-06,334.4
HMSO.L,2026-10-07,327.6
HMSO.L,2026-10-08,321.8
HMSO.L,2026-10-09,326.6
HNR1.DE,2026-10-05,255.4
HNR1.DE,2026-10-06,258.8
HNR1.DE,2026-10-07,262.0
HNR1.DE,2026-10-08,262.4
HNR1.DE,2026-10-09,265.4
HO.PA,2026-10-05,226.8
HO.PA,2026-10-06,222.5
HO.PA,2026-10-07,216.4
HO.PA,2026-10-08,215.7
HO.PA,2026-10-09,216.4
HOC.L,2026-10-05,534.5
HOC.L,2026-10-06,522.5
HOC.L,2026-10-07,520.0
HOC.L,2026-10-08,510.5
HOC.L,2026-10-09,528.9005
HON,2026-10-02,213.99
HON,2026-10-05,214.14
HON,2026-10-06,212.87
HON,2026-10-07,208.11
HON,2026-10-08,206.6
HONA,2026-10-02,154.63
HONA,2026-10-05,155.74
HONA,2026-10-06,157.39
HONA,2026-10-07,153.07
HONA,2026-10-08,154.01
HOOD,2026-10-02,112.74
HOOD,2026-10-05,114.11
HOOD,2026-10-06,112.0
HOOD,2026-10-07,109.51
HOOD,2026-10-08,107.01
HPE,2026-10-02,69.33
HPE,2026-10-05,68.36
HPE,2026-10-06,70.48
HPE,2026-10-07,72.09
HPE,2026-10-08,71.0
HPQ,2026-10-02,32.12
HPQ,2026-10-05,31.47
HPQ,2026-10-06,31.73
HPQ,2026-10-07,32.24
HPQ,2026-10-08,32.44
HRI.L,2026-10-05,2995.0
HRI.L,2026-10-06,3010.0
HRI.L,2026-10-07,2970.0
HRI.L,2026-10-08,2935.0
HRI.L,2026-10-09,2945.6707
HRL,2026-10-02,20.25
HRL,2026-10-05,20.08
HRL,2026-10-06,19.88
HRL,2026-10-07,19.55
HRL,2026-10-08,19.42
HSBA.L,2026-10-05,1459.0
HSBA.L,2026-10-06,1472.2
HSBA.L,2026-10-07,1408.0
HSBA.L,2026-10-08,1380.6
HSBA.L,2026-10-09,1399.2
HSBC,2026-10-02,96.14
HSBC,2026-10-05,96.68
HSBC,2026-10-06,97.58
HSBC,2026-10-07,93.71
HSBC,2026-10-08,92.61
HSIC,2026-10-02,84.88
HSIC,2026-10-05,84.23
HSIC,2026-10-06,84.84
HSIC,2026-10-07,83.66
HSIC,2026-10-08,84.63
HSL.L,2026-10-05,951.0
HSL.L,2026-10-06,950.0
HSL.L,2026-10-07,952.0
HSL.L,2026-10-08,945.0
HSL.L,2026-10-09,961.0
HST,2026-10-02,22.56
HST,2026-10-05,22.44
HST,2026-10-06,22.48
HST,2026-10-07,22.24
HST,2026-10-08,22.54
HSX.L,2026-10-05,1851.0
HSX.L,2026-10-06,1850.0
HSX.L,2026-10-07,1834.0
HSX.L,2026-10-08,1822.0
HSX.L,2026-10-09,1847.0
HSY,2026-10-02,160.19
HSY,2026-10-05,161.01
HSY,2026-10-06,160.8
HSY,2026-10-07,160.34
HSY,2026-10-08,162.54
HTG.L,2026-10-05,394.5
HTG.L,2026-10-06,386.5
HTG.L,2026-10-07,377.5
HTG.L,2026-10-08,384.5
HTG.L,2026-10-09,388.5
HTWS.L,2026-10-05,216.2
HTWS.L,2026-10-06,216.8
HTWS.L,2026-10-07,219.4
HTWS.L,2026-10-08,216.4
HTWS.L,2026-10-09,216.4
HUBB,2026-10-02,475.52
HUBB,2026-10-05,480.65
HUBB,2026-10-06,485.41
HUBB,2026-10-07,475.41
HUBB,2026-10-08,475.4
HUM,2026-10-02,388.36
HUM,2026-10-05,404.07
HUM,2026-10-06,404.27
HUM,2026-10-07,396.51
HUM,2026-10-08,387.12
HVPE.L,2026-10-05,3285.0
HVPE.L,2026-10-06,3290.0
HVPE.L,2026-10-07,3235.0
HVPE.L,2026-10-08,3205.0
HVPE.L,2026-10-09,3255.0
HWDN.L,2026-10-05,753.0
HWDN.L,2026-10-06,759.5
HWDN.L,2026-10-07,754.5
HWDN.L,2026-10-08,748.0
HWDN.L,2026-10-09,769.0
HWG.L,2026-10-05,187.0
HWG.L,2026-10-06,187.0
HWG.L,2026-10-07,187.0
HWG.L,2026-10-08,187.0
HWG.L,2026-10-09,187.2
HWM,2026-10-02,231.27
HWM,2026-10-05,229.57
HWM,2026-10-06,231.6
HWM,2026-10-07,222.75
HWM,2026-10-08,222.56
IAD.L,2026-10-05,507.0
IAD.L,2026-10-06,502.0
IAD.L,2026-10-07,499.0
IAD.L,2026-10-08,493.0
IAD.L,2026-10-09,494.348
IAG.L,2026-10-05,434.0
IAG.L,2026-10-06,439.7
IAG.L,2026-10-07,432.8
IAG.L,2026-10-08,420.0
IAG.L,2026-10-09,424.4
IBE.MC,2026-10-05,21.0
IBE.MC,2026-10-06,20.99
IBE.MC,2026-10-07,20.93
IBE.MC,2026-10-08,21.11
IBE.MC,2026-10-09,21.41
IBKR,2026-10-02,88.3
IBKR,2026-10-05,89.05
IBKR,2026-10-06,90.58
IBKR,2026-10-07,87.74
IBKR,2026-10-08,86.47
IBM,2026-10-02,222.64
IBM,2026-10-05,221.58
IBM,2026-10-06,221.29
IBM,2026-10-07,220.51
IBM,2026-10-08,226.61
ICE,2026-10-02,150.15
ICE,2026-10-05,152.15
ICE,2026-10-06,153.49
ICE,2026-10-07,152.59
ICE,2026-10-08,155.35
ICG.L,2026-10-05,1764.0
ICG.L,2026-10-06,1767.0
ICG.L,2026-10-07,1764.0
ICG.L,2026-10-08,1735.0
ICG.L,2026-10-09,1786.0
ICGT.L,2026-10-05,1378.0
ICGT.L,2026-10-06,1372.0
ICGT.L,2026-10-07,1380.0
ICGT.L,2026-10-08,1380.0
ICGT.L,2026-10-09,1379.8948
IDXX,2026-10-02,518.39
IDXX,2026-10-05,527.07
IDXX,2026-10-06,515.41
IDXX,2026-10-07,506.67
IDXX,2026-10-08,513.14
IEX,2026-10-02,232.99
IEX,2026-10-05,235.29
IEX,2026-10-06,236.28
IEX,2026-10-07,232.91
IEX,2026-10-08,231.75
IFF,2026-10-02,82.42
IFF,2026-10-05,83.26
IFF,2026-10-06,83.92
IFF,2026-10-07,84.11
IFF,2026-10-08,84.65
IFX.DE,2026-10-05,63.47
IFX.DE,2026-10-06,64.68
IFX.DE,2026-10-07,60.95
IFX.DE,2026-10-08,58.9
IFX.DE,2026-10-09,60.2
IG.MI,2026-10-05,8.13
IG.MI,2026-10-06,8.2
IG.MI,2026-10-07,8.074
IG.MI,2026-10-08,8.15
IG.MI,2026-10-09,8.186
IGG.L,2026-10-05,986.0
IGG.L,2026-10-06,962.0
IGG.L,2026-10-07,950.0
IGG.L,2026-10-08,963.0
IGG.L,2026-10-09,975.5
IHG,2026-10-02,161.74
IHG,2026-10-05,159.51
IHG,2026-10-06,160.54
IHG,2026-10-07,159.9
IHG,2026-10-08,159.48
IHG.L,2026-10-05,159.35
IHG.L,2026-10-06,161.05
IHG.L,2026-10-07,160.15
IHG.L,2026-10-08,157.5
IHG.L,2026-10-09,159.55
IHP.L,2026-10-05,364.5
IHP.L,2026-10-06,364.5
IHP.L,2026-10-07,367.0
IHP.L,2026-10-08,370.0
IHP.L,2026-10-09,378.0
III.L,2026-10-05,2412.0
III.L,2026-10-06,2389.0
III.L,2026-10-07,2391.0
III.L,2026-10-08,2352.0
III.L,2026-10-09,2427.0
ILMN,2026-10-02,273.04
ILMN,2026-10-05,293.69
ILMN,2026-10-06,273.54
ILMN,2026-10-07,267.76
ILMN,2026-10-08,264.57
IMB.L,2026-10-05,2450.0
IMB.L,2026-10-06,2467.0
IMB.L,2026-10-07,2488.0
IMB.L,2026-10-08,2614.0
IMB.L,2026-10-09,2650.0
IMI.L,2026-10-05,3150.0
IMI.L,2026-10-06,3148.0
IMI.L,2026-10-07,3052.0
IMI.L,2026-10-08,3032.0
IMI.L,2026-10-09,3114.0
INCH.L,2026-10-05,731.5
INCH.L,2026-10-06,686.0
INCH.L,2026-10-07,644.0
INCH.L,2026-10-08,658.0
INCH.L,2026-10-09,682.0
INCY,2026-10-02,115.3
INCY,2026-10-05,114.13
INCY,2026-10-06,112.73
INCY,2026-10-07,113.44
INCY,2026-10-08,112.75
INF.L,2026-10-05,861.8
INF.L,2026-10-06,887.2
INF.L,2026-10-07,866.6
INF.L,2026-10-08,891.0
INF.L,2026-10-09,900.6
ING,2026-10-02,34.78
ING,2026-10-05,34.77
ING,2026-10-06,34.9
ING,2026-10-07,33.92
ING,2026-10-08,33.43
INGA.AS,2026-10-05,31.035
INGA.AS,2026-10-06,31.125
INGA.AS,2026-10-07,30.24
INGA.AS,2026-10-08,29.425
INGA.AS,2026-10-09,29.74
INPP.L,2026-10-05,134.8
INPP.L,2026-10-06,136.6
INPP.L,2026-10-07,135.6
INPP.L,2026-10-08,135.0
INPP.L,2026-10-09,135.8
INTC,2026-10-02,119.33
INTC,2026-10-05,116.19
INTC,2026-10-06,112.5
INTC,2026-10-07,113.12
INTC,2026-10-08,107.08
INTU,2026-10-02,281.08
INTU,2026-10-05,284.68
INTU,2026-10-06,289.81
INTU,2026-10-07,297.24
INTU,2026-10-08,303.88
INVH,2026-10-02,26.04
INVH,2026-10-05,26.06
INVH,2026-10-06,26.39
INVH,2026-10-07,25.86
INVH,2026-10-08,26.48
INVP.L,2026-10-05,604.0
INVP.L,2026-10-06,618.0
INVP.L,2026-10-07,595.0
INVP.L,2026-10-08,588.5
INVP.L,2026-10-09,595.0
INW.MI,2026-10-05,6.46
INW.MI,2026-10-06,6.69
INW.MI,2026-10-07,6.815
INW.MI,2026-10-08,6.725
INW.MI,2026-10-09,6.965
IP,2026-10-02,31.97
IP,2026-10-05,32.05
IP,2026-10-06,32.14
IP,2026-10-07,31.82
IP,2026-10-08,31.88
IPO.L,2026-10-05,70.2
IPO.L,2026-10-06,72.1
IPO.L,2026-10-07,69.6
IPO.L,2026-10-08,69.1
IPO.L,2026-10-09,70.9805
IQV,2026-10-02,258.21
IQV,2026-10-05,266.09
IQV,2026-10-06,259.98
IQV,2026-10-07,258.11
IQV,2026-10-08,258.88
IR,2026-10-02,76.07
IR,2026-10-05,78.55
IR,2026-10-06,79.21
IR,2026-10-07,77.24
IR,2026-10-08,78.0
IRM,2026-10-02,113.39
IRM,2026-10-05,112.33
IRM,2026-10-06,116.5
IRM,2026-10-07,115.75
IRM,2026-10-08,112.97
ISP.MI,2026-10-05,6.426
ISP.MI,2026-10-06,6.507
ISP.MI,2026-10-07,6.244
ISP.MI,2026-10-08,6.06
ISP.MI,2026-10-09,6.132
ISRG,2026-10-02,391.95
ISRG,2026-10-05,406.48
ISRG,2026-10-06,404.76
ISRG,2026-10-07,414.52
ISRG,2026-10-08,415.41
IT,2026-10-02,184.8
IT,2026-10-05,187.76
IT,2026-10-06,184.92
IT,2026-10-07,185.77
IT,2026-10-08,195.41
ITH.L,2026-10-05,281.4
ITH.L,2026-10-06,274.2
ITH.L,2026-10-07,274.6
ITH.L,2026-10-08,279.6
ITH.L,2026-10-09,281.2
ITRK.L,2026-10-05,5885.0
ITRK.L,2026-10-06,5885.0
ITRK.L,2026-10-07,5900.0
ITRK.L,2026-10-08,5890.0
ITRK.L,2026-10-09,5890.0
ITV.L,2026-10-05,66.4
ITV.L,2026-10-06,67.05
ITV.L,2026-10-07,65.75
ITV.L,2026-10-08,66.6
ITV.L,2026-10-09,67.25
ITW,2026-10-02,262.92
ITW,2026-10-05,264.19
ITW,2026-10-06,267.14
ITW,2026-10-07,261.15
ITW,2026-10-08,264.71
ITX.MC,2026-10-05,53.0
ITX.MC,2026-10-06,53.82
ITX.MC,2026-10-07,53.34
ITX.MC,2026-10-08,52.84
ITX.MC,2026-10-09,54.04
IVG.MI,2026-10-05,14.175
IVG.MI,2026-10-06,14.3
IVG.MI,2026-10-07,14.25
IVG.MI,2026-10-08,14.32
IVG.MI,2026-10-09,14.525
IVZ,2026-10-02,30.66
IVZ,2026-10-05,30.5
IVZ,2026-10-06,30.38
IVZ,2026-10-07,30.5
IVZ,2026-10-08,30.09
IWG.L,2026-10-05,174.5
IWG.L,2026-10-06,177.5
IWG.L,2026-10-07,178.0
IWG.L,2026-10-08,178.4
IWG.L,2026-10-09,185.2
J,2026-10-02,138.06
J,2026-10-05,138.67
J,2026-10-06,139.23
J,2026-10-07,136.35
J,2026-10-08,138.59
JAM.L,2026-10-05,1244.0
JAM.L,2026-10-06,1256.0
JAM.L,2026-10-07,1246.0
JAM.L,2026-10-08,1246.0
JAM.L,2026-10-09,1250.84
JBHT,2026-10-02,234.2
JBHT,2026-10-05,229.74
JBHT,2026-10-06,225.93
JBHT,2026-10-07,222.64
JBHT,2026-10-08,228.42
JBL,2026-10-02,304.41
JBL,2026-10-05,300.94
JBL,2026-10-06,309.19
JBL,2026-10-07,299.47
JBL,2026-10-08,299.16
JCH.L,2026-10-05,924.0
JCH.L,2026-10-06,926.0
JCH.L,2026-10-07,924.0
JCH.L,2026-10-08,924.0
JCH.L,2026-10-09,928.0
JCI,2026-10-02,156.24
JCI,2026-10-05,156.85
JCI,2026-10-06,158.76
JCI,2026-10-07,155.93
JCI,2026-10-08,154.0
JD.L,2026-10-05,79.7
JD.L,2026-10-06,80.34
JD.L,2026-10-07,83.5
JD.L,2026-10-08,84.02
JD.L,2026-10-09,84.56
JDW.L,2026-10-05,952.5
JDW.L,2026-10-06,962.5
JDW.L,2026-10-07,989.5
JDW.L,2026-10-08,1002.0
JDW.L,2026-10-09,994.0
JEDT.L,2026-10-05,608.0
JEDT.L,2026-10-06,612.0
JEDT.L,2026-10-07,603.0
JEDT.L,2026-10-08,599.0
JEDT.L,2026-10-09,610.0
JEGI.L,2026-10-05,139.2
JEGI.L,2026-10-06,140.0
JEGI.L,2026-10-07,137.8
JEGI.L,2026-10-08,135.2
JEGI.L,2026-10-09,135.592
JEMI.L,2026-10-05,218.0
JEMI.L,2026-10-06,218.0
JEMI.L,2026-10-07,216.0
JEMI.L,2026-10-08,214.0
JEMI.L,2026-10-09,216.0
JFJ.L,2026-10-05,841.0
JFJ.L,2026-10-06,848.0
JFJ.L,2026-10-07,840.0
JFJ.L,2026-10-08,830.0
JFJ.L,2026-10-09,833.0
JGGI.L,2026-10-05,614.0
JGGI.L,2026-10-06,620.0
JGGI.L,2026-10-07,613.5
JGGI.L,2026-10-08,613.0
JGGI.L,2026-10-09,616.5
JKHY,2026-10-02,142.54
JKHY,2026-10-05,145.12
JKHY,2026-10-06,144.43
JKHY,2026-10-07,145.69
JKHY,2026-10-08,149.05
JMAT.L,2026-10-05,2406.0
JMAT.L,2026-10-06,2436.0
JMAT.L,2026-10-07,2412.0
JMAT.L,2026-10-08,2446.0
JMAT.L,2026-10-09,2482.0
JMGI.L,2026-10-05,174.6
JMGI.L,2026-10-06,173.2
JMGI.L,2026-10-07,171.8
JMGI.L,2026-10-08,168.2
JMGI.L,2026-10-09,169.6
JNJ,2026-10-02,256.03
JNJ,2026-10-05,252.93
JNJ,2026-10-06,254.78
JNJ,2026-10-07,258.45
JNJ,2026-10-08,256.48
JPM,2026-10-02,332.38
JPM,2026-10-05,332.38
JPM,2026-10-06,331.28
JPM,2026-10-07,329.58
JPM,2026-10-08,331.42
JSG.L,2026-10-05,136.0
JSG.L,2026-10-06,136.3
JSG.L,2026-10-07,137.4
JSG.L,2026-10-08,135.6
JSG.L,2026-10-09,137.7
JUP.L,2026-10-05,166.4
JUP.L,2026-10-06,171.0
JUP.L,2026-10-07,171.0
JUP.L,2026-10-08,170.4
JUP.L,2026-10-09,174.2
KDP,2026-10-02,30.37
KDP,2026-10-05,30.89
KDP,2026-10-06,31.13
KDP,2026-10-07,30.54
KDP,2026-10-08,31.26
KER.PA,2026-10-05,209.25
KER.PA,2026-10-06,213.5
KER.PA,2026-10-07,212.0
KER.PA,2026-10-08,206.55
KER.PA,2026-10-09,209.95
KEY,2026-10-02,20.08
KEY,2026-10-05,20.18
KEY,2026-10-06,20.14
KEY,2026-10-07,19.83
KEY,2026-10-08,20.1
KEYS,2026-10-02,384.64
KEYS,2026-10-05,384.17
KEYS,2026-10-06,388.03
KEYS,2026-10-07,381.42
KEYS,2026-10-08,374.67
KGF.L,2026-10-05,325.2
KGF.L,2026-10-06,329.1
KGF.L,2026-10-07,329.1
KGF.L,2026-10-08,322.4
KGF.L,2026-10-09,327.7
KHC,2026-10-02,22.19
KHC,2026-10-05,21.84
KHC,2026-10-06,22.03
KHC,2026-10-07,21.98
KHC,2026-10-08,22.48
KIE.L,2026-10-05,300.0
KIE.L,2026-10-06,300.8
KIE.L,2026-10-07,292.6
KIE.L,2026-10-08,288.8
KIE.L,2026-10-09,299.8022
KIM,2026-10-02,22.24
KIM,2026-10-05,22.03
KIM,2026-10-06,22.14
KIM,2026-10-07,21.85
KIM,2026-10-08,22.09
KKR,2026-10-02,90.29
KKR,2026-10-05,89.96
KKR,2026-10-06,90.67
KKR,2026-10-07,89.67
KKR,2026-10-08,89.56
KLAC,2026-10-02,206.89
KLAC,2026-10-05,206.85
KLAC,2026-10-06,197.46
KLAC,2026-10-07,196.83
KLAC,2026-10-08,196.72
KLR.L,2026-10-05,3280.0
KLR.L,2026-10-06,3258.0
KLR.L,2026-10-07,3194.0
KLR.L,2026-10-08,3176.0
KLR.L,2026-10-09,3266.0
KMB,2026-10-02,94.36
KMB,2026-10-05,95.41
KMB,2026-10-06,96.77
KMB,2026-10-07,96.48
KMB,2026-10-08,97.74
KMI,2026-10-02,31.07
KMI,2026-10-05,31.41
KMI,2026-10-06,32.16
KMI,2026-10-07,31.82
KMI,2026-10-08,32.25
KNOS.L,2026-10-05,1204.0
KNOS.L,2026-10-06,1238.0
KNOS.L,2026-10-07,1221.0
KNOS.L,2026-10-08,1233.0
KNOS.L,2026-10-09,1247.0
KO,2026-10-02,85.65
KO,2026-10-05,86.51
KO,2026-10-06,86.17
KO,2026-10-07,85.82
KO,2026-10-08,87.77
KR,2026-10-02,59.03
KR,2026-10-05,58.78
KR,2026-10-06,58.41
KR,2026-10-07,59.25
KR,2026-10-08,61.41
KVUE,2026-10-02,17.2
KVUE,2026-10-05,17.39
KVUE,2026-10-06,17.59
KVUE,2026-10-07,17.53
KVUE,2026-10-08,17.73
L,2026-10-02,106.03
L,2026-10-05,105.67
L,2026-10-06,106.46
L,2026-10-07,105.67
L,2026-10-08,107.6
LAND.L,2026-10-05,618.5
LAND.L,2026-10-06,617.5
LAND.L,2026-10-07,612.5
LAND.L,2026-10-08,601.0
LAND.L,2026-10-09,606.5
LDO.MI,2026-10-05,48.3
LDO.MI,2026-10-06,47.22
LDO.MI,2026-10-07,46.005
LDO.MI,2026-10-08,45.8
LDO.MI,2026-10-09,46.55
LDOS,2026-10-02,117.74
LDOS,2026-10-05,119.45
LDOS,2026-10-06,116.69
LDOS,2026-10-07,113.55
LDOS,2026-10-08,119.22
LEN,2026-10-02,79.81
LEN,2026-10-05,74.44
LEN,2026-10-06,77.41
LEN,2026-10-07,76.13
LEN,2026-10-08,77.6
LGEN.L,2026-10-05,288.8
LGEN.L,2026-10-06,290.4
LGEN.L,2026-10-07,288.1
LGEN.L,2026-10-08,285.5
LGEN.L,2026-10-09,287.8
LH,2026-10-02,308.49
LH,2026-10-05,308.65
LH,2026-10-06,311.71
LH,2026-10-07,311.97
LH,2026-10-08,314.2
LHX,2026-10-02,236.6
LHX,2026-10-05,236.88
LHX,2026-10-06,237.9
LHX,2026-10-07,233.63
LHX,2026-10-08,236.92
LII,2026-10-02,356.3
LII,2026-10-05,361.15
LII,2026-10-06,365.63
LII,2026-10-07,358.43
LII,2026-10-08,361.54
LIN,2026-10-02,479.48
LIN,2026-10-05,482.38
LIN,2026-10-06,489.95
LIN,2026-10-07,483.98
LIN,2026-10-08,481.7
LITE,2026-10-02,1085.42
LITE,2026-10-05,1091.67
LITE,2026-10-06,1133.4
LITE,2026-10-07,1111.0699
LITE,2026-10-08,1048.6
LLOY.L,2026-10-05,104.0
LLOY.L,2026-10-06,105.7
LLOY.L,2026-10-07,102.3
LLOY.L,2026-10-08,100.6
LLOY.L,2026-10-09,101.6
LLY,2026-10-02,1142.85
LLY,2026-10-05,1143.12
LLY,2026-10-06,1157.49
LLY,2026-10-07,1188.72
LLY,2026-10-08,1169.6
LMP.L,2026-10-05,170.8
LMP.L,2026-10-06,173.9
LMP.L,2026-10-07,172.4
LMP.L,2026-10-08,172.0
LMP.L,2026-10-09,173.6
LMT,2026-10-02,505.41
LMT,2026-10-05,506.63
LMT,2026-10-06,510.12
LMT,2026-10-07,499.22
LMT,2026-10-08,507.89
LNT,2026-10-02,64.33
LNT,2026-10-05,64.29
LNT,2026-10-06,65.49
LNT,2026-10-07,65.21
LNT,2026-10-08,65.5
LOW,2026-10-02,180.8
LOW,2026-10-05,179.5
LOW,2026-10-06,183.67
LOW,2026-10-07,181.54
LOW,2026-10-08,188.85
LR.PA,2026-10-05,143.1
LR.PA,2026-10-06,148.4
LR.PA,2026-10-07,141.15
LR.PA,2026-10-08,138.0
LR.PA,2026-10-09,139.1
LRCX,2026-10-02,347.49
LRCX,2026-10-05,345.8
LRCX,2026-10-06,333.89
LRCX,2026-10-07,329.51
LRCX,2026-10-08,320.59
LRE.L,2026-10-05,638.5
LRE.L,2026-10-06,635.5
LRE.L,2026-10-07,641.5
LRE.L,2026-10-08,635.0
LRE.L,2026-10-09,643.3479
LSEG.L,2026-10-05,8240.0
LSEG.L,2026-10-06,8386.0
LSEG.L,2026-10-07,8316.0
LSEG.L,2026-10-08,8470.0
LSEG.L,2026-10-09,8716.0
LTMC.MI,2026-10-05,24.95
LTMC.MI,2026-10-06,24.94
LTMC.MI,2026-10-07,24.31
LTMC.MI,2026-10-08,24.41
LTMC.MI,2026-10-09,24.7
LULU,2026-10-02,94.46
LULU,2026-10-05,93.14
LULU,2026-10-06,93.61
LULU,2026-10-07,91.88
LULU,2026-10-08,92.68
LUV,2026-10-02,42.47
LUV,2026-10-05,41.85
LUV,2026-10-06,42.45
LUV,2026-10-07,41.72
LUV,2026-10-08,41.36
LVS,2026-10-02,36.23
LVS,2026-10-05,36.61
LVS,2026-10-06,36.31
LVS,2026-10-07,35.81
LVS,2026-10-08,36.1
LWDB.L,2026-10-05,1222.0
LWDB.L,2026-10-06,1232.0
LWDB.L,2026-10-07,1216.0
LWDB.L,2026-10-08,1192.0
LWDB.L,2026-10-09,1206.26
LYB,2026-10-02,58.58
LYB,2026-10-05,59.22
LYB,2026-10-06,58.93
LYB,2026-10-07,58.49
LYB,2026-10-08,60.34
LYG,2026-10-02,5.5
LYG,2026-10-05,5.46
LYG,2026-10-06,5.56
LYG,2026-10-07,5.4
LYG,2026-10-08,5.38
LYV,2026-10-02,168.77
LYV,2026-10-05,170.67
LYV,2026-10-06,171.8
LYV,2026-10-07,170.84
LYV,2026-10-08,171.34
MA,2026-10-02,552.26
MA,2026-10-05,564.59
MA,2026-10-06,566.58
MA,2026-10-07,570.06
MA,2026-10-08,574.76
MAA,2026-10-02,115.27
MAA,2026-10-05,116.47
MAA,2026-10-06,116.99
MAA,2026-10-07,114.21
MAA,2026-10-08,116.19
MAB.L,2026-10-05,294.5
MAB.L,2026-10-06,287.5
MAB.L,2026-10-07,287.5
MAB.L,2026-10-08,285.0
MAB.L,2026-10-09,285.5
MAR,2026-10-02,358.96
MAR,2026-10-05,355.89
MAR,2026-10-06,361.28
MAR,2026-10-07,356.5
MAR,2026-10-08,361.08
MAS,2026-10-02,68.36
MAS,2026-10-05,68.46
MAS,2026-10-06,69.93
MAS,2026-10-07,68.87
MAS,2026-10-08,69.5
MB.MI,2026-10-05,26.0
MB.MI,2026-10-06,26.13
MB.MI,2026-10-07,25.42
MB.MI,2026-10-08,24.79
MB.MI,2026-10-09,25.07
MBG.DE,2026-10-05,40.2
MBG.DE,2026-10-06,40.7
MBG.DE,2026-10-07,39.83
MBG.DE,2026-10-08,39.025
MBG.DE,2026-10-09,39.61
MC.PA,2026-10-05,380.9
MC.PA,2026-10-06,385.6
MC.PA,2026-10-07,388.45
MC.PA,2026-10-08,380.9
MC.PA,2026-10-09,384.05
MCD,2026-10-02,231.89
MCD,2026-10-05,233.04
MCD,2026-10-06,232.45
MCD,2026-10-07,230.88
MCD,2026-10-08,236.9
MCHP,2026-10-02,81.32
MCHP,2026-10-05,81.49
MCHP,2026-10-06,81.26
MCHP,2026-10-07,78.02
MCHP,2026-10-08,75.52
MCK,2026-10-02,902.28
MCK,2026-10-05,915.45
MCK,2026-10-06,921.67
MCK,2026-10-07,910.33
MCK,2026-10-08,930.25
MCO,2026-10-02,441.36
MCO,2026-10-05,448.15
MCO,2026-10-06,452.32
MCO,2026-10-07,449.63
MCO,2026-10-08,458.69
MDLZ,2026-10-02,58.19
MDLZ,2026-10-05,58.49
MDLZ,2026-10-06,59.62
MDLZ,2026-10-07,59.38
MDLZ,2026-10-08,60.67
MDT,2026-10-02,86.38
MDT,2026-10-05,87.97
MDT,2026-10-06,87.09
MDT,2026-10-07,85.51
MDT,2026-10-08,87.75
MEGP.L,2026-10-05,117.2
MEGP.L,2026-10-06,115.6
MEGP.L,2026-10-07,113.8
MEGP.L,2026-10-08,111.8
MEGP.L,2026-10-09,113.16
MET,2026-10-02,94.43
MET,2026-10-05,96.88
MET,2026-10-06,97.16
MET,2026-10-07,95.78
MET,2026-10-08,98.47
META,2026-10-02,728.08
META,2026-10-05,741.9
META,2026-10-06,738.88
META,2026-10-07,721.31
META,2026-10-08,720.89
MGAM.L,2026-10-05,271.0
MGAM.L,2026-10-06,276.5
MGAM.L,2026-10-07,270.0
MGAM.L,2026-10-08,265.0
MGAM.L,2026-10-09,292.0
MGM,2026-10-02,30.48
MGM,2026-10-05,30.17
MGM,2026-10-06,30.54
MGM,2026-10-07,30.0
MGM,2026-10-08,30.01
MGNS.L,2026-10-05,4172.0
MGNS.L,2026-10-06,4200.0
MGNS.L,2026-10-07,4078.0
MGNS.L,2026-10-08,4068.0
MGNS.L,2026-10-09,4132.0
MKC,2026-10-02,44.67
MKC,2026-10-05,45.54
MKC,2026-10-06,45.4
MKC,2026-10-07,45.25
MKC,2026-10-08,45.94
MKS.L,2026-10-05,376.2
MKS.L,2026-10-06,385.8
MKS.L,2026-10-07,393.8
MKS.L,2026-10-08,396.1
MKS.L,2026-10-09,403.3
ML.PA,2026-10-05,33.31
ML.PA,2026-10-06,33.7
ML.PA,2026-10-07,33.57
ML.PA,2026-10-08,33.08
ML.PA,2026-10-09,33.44
MLM,2026-10-02,482.27
MLM,2026-10-05,485.5
MLM,2026-10-06,489.01
MLM,2026-10-07,479.01
MLM,2026-10-08,481.57
MMM,2026-10-02,161.89
MMM,2026-10-05,163.19
MMM,2026-10-06,163.64
MMM,2026-10-07,162.12
MMM,2026-10-08,163.58
MNDI.L,2026-10-05,782.8
MNDI.L,2026-10-06,795.8
MNDI.L,2026-10-07,776.4
MNDI.L,2026-10-08,765.0
MNDI.L,2026-10-09,793.6
MNG.L,2026-10-05,313.6
MNG.L,2026-10-06,312.4
MNG.L,2026-10-07,308.0
MNG.L,2026-10-08,304.4
MNG.L,2026-10-09,306.2
MNKS.L,2026-10-05,1678.0
MNKS.L,2026-10-06,1682.0
MNKS.L,2026-10-07,1670.0
MNKS.L,2026-10-08,1674.0
MNKS.L,2026-10-09,1686.0
MNST,2026-10-02,42.94
MNST,2026-10-05,43.51
MNST,2026-10-06,43.25
MNST,2026-10-07,42.88
MNST,2026-10-08,43.65
MNTN.L,2026-10-05,2.2
MNTN.L,2026-10-06,2.19
MNTN.L,2026-10-07,2.2
MNTN.L,2026-10-08,2.2
MNTN.L,2026-10-09,2.19
MO,2026-10-02,67.35
MO,2026-10-05,67.88
MO,2026-10-06,68.55
MO,2026-10-07,69.38
MO,2026-10-08,71.42
MONC.MI,2026-10-05,43.79
MONC.MI,2026-10-06,43.53
MONC.MI,2026-10-07,43.2
MONC.MI,2026-10-08,43.01
MONC.MI,2026-10-09,44.07
MONY.L,2026-10-05,172.8
MONY.L,2026-10-06,174.9
MONY.L,2026-10-07,177.9
MONY.L,2026-10-08,185.5
MONY.L,2026-10-09,185.0
MOON.L,2026-10-05,268.4
MOON.L,2026-10-06,270.4
MOON.L,2026-10-07,278.2
MOON.L,2026-10-08,278.4
MOON.L,2026-10-09,284.8
MOS,2026-10-02,21.07
MOS,2026-10-05,21.29
MOS,2026-10-06,20.94
MOS,2026-10-07,19.97
MOS,2026-10-08,19.73
MPC,2026-10-02,422.33
MPC,2026-10-05,433.47
MPC,2026-10-06,432.36
MPC,2026-10-07,442.26
MPC,2026-10-08,463.34
MPWR,2026-10-02,1439.73
MPWR,2026-10-05,1479.89
MPWR,2026-10-06,1473.6899
MPWR,2026-10-07,1425.98
MPWR,2026-10-08,1369.8
MRC.L,2026-10-05,272.0
MRC.L,2026-10-06,273.5
MRC.L,2026-10-07,270.0
MRC.L,2026-10-08,268.0
MRC.L,2026-10-09,273.5
MRCH.L,2026-10-05,657.0
MRCH.L,2026-10-06,660.0
MRCH.L,2026-10-07,657.0
MRCH.L,2026-10-08,648.0
MRCH.L,2026-10-09,656.6212
MRK,2026-10-02,144.3
MRK,2026-10-05,139.54
MRK,2026-10-06,141.94
MRK,2026-10-07,142.79
MRK,2026-10-08,142.38
MRK.DE,2026-10-05,136.05
MRK.DE,2026-10-06,139.0
MRK.DE,2026-10-07,140.15
MRK.DE,2026-10-08,135.7
MRK.DE,2026-10-09,137.5
MRNA,2026-10-02,190.01
MRNA,2026-10-05,203.21
MRNA,2026-10-06,187.46
MRNA,2026-10-07,196.48
MRNA,2026-10-08,197.0
MRO.L,2026-10-05,475.1
MRO.L,2026-10-06,461.0
MRO.L,2026-10-07,450.0
MRO.L,2026-10-08,438.3
MRO.L,2026-10-09,444.7
MRSH,2026-10-02,170.06
MRSH,2026-10-05,170.43
MRSH,2026-10-06,171.74
MRSH,2026-10-07,173.66
MRSH,2026-10-08,176.67
MRVL,2026-10-02,272.29
MRVL,2026-10-05,271.25
MRVL,2026-10-06,287.01
MRVL,2026-10-07,284.68
MRVL,2026-10-08,274.66
MS,2026-10-02,190.31
MS,2026-10-05,190.19
MS,2026-10-06,191.02
MS,2026-10-07,189.71
MS,2026-10-08,187.44
MSCI,2026-10-02,535.95
MSCI,2026-10-05,552.35
MSCI,2026-10-06,554.92
MSCI,2026-10-07,555.38
MSCI,2026-10-08,561.67
MSFT,2026-10-02,517.53
MSFT,2026-10-05,525.18
MSFT,2026-10-06,529.3
MSFT,2026-10-07,529.76
MSFT,2026-10-08,522.61
MSI,2026-10-02,447.41
MSI,2026-10-05,455.37
MSI,2026-10-06,456.28
MSI,2026-10-07,448.33
MSI,2026-10-08,447.12
MT,2026-10-02,64.51
MT,2026-10-05,64.73
MT,2026-10-06,65.19
MT,2026-10-07,62.32
MT,2026-10-08,61.3
MT.AS,2026-10-05,57.6
MT.AS,2026-10-06,58.24
MT.AS,2026-10-07,55.58
MT.AS,2026-10-08,54.22
MT.AS,2026-10-09,57.24
MTB,2026-10-02,219.14
MTB,2026-10-05,218.26
MTB,2026-10-06,218.74
MTB,2026-10-07,216.63
MTB,2026-10-08,217.56
MTD,2026-10-02,1486.1899
MTD,2026-10-05,1541.63
MTD,2026-10-06,1533.0699
MTD,2026-10-07,1533.48
MTD,2026-10-08,1529.46
MTLN.L,2026-10-05,49.62
MTLN.L,2026-10-06,49.68
MTLN.L,2026-10-07,49.06
MTLN.L,2026-10-08,47.78
MTLN.L,2026-10-09,48.5
MTO.L,2026-10-05,210.0
MTO.L,2026-10-06,210.0
MTO.L,2026-10-07,210.4
MTO.L,2026-10-08,210.2
MTO.L,2026-10-09,210.2
MTRO.L,2026-10-05,161.4
MTRO.L,2026-10-06,162.4
MTRO.L,2026-10-07,157.8
MTRO.L,2026-10-08,157.2
MTRO.L,2026-10-09,154.2
MTX.DE,2026-10-05,370.3
MTX.DE,2026-10-06,365.7
MTX.DE,2026-10-07,351.1
MTX.DE,2026-10-08,343.7
MTX.DE,2026-10-09,347.2
MU,2026-10-02,1074.89
MU,2026-10-05,1063.96
MU,2026-10-06,1045.5601
MU,2026-10-07,1088.0
MU,2026-10-08,1035.84
MUT.L,2026-10-05,951.0
MUT.L,2026-10-06,958.0
MUT.L,2026-10-07,954.0
MUT.L,2026-10-08,952.0
MUT.L,2026-10-09,969.0
MUV2.DE,2026-10-05,510.4
MUV2.DE,2026-10-06,512.0
MUV2.DE,2026-10-07,516.6
MUV2.DE,2026-10-08,519.0
MUV2.DE,2026-10-09,524.6
MYI.L,2026-10-05,355.0
MYI.L,2026-10-06,357.5
MYI.L,2026-10-07,357.0
MYI.L,2026-10-08,353.0
MYI.L,2026-10-09,357.7935
N91.L,2026-10-05,204.4
N91.L,2026-10-06,205.4
N91.L,2026-10-07,202.6
N91.L,2026-10-08,202.6
N91.L,2026-10-09,205.6
NAIT.L,2026-10-05,427.0
NAIT.L,2026-10-06,424.0
NAIT.L,2026-10-07,422.0
NAIT.L,2026-10-08,424.0
NAIT.L,2026-10-09,423.58
NAS.L,2026-10-05,425.0
NAS.L,2026-10-06,425.0
NAS.L,2026-10-07,428.0
NAS.L,2026-10-08,418.0
NAS.L,2026-10-09,426.0
NBPE.L,2026-10-05,1502.0
NBPE.L,2026-10-06,1500.0
NBPE.L,2026-10-07,1498.0
NBPE.L,2026-10-08,1496.0
NBPE.L,2026-10-09,1507.249
NCC.L,2026-10-05,145.4
NCC.L,2026-10-06,145.2
NCC.L,2026-10-07,149.2
NCC.L,2026-10-08,149.0
NCC.L,2026-10-09,152.0
NCLH,2026-10-02,15.14
NCLH,2026-10-05,14.87
NCLH,2026-10-06,15.51
NCLH,2026-10-07,15.05
NCLH,2026-10-08,15.49
NDA-FI.HE,2026-10-05,17.1
NDA-FI.HE,2026-10-06,17.065
NDA-FI.HE,2026-10-07,16.825
NDA-FI.HE,2026-10-08,16.69
NDA-FI.HE,2026-10-09,16.815
NDAQ,2026-10-02,90.33
NDAQ,2026-10-05,92.19
NDAQ,2026-10-06,92.27
NDAQ,2026-10-07,91.93
NDAQ,2026-10-08,92.37
NDSN,2026-10-02,333.54
NDSN,2026-10-05,334.43
NDSN,2026-10-06,334.22
NDSN,2026-10-07,327.69
NDSN,2026-10-08,326.87
NEE,2026-10-02,76.83
NEE,2026-10-05,76.28
NEE,2026-10-06,77.88
NEE,2026-10-07,77.06
NEE,2026-10-08,77.37
NEM,2026-10-02,115.56
NEM,2026-10-05,115.82
NEM,2026-10-06,116.39
NEM,2026-10-07,113.54
NEM,2026-10-08,115.55
NEXI.MI,2026-10-05,4.044
NEXI.MI,2026-10-06,4.16
NEXI.MI,2026-10-07,4.162
NEXI.MI,2026-10-08,4.129
NEXI.MI,2026-10-09,4.246
NFLX,2026-10-02,67.06
NFLX,2026-10-05,67.5
NFLX,2026-10-06,68.69
NFLX,2026-10-07,69.7
NFLX,2026-10-08,71.57
NG.L,2026-10-05,1148.5
NG.L,2026-10-06,1151.0
NG.L,2026-10-07,1150.0
NG.L,2026-10-08,1152.5
NG.L,2026-10-09,1156.5
NGG,2026-10-02,76.12
NGG,2026-10-05,76.02
NGG,2026-10-06,76.85
NGG,2026-10-07,76.11
NGG,2026-10-08,77.11
NI,2026-10-02,39.43
NI,2026-10-05,39.55
NI,2026-10-06,40.67
NI,2026-10-07,40.54
NI,2026-10-08,40.53
NKE,2026-10-02,33.87
NKE,2026-10-05,33.96
NKE,2026-10-06,34.61
NKE,2026-10-07,34.36
NKE,2026-10-08,34.74
NOC,2026-10-02,478.0
NOC,2026-10-05,476.11
NOC,2026-10-06,483.11
NOC,2026-10-07,473.46
NOC,2026-10-08,484.48
NOW,2026-10-02,134.38
NOW,2026-10-05,136.08
NOW,2026-10-06,137.97
NOW,2026-10-07,137.87
NOW,2026-10-08,139.75
NRG,2026-10-02,95.23
NRG,2026-10-05,96.8
NRG,2026-10-06,103.6
NRG,2026-10-07,108.61
NRG,2026-10-08,106.32
NSC,2026-10-02,317.44
NSC,2026-10-05,316.23
NSC,2026-10-06,316.31
NSC,2026-10-07,313.2
NSC,2026-10-08,316.99
NTAP,2026-10-02,226.27
NTAP,2026-10-05,223.77
NTAP,2026-10-06,228.45
NTAP,2026-10-07,235.77
NTAP,2026-10-08,231.05
NTRS,2026-10-02,171.4
NTRS,2026-10-05,170.67
NTRS,2026-10-06,169.46
NTRS,2026-10-07,168.18
NTRS,2026-10-08,168.5
NUE,2026-10-02,240.39
NUE,2026-10-05,251.41
NUE,2026-10-06,251.07
NUE,2026-10-07,246.44
NUE,2026-10-08,246.14
NVDA,2026-10-02,233.95
NVDA,2026-10-05,238.9
NVDA,2026-10-06,239.24
NVDA,2026-10-07,237.47
NVDA,2026-10-08,230.48
NVR,2026-10-02,5993.8501
NVR,2026-10-05,5970.21
NVR,2026-10-06,6046.6001
NVR,2026-10-07,5931.6201
NVR,2026-10-08,6002.5498
NWG,2026-10-02,17.67
NWG,2026-10-05,17.5
NWG,2026-10-06,17.67
NWG,2026-10-07,17.25
NWG,2026-10-08,17.15
NWG.L,2026-10-05,663.4
NWG.L,2026-10-06,668.4
NWG.L,2026-10-07,649.8
NWG.L,2026-10-08,639.8
NWG.L,2026-10-09,646.8
NWS,2026-10-02,31.65
NWS,2026-10-05,32.0
NWS,2026-10-06,31.52
NWS,2026-10-07,31.52
NWS,2026-10-08,31.92
NWSA,2026-10-02,28.69
NWSA,2026-10-05,28.95
NWSA,2026-10-06,28.55
NWSA,2026-10-07,28.61
NWSA,2026-10-08,28.97
NXPI,2026-10-02,243.66
NXPI,2026-10-05,241.97
NXPI,2026-10-06,244.38
NXPI,2026-10-07,235.22
NXPI,2026-10-08,231.07
NXT.L,2026-10-05,14180.0
NXT.L,2026-10-06,14595.0
NXT.L,2026-10-07,14575.0
NXT.L,2026-10-08,14455.0
NXT.L,2026-10-09,14750.0
O,2026-10-02,54.13
O,2026-10-05,53.77
O,2026-10-06,54.25
O,2026-10-07,53.35
O,2026-10-08,54.17
OCDO.L,2026-10-05,256.8
OCDO.L,2026-10-06,262.4
OCDO.L,2026-10-07,286.6
OCDO.L,2026-10-08,283.8
OCDO.L,2026-10-09,303.452
OCI.L,2026-10-05,520.0
OCI.L,2026-10-06,516.0
OCI.L,2026-10-07,514.0
OCI.L,2026-10-08,500.0
OCI.L,2026-10-09,502.94
ODFL,2026-10-02,180.48
ODFL,2026-10-05,179.37
ODFL,2026-10-06,178.02
ODFL,2026-10-07,175.61
ODFL,2026-10-08,181.65
OKE,2026-10-02,87.88
OKE,2026-10-05,88.58
OKE,2026-10-06,89.23
OKE,2026-10-07,88.05
OKE,2026-10-08,90.29
OMC,2026-10-02,74.15
OMC,2026-10-05,75.25
OMC,2026-10-06,75.1
OMC,2026-10-07,74.87
OMC,2026-10-08,76.45
ON,2026-10-02,84.89
ON,2026-10-05,85.93
ON,2026-10-06,86.31
ON,2026-10-07,82.51
ON,2026-10-08,79.41
ONT.L,2026-10-05,220.0
ONT.L,2026-10-06,230.8
ONT.L,2026-10-07,220.6
ONT.L,2026-10-08,200.8
ONT.L,2026-10-09,208.467
OR.PA,2026-10-05,373.45
OR.PA,2026-10-06,373.6
OR.PA,2026-10-07,374.4
OR.PA,2026-10-08,374.05
OR.PA,2026-10-09,379.1
ORA.PA,2026-10-05,14.03
ORA.PA,2026-10-06,14.06
ORA.PA,2026-10-07,14.245
ORA.PA,2026-10-08,14.225
ORA.PA,2026-10-09,13.875
ORCL,2026-10-02,142.3
ORCL,2026-10-05,142.48
ORCL,2026-10-06,144.77
ORCL,2026-10-07,143.56
ORCL,2026-10-08,135.69
ORLY,2026-10-02,84.9
ORLY,2026-10-05,83.9
ORLY,2026-10-06,85.14
ORLY,2026-10-07,84.61
ORLY,2026-10-08,86.01
OSB.L,2026-10-05,491.2
OSB.L,2026-10-06,494.0
OSB.L,2026-10-07,485.4
OSB.L,2026-10-08,473.6
OSB.L,2026-10-09,485.6
OTIS,2026-10-02,64.05
OTIS,2026-10-05,65.88
OTIS,2026-10-06,66.45
OTIS,2026-10-07,65.74
OTIS,2026-10-08,66.11
OXB.L,2026-10-05,544.0
OXB.L,2026-10-06,531.0
OXB.L,2026-10-07,528.0
OXB.L,2026-10-08,513.0
OXB.L,2026-10-09,520.736
OXIG.L,2026-10-05,3048.0
OXIG.L,2026-10-06,3112.0
OXIG.L,2026-10-07,3048.0
OXIG.L,2026-10-08,2926.0
OXIG.L,2026-10-09,2982.8
OXY,2026-10-02,58.08
OXY,2026-10-05,58.31
OXY,2026-10-06,58.33
OXY,2026-10-07,58.21
OXY,2026-10-08,60.28
P,2026-10-02,140.14
P,2026-10-05,143.88
P,2026-10-06,147.2
P,2026-10-07,152.66
P,2026-10-08,150.57
PAF.L,2026-10-05,119.8
PAF.L,2026-10-06,119.0
PAF.L,2026-10-07,114.3
PAF.L,2026-10-08,114.4
PAF.L,2026-10-09,118.0
PAG.L,2026-10-05,715.0
PAG.L,2026-10-06,705.0
PAG.L,2026-10-07,705.0
PAG.L,2026-10-08,702.0
PAG.L,2026-10-09,705.5
PAGE.L,2026-10-05,208.0
PAGE.L,2026-10-06,211.4
PAGE.L,2026-10-07,210.6
PAGE.L,2026-10-08,206.2
PAGE.L,2026-10-09,212.8
PAH3.DE,2026-10-05,24.46
PAH3.DE,2026-10-06,24.51
PAH3.DE,2026-10-07,25.33
PAH3.DE,2026-10-08,24.55
PAH3.DE,2026-10-09,25.07
PANW,2026-10-02,403.24
PANW,2026-10-05,406.76
PANW,2026-10-06,419.91
PANW,2026-10-07,405.57
PANW,2026-10-08,398.5
PAYX,2026-10-02,98.94
PAYX,2026-10-05,99.78
PAYX,2026-10-06,101.02
PAYX,2026-10-07,101.55
PAYX,2026-10-08,104.46
PCAR,2026-10-02,109.68
PCAR,2026-10-05,109.36
PCAR,2026-10-06,109.32
PCAR,2026-10-07,106.86
PCAR,2026-10-08,109.66
PCG,2026-10-02,12.32
PCG,2026-10-05,12.35
PCG,2026-10-06,12.5
PCG,2026-10-07,12.79
PCG,2026-10-08,12.67
PCGH.L,2026-10-05,429.5
PCGH.L,2026-10-06,428.5
PCGH.L,2026-10-07,435.0
PCGH.L,2026-10-08,417.5
PCGH.L,2026-10-09,426.3852
PCT.L,2026-10-05,717.0
PCT.L,2026-10-06,723.0
PCT.L,2026-10-07,712.0
PCT.L,2026-10-08,705.5
PCT.L,2026-10-09,711.363
PEG,2026-10-02,68.07
PEG,2026-10-05,68.68
PEG,2026-10-06,71.73
PEG,2026-10-07,71.74
PEG,2026-10-08,71.84
PEP,2026-10-02,125.89
PEP,2026-10-05,125.65
PEP,2026-10-06,125.71
PEP,2026-10-07,123.73
PEP,2026-10-08,128.34
PETS.L,2026-10-05,206.2
PETS.L,2026-10-06,205.8
PETS.L,2026-10-07,208.0
PETS.L,2026-10-08,208.4
PETS.L,2026-10-09,213.2
PEY.L,2026-10-05,7.04
PEY.L,2026-10-06,6.94
PEY.L,2026-10-07,7.0
PEY.L,2026-10-08,6.98
PEY.L,2026-10-09,6.84
PFD.L,2026-10-05,186.7
PFD.L,2026-10-06,188.0
PFD.L,2026-10-07,189.6
PFD.L,2026-10-08,192.8
PFD.L,2026-10-09,195.6
PFE,2026-10-02,27.8
PFE,2026-10-05,27.41
PFE,2026-10-06,27.5
PFE,2026-10-07,28.0
PFE,2026-10-08,27.82
PFG,2026-10-02,111.96
PFG,2026-10-05,111.03
PFG,2026-10-06,109.7
PFG,2026-10-07,108.73
PFG,2026-10-08,109.77
PG,2026-10-02,144.91
PG,2026-10-05,145.94
PG,2026-10-06,148.41
PG,2026-10-07,147.82
PG,2026-10-08,150.59
PGR,2026-10-02,210.31
PGR,2026-10-05,212.62
PGR,2026-10-06,212.05
PGR,2026-10-07,214.12
PGR,2026-10-08,218.73
PH,2026-10-02,972.55
PH,2026-10-05,975.68
PH,2026-10-06,984.91
PH,2026-10-07,952.79
PH,2026-10-08,946.96
PHI.L,2026-10-05,1152.0
PHI.L,2026-10-06,1142.0
PHI.L,2026-10-07,1132.0
PHI.L,2026-10-08,1114.0
PHI.L,2026-10-09,1121.2708
PHM,2026-10-02,115.73
PHM,2026-10-05,113.98
PHM,2026-10-06,116.1
PHM,2026-10-07,112.33
PHM,2026-10-08,113.53
PHP.L,2026-10-05,89.55
PHP.L,2026-10-06,89.75
PHP.L,2026-10-07,89.25
PHP.L,2026-10-08,89.25
PHP.L,2026-10-09,89.75
PIN.L,2026-10-05,388.0
PIN.L,2026-10-06,386.0
PIN.L,2026-10-07,381.5
PIN.L,2026-10-08,379.5
PIN.L,2026-10-09,386.0
PINE.L,2026-10-05,447.0
PINE.L,2026-10-06,447.0
PINE.L,2026-10-07,448.0
PINE.L,2026-10-08,448.5
PINT.L,2026-10-05,110.8
PINT.L,2026-10-06,112.4
PINT.L,2026-10-07,113.8
PINT.L,2026-10-08,113.0
PINT.L,2026-10-09,112.04
PKG,2026-10-02,228.54
PKG,2026-10-05,229.31
PKG,2026-10-06,229.74
PKG,2026-10-07,227.25
PKG,2026-10-08,229.94
PLD,2026-10-02,128.91
PLD,2026-10-05,128.08
PLD,2026-10-06,128.68
PLD,2026-10-07,127.3
PLD,2026-10-08,129.29
PLTR,2026-10-02,188.75
PLTR,2026-10-05,189.4
PLTR,2026-10-06,192.07
PLTR,2026-10-07,194.12
PLTR,2026-10-08,198.78
PLUS.L,2026-10-05,3270.0
PLUS.L,2026-10-06,3244.0
PLUS.L,2026-10-07,3206.0
PLUS.L,2026-10-08,3220.0
PLUS.L,2026-10-09,3312.0
PM,2026-10-02,187.46
PM,2026-10-05,189.53
PM,2026-10-06,190.4
PM,2026-10-07,192.69
PM,2026-10-08,200.5
PNC,2026-10-02,221.03
PNC,2026-10-05,220.28
PNC,2026-10-06,220.16
PNC,2026-10-07,217.72
PNC,2026-10-08,219.68
PNL.L,2026-10-05,539.0
PNL.L,2026-10-06,543.0
PNL.L,2026-10-07,542.0
PNL.L,2026-10-08,541.0
PNL.L,2026-10-09,544.988
PNN.L,2026-10-05,448.6
PNN.L,2026-10-06,452.0
PNN.L,2026-10-07,361.2
PNN.L,2026-10-08,371.0
PNN.L,2026-10-09,364.8
PNR,2026-10-02,53.03
PNR,2026-10-05,52.78
PNR,2026-10-06,52.94
PNR,2026-10-07,52.19
PNR,2026-10-08,52.3
PNW,2026-10-02,95.92
PNW,2026-10-05,95.96
PNW,2026-10-06,98.04
PNW,2026-10-07,97.54
PNW,2026-10-08,97.98
PODD,2026-10-02,131.69
PODD,2026-10-05,135.62
PODD,2026-10-06,134.73
PODD,2026-10-07,134.36
PODD,2026-10-08,134.47
POLN.L,2026-10-05,897.0
POLN.L,2026-10-06,888.0
POLN.L,2026-10-07,855.0
POLN.L,2026-10-08,865.0
POLN.L,2026-10-09,891.0
PPET.L,2026-10-05,600.0
PPET.L,2026-10-06,600.0
PPET.L,2026-10-07,602.0
PPET.L,2026-10-08,600.0
PPET.L,2026-10-09,594.0
PPG,2026-10-02,105.15
PPG,2026-10-05,105.27
PPG,2026-10-06,106.52
PPG,2026-10-07,105.08
PPG,2026-10-08,105.46
PPH.L,2026-10-05,1438.0
PPH.L,2026-10-06,1440.0
PPH.L,2026-10-07,1420.0
PPH.L,2026-10-08,1414.0
PPH.L,2026-10-09,1436.0
PPL,2026-10-02,32.8
PPL,2026-10-05,32.95
PPL,2026-10-06,33.7
PPL,2026-10-07,33.95
PPL,2026-10-08,34.1
PRN.L,2026-10-05,324.5
PRN.L,2026-10-06,323.5
PRN.L,2026-10-07,325.5
PRN.L,2026-10-08,328.0
PRN.L,2026-10-09,330.2999
PRU,2026-10-02,112.6
PRU,2026-10-05,113.48
PRU,2026-10-06,113.54
PRU,2026-10-07,112.36
PRU,2026-10-08,113.53
PRU.L,2026-10-05,919.0
PRU.L,2026-10-06,924.2
PRU.L,2026-10-07,881.0
PRU.L,2026-10-08,887.6
PRU.L,2026-10-09,899.4
PRX.AS,2026-10-05,35.285
PRX.AS,2026-10-06,35.565
PRX.AS,2026-10-07,35.3
PRX.AS,2026-10-08,34.855
PRX.AS,2026-10-09,35.935
PRY.MI,2026-10-05,128.05
PRY.MI,2026-10-06,130.4
PRY.MI,2026-10-07,124.3
PRY.MI,2026-10-08,122.3
PRY.MI,2026-10-09,123.05
PSA,2026-10-02,283.81
PSA,2026-10-05,281.66
PSA,2026-10-06,285.85
PSA,2026-10-07,281.99
PSA,2026-10-08,285.52
PSH.L,2026-10-05,3692.0
PSH.L,2026-10-06,3762.0
PSH.L,2026-10-07,3750.0
PSH.L,2026-10-08,3734.0
PSH.L,2026-10-09,3788.0
PSKY,2026-10-05,9.775
PSKY,2026-10-06,9.53
PSKY,2026-10-07,8.89
PSKY,2026-10-08,9.28
PSN.L,2026-10-05,1212.5
PSN.L,2026-10-06,1240.0
PSN.L,2026-10-07,1222.0
PSN.L,2026-10-08,1205.5
PSN.L,2026-10-09,1226.0
PSO,2026-10-02,16.12
PSO,2026-10-05,16.24
PSO,2026-10-06,16.32
PSO,2026-10-07,16.42
PSO,2026-10-08,16.63
PSON.L,2026-10-05,1229.5
PSON.L,2026-10-06,1233.0
PSON.L,2026-10-07,1243.0
PSON.L,2026-10-08,1266.5
PSON.L,2026-10-09,1277.5
PST.MI,2026-10-05,24.68
PST.MI,2026-10-06,24.8
PST.MI,2026-10-07,24.04
PST.MI,2026-10-08,23.88
PST.MI,2026-10-09,24.06
PSX,2026-10-02,264.58
PSX,2026-10-05,269.72
PSX,2026-10-06,269.79
PSX,2026-10-07,271.62
PSX,2026-10-08,281.6
PTC,2026-10-02,144.03
PTC,2026-10-05,192.26
PTC,2026-10-06,193.0
PTC,2026-10-07,193.6
PTC,2026-10-08,193.73
PTEC.L,2026-10-05,386.8
PTEC.L,2026-10-06,382.8
PTEC.L,2026-10-07,358.8
PTEC.L,2026-10-08,360.0
PTEC.L,2026-10-09,366.6
PUB.PA,2026-10-05,94.18
PUB.PA,2026-10-06,94.36
PUB.PA,2026-10-07,95.26
PUB.PA,2026-10-08,95.28
PUB.PA,2026-10-09,97.34
PUK,2026-10-02,24.57
PUK,2026-10-05,24.51
PUK,2026-10-06,24.6
PUK,2026-10-07,23.54
PUK,2026-10-08,23.88
PWR,2026-10-02,676.56
PWR,2026-10-05,683.42
PWR,2026-10-06,719.56
PWR,2026-10-07,701.07
PWR,2026-10-08,685.33
PYPL,2026-10-02,52.8
PYPL,2026-10-05,54.41
PYPL,2026-10-06,54.61
PYPL,2026-10-07,54.95
PYPL,2026-10-08,55.02
Q,2026-10-02,131.48
Q,2026-10-05,131.53
Q,2026-10-06,133.63
Q,2026-10-07,129.72
Q,2026-10-08,126.68
QCOM,2026-10-02,184.87
QCOM,2026-10-05,180.79
QCOM,2026-10-06,181.03
QCOM,2026-10-07,177.12
QCOM,2026-10-08,176.01
QGEN,2026-10-02,44.75
QGEN,2026-10-05,45.79
QGEN,2026-10-06,45.65
QGEN,2026-10-07,44.79
QGEN,2026-10-08,44.53
QIA.DE,2026-10-05,40.185
QIA.DE,2026-10-06,40.54
QIA.DE,2026-10-07,40.8
QIA.DE,2026-10-08,39.575
QIA.DE,2026-10-09,40.07
QLT.L,2026-10-05,175.6
QLT.L,2026-10-06,175.5
QLT.L,2026-10-07,175.3
QLT.L,2026-10-08,174.6
QLT.L,2026-10-09,177.3
QQ.L,2026-10-05,475.4
QQ.L,2026-10-06,449.8
QQ.L,2026-10-07,453.0
QQ.L,2026-10-08,454.0
QQ.L,2026-10-09,458.2
RACE,2026-10-02,388.33
RACE,2026-10-05,383.4
RACE,2026-10-06,386.5
RACE,2026-10-07,386.39
RACE,2026-10-08,388.28
RACE.MI,2026-10-05,341.2
RACE.MI,2026-10-06,345.25
RACE.MI,2026-10-07,345.15
RACE.MI,2026-10-08,342.8
RACE.MI,2026-10-09,348.25
RAT.L,2026-10-05,1518.0
RAT.L,2026-10-06,1512.0
RAT.L,2026-10-07,1532.0
RAT.L,2026-10-08,1518.0
RAT.L,2026-10-09,1536.11
RCL,2026-10-02,277.74
RCL,2026-10-05,275.03
RCL,2026-10-06,288.78
RCL,2026-10-07,282.32
RCL,2026-10-08,281.41
RCP.L,2026-10-05,2450.0
RCP.L,2026-10-06,2455.0
RCP.L,2026-10-07,2465.0
RCP.L,2026-10-08,2450.0
RCP.L,2026-10-09,2495.0
RDDT,2026-10-02,147.86
RDDT,2026-10-05,150.42
RDDT,2026-10-06,148.95
RDDT,2026-10-07,152.71
RDDT,2026-10-08,156.47
REC.MI,2026-10-05,52.2
REC.MI,2026-10-06,53.1
REC.MI,2026-10-07,53.0
REC.MI,2026-10-08,53.0
REC.MI,2026-10-09,52.95
REG,2026-10-02,71.6
REG,2026-10-05,71.33
REG,2026-10-06,71.42
REG,2026-10-07,70.8
REG,2026-10-08,71.48
REGN,2026-10-02,735.2
REGN,2026-10-05,726.47
REGN,2026-10-06,738.72
REGN,2026-10-07,742.12
REGN,2026-10-08,739.57
REL.L,2026-10-05,2536.0
REL.L,2026-10-06,2571.0
REL.L,2026-10-07,2599.0
REL.L,2026-10-08,2595.0
REL.L,2026-10-09,2705.0
RELX,2026-10-02,33.42
RELX,2026-10-05,33.82
RELX,2026-10-06,34.03
RELX,2026-10-07,34.52
RELX,2026-10-08,35.24
RF,2026-10-02,27.1
RF,2026-10-05,27.07
RF,2026-10-06,27.05
RF,2026-10-07,26.7
RF,2026-10-08,27.07
RHIM.L,2026-10-05,2880.0
RHIM.L,2026-10-06,2845.0
RHIM.L,2026-10-07,2840.0
RHIM.L,2026-10-08,2705.0
RHIM.L,2026-10-09,2885.0
RHM.DE,2026-10-05,980.2
RHM.DE,2026-10-06,953.0
RHM.DE,2026-10-07,926.2
RHM.DE,2026-10-08,934.9
RHM.DE,2026-10-09,933.9
RI.PA,2026-10-05,58.04
RI.PA,2026-10-06,59.22
RI.PA,2026-10-07,60.86
RI.PA,2026-10-08,61.1
RI.PA,2026-10-09,60.82
RICA.L,2026-10-05,294.0
RICA.L,2026-10-06,293.5
RICA.L,2026-10-07,293.0
RICA.L,2026-10-08,291.5
RICA.L,2026-10-09,294.6911
RIO,2026-10-02,94.21
RIO,2026-10-05,95.65
RIO,2026-10-06,95.89
RIO,2026-10-07,93.16
RIO,2026-10-08,93.34
RIO.L,2026-10-05,7183.0
RIO.L,2026-10-06,7164.0
RIO.L,2026-10-07,7022.0
RIO.L,2026-10-08,7022.0
RIO.L,2026-10-09,7150.0
RJF,2026-10-02,158.21
RJF,2026-10-05,160.8
RJF,2026-10-06,159.43
RJF,2026-10-07,157.25
RJF,2026-10-08,158.6
RKT.L,2026-10-05,4889.0
RKT.L,2026-10-06,4977.0
RKT.L,2026-10-07,5106.0
RKT.L,2026-10-08,5072.0
RKT.L,2026-10-09,5128.0
RL,2026-10-02,363.37
RL,2026-10-05,365.54
RL,2026-10-06,368.67
RL,2026-10-07,361.14
RL,2026-10-08,367.39
RMD,2026-10-02,218.89
RMD,2026-10-05,222.86
RMD,2026-10-06,220.69
RMD,2026-10-07,225.98
RMD,2026-10-08,226.73
RMS.PA,2026-10-05,1286.0
RMS.PA,2026-10-06,1282.0
RMS.PA,2026-10-07,1280.0
RMS.PA,2026-10-08,1262.5
RMS.PA,2026-10-09,1285.5
RMV.L,2026-10-05,443.5
RMV.L,2026-10-06,453.5
RMV.L,2026-10-07,461.5
RMV.L,2026-10-08,502.6
RMV.L,2026-10-09,484.0
RNK.L,2026-10-05,72.9
RNK.L,2026-10-06,73.1
RNK.L,2026-10-07,70.0
RNK.L,2026-10-08,71.3
RNK.L,2026-10-09,71.0
RNO.PA,2026-10-05,25.26
RNO.PA,2026-10-06,25.8
RNO.PA,2026-10-07,26.76
RNO.PA,2026-10-08,26.04
RNO.PA,2026-10-09,26.7
ROK,2026-10-02,454.35
ROK,2026-10-05,455.18
ROK,2026-10-06,450.74
ROK,2026-10-07,441.9
ROK,2026-10-08,434.14
ROL,2026-10-02,30.16
ROL,2026-10-05,29.69
ROL,2026-10-06,30.35
ROL,2026-10-07,30.87
ROL,2026-10-08,32.26
ROP,2026-10-02,354.32
ROP,2026-10-05,363.38
ROP,2026-10-06,362.28
ROP,2026-10-07,358.57
ROP,2026-10-08,364.23
ROR.L,2026-10-05,488.6
ROR.L,2026-10-06,488.4
ROR.L,2026-10-07,490.2
ROR.L,2026-10-08,491.0
ROR.L,2026-10-09,490.6
ROSE.L,2026-10-05,314.0
ROSE.L,2026-10-06,317.0
ROSE.L,2026-10-07,307.0
ROSE.L,2026-10-08,304.0
ROSE.L,2026-10-09,308.0
ROST,2026-10-02,228.54
ROST,2026-10-05,226.37
ROST,2026-10-06,224.21
ROST,2026-10-07,225.53
ROST,2026-10-08,225.2
RPI.L,2026-10-05,687.5
RPI.L,2026-10-06,674.0
RPI.L,2026-10-07,660.5
RPI.L,2026-10-08,671.0
RPI.L,2026-10-09,670.141
RR.L,2026-10-05,1478.0
RR.L,2026-10-06,1438.2
RR.L,2026-10-07,1404.4
RR.L,2026-10-08,1367.0
RR.L,2026-10-09,1378.6
RS1.L,2026-10-05,756.5
RS1.L,2026-10-06,764.0
RS1.L,2026-10-07,756.5
RS1.L,2026-10-08,750.0
RS1.L,2026-10-09,798.0
RSG,2026-10-02,209.56
RSG,2026-10-05,212.83
RSG,2026-10-06,214.74
RSG,2026-10-07,216.18
RSG,2026-10-08,216.84
RSW.L,2026-10-05,5855.0
RSW.L,2026-10-06,5990.0
RSW.L,2026-10-07,5765.0
RSW.L,2026-10-08,5650.0
RSW.L,2026-10-09,5695.0
RTO,2026-10-02,19.95
RTO,2026-10-05,20.02
RTO,2026-10-06,19.95
RTO,2026-10-07,19.85
RTO,2026-10-08,20.25
RTO.L,2026-10-05,299.2
RTO.L,2026-10-06,299.0
RTO.L,2026-10-07,297.9
RTO.L,2026-10-08,301.4
RTO.L,2026-10-09,305.2
RTW.L,2026-10-05,2.32
RTW.L,2026-10-06,2.33
RTW.L,2026-10-07,2.3
RTW.L,2026-10-08,2.24
RTW.L,2026-10-09,2.23
RTX,2026-10-02,184.68
RTX,2026-10-05,184.33
RTX,2026-10-06,183.29
RTX,2026-10-07,180.26
RTX,2026-10-08,184.32
RVTY,2026-10-02,151.53
RVTY,2026-10-05,157.36
RVTY,2026-10-06,153.3
RVTY,2026-10-07,153.6
RVTY,2026-10-08,152.16
RWE.DE,2026-10-05,58.6
RWE.DE,2026-10-06,58.38
RWE.DE,2026-10-07,57.9
RWE.DE,2026-10-08,57.24
RWE.DE,2026-10-09,58.1
SAF.PA,2026-10-05,329.8
SAF.PA,2026-10-06,329.4
SAF.PA,2026-10-07,319.4
SAF.PA,2026-10-08,310.8
SAF.PA,2026-10-09,316.1
SAFE.L,2026-10-05,501.0
SAFE.L,2026-10-06,511.0
SAFE.L,2026-10-07,501.0
SAFE.L,2026-10-08,493.2
SAFE.L,2026-10-09,497.2
SAGA.L,2026-10-05,765.0
SAGA.L,2026-10-06,750.0
SAGA.L,2026-10-07,761.0
SAGA.L,2026-10-08,755.0
SAGA.L,2026-10-09,769.3
SAIN.L,2026-10-05,552.0
SAIN.L,2026-10-06,556.0
SAIN.L,2026-10-07,553.0
SAIN.L,2026-10-08,552.0
SAIN.L,2026-10-09,558.0
SAN,2026-10-02,13.36
SAN,2026-10-05,13.9
SAN,2026-10-06,14.01
SAN,2026-10-07,13.66
SAN,2026-10-08,13.48
SAN.MC,2026-10-05,12.342
SAN.MC,2026-10-06,12.52
SAN.MC,2026-10-07,12.26
SAN.MC,2026-10-08,11.91
SAN.MC,2026-10-09,12.13
SAN.PA,2026-10-05,69.99
SAN.PA,2026-10-06,70.61
SAN.PA,2026-10-07,71.81
SAN.PA,2026-10-08,70.93
SAN.PA,2026-10-09,71.76
SAP,2026-10-02,208.57
SAP,2026-10-05,207.74
SAP,2026-10-06,210.46
SAP,2026-10-07,210.13
SAP,2026-10-08,212.4
SAP.DE,2026-10-05,185.04
SAP.DE,2026-10-06,188.6
SAP.DE,2026-10-07,187.62
SAP.DE,2026-10-08,184.62
SAP.DE,2026-10-09,191.1
SBAC,2026-10-02,158.49
SBAC,2026-10-05,161.82
SBAC,2026-10-06,169.7
SBAC,2026-10-07,170.38
SBAC,2026-10-08,170.01
SBRY.L,2026-10-05,322.9
SBRY.L,2026-10-06,321.8
SBRY.L,2026-10-07,327.6
SBRY.L,2026-10-08,332.4
SBRY.L,2026-10-09,337.9
SBUX,2026-10-02,94.71
SBUX,2026-10-05,94.43
SBUX,2026-10-06,96.11
SBUX,2026-10-07,93.58
SBUX,2026-10-08,93.21
SCHW,2026-10-02,96.7
SCHW,2026-10-05,97.96
SCHW,2026-10-06,96.8
SCHW,2026-10-07,95.58
SCHW,2026-10-08,96.87
SCT.L,2026-10-05,1835.0
SCT.L,2026-10-06,1833.0
SCT.L,2026-10-07,1825.0
SCT.L,2026-10-08,1837.0
SCT.L,2026-10-09,1878.0
SDLF.L,2026-10-05,868.0
SDLF.L,2026-10-06,879.5
SDLF.L,2026-10-07,871.5
SDLF.L,2026-10-08,838.5
SDLF.L,2026-10-09,845.5
SDP.L,2026-10-05,857.0
SDP.L,2026-10-06,857.0
SDP.L,2026-10-07,849.0
SDP.L,2026-10-08,832.0
SDP.L,2026-10-09,841.0
SEIT.L,2026-10-05,33.2
SEIT.L,2026-10-06,33.4
SEIT.L,2026-10-07,33.5
SEIT.L,2026-10-08,32.85
SEIT.L,2026-10-09,33.3
SEQI.L,2026-10-05,83.1
SEQI.L,2026-10-06,83.6
SEQI.L,2026-10-07,83.8
SEQI.L,2026-10-08,83.6
SEQI.L,2026-10-09,84.004
SGE.L,2026-10-05,1002.0
SGE.L,2026-10-06,1005.0
SGE.L,2026-10-07,1022.0
SGE.L,2026-10-08,1027.5
SGE.L,2026-10-09,1070.0
SGO.PA,2026-10-05,66.12
SGO.PA,2026-10-06,67.14
SGO.PA,2026-10-07,64.76
SGO.PA,2026-10-08,64.76
SGO.PA,2026-10-09,65.72
SGRO.L,2026-10-05,915.4
SGRO.L,2026-10-06,920.2
SGRO.L,2026-10-07,913.6
SGRO.L,2026-10-08,908.0
SGRO.L,2026-10-09,922.6
SHAW.L,2026-10-05,297.5
SHAW.L,2026-10-06,298.5
SHAW.L,2026-10-07,290.0
SHAW.L,2026-10-08,280.0
SHAW.L,2026-10-09,289.5
SHC.L,2026-10-05,135.4
SHC.L,2026-10-06,137.5
SHC.L,2026-10-07,136.1
SHC.L,2026-10-08,134.1
SHC.L,2026-10-09,136.1
SHEL,2026-10-02,96.23
SHEL,2026-10-05,96.52
SHEL,2026-10-06,97.62
SHEL,2026-10-07,96.85
SHEL,2026-10-08,100.2
SHEL.L,2026-10-05,3631.5
SHEL.L,2026-10-06,3651.0
SHEL.L,2026-10-07,3648.0
SHEL.L,2026-10-08,3780.5
SHEL.L,2026-10-09,3768.136
SHL.DE,2026-10-05,37.45
SHL.DE,2026-10-06,38.07
SHL.DE,2026-10-07,38.56
SHL.DE,2026-10-08,38.26
SHL.DE,2026-10-09,38.87
SHW,2026-10-02,319.51
SHW,2026-10-05,318.46
SHW,2026-10-06,321.16
SHW,2026-10-07,315.0
SHW,2026-10-08,321.03
SI,2026-10-02,19.01
SI,2026-10-05,19.6
SI,2026-10-06,19.14
SI,2026-10-07,18.71
SI,2026-10-08,17.89
SIE.DE,2026-10-05,275.0
SIE.DE,2026-10-06,279.0
SIE.DE,2026-10-07,271.2
SIE.DE,2026-10-08,264.25
SIE.DE,2026-10-09,271.7
SJM,2026-10-02,117.19
SJM,2026-10-05,116.23
SJM,2026-10-06,116.8
SJM,2026-10-07,115.93
SJM,2026-10-08,119.41
SLB,2026-10-02,48.74
SLB,2026-10-05,50.28
SLB,2026-10-06,50.0
SLB,2026-10-07,47.96
SLB,2026-10-08,48.98
SMCI,2026-10-02,43.69
SMCI,2026-10-05,43.19
SMCI,2026-10-06,43.46
SMCI,2026-10-07,44.94
SMCI,2026-10-08,42.77
SMIN.L,2026-10-05,2841.0
SMIN.L,2026-10-06,2847.0
SMIN.L,2026-10-07,2762.0
SMIN.L,2026-10-08,2710.0
SMIN.L,2026-10-09,2758.95
SMT.L,2026-10-05,1620.5
SMT.L,2026-10-06,1637.5
SMT.L,2026-10-07,1626.0
SMT.L,2026-10-08,1623.0
SMT.L,2026-10-09,1648.0
SMWH.L,2026-10-05,369.0
SMWH.L,2026-10-06,369.0
SMWH.L,2026-10-07,369.4
SMWH.L,2026-10-08,369.4
SMWH.L,2026-10-09,375.0
SN.L,2026-10-05,1004.5
SN.L,2026-10-06,1011.5
SN.L,2026-10-07,1019.0
SN.L,2026-10-08,1003.5
SN.L,2026-10-09,1025.5
SNA,2026-10-02,368.9
SNA,2026-10-05,367.4
SNA,2026-10-06,368.61
SNA,2026-10-07,359.89
SNA,2026-10-08,358.88
SNDK,2026-10-02,1719.99
SNDK,2026-10-05,1704.16
SNDK,2026-10-06,1660.46
SNDK,2026-10-07,1692.42
SNDK,2026-10-08,1609.46
SNN,2026-10-02,26.42
SNN,2026-10-05,26.92
SNN,2026-10-06,26.87
SNN,2026-10-07,26.89
SNN,2026-10-08,26.96
SNPS,2026-10-02,489.9
SNPS,2026-10-05,488.47
SNPS,2026-10-06,505.17
SNPS,2026-10-07,502.67
SNPS,2026-10-08,497.75
SNR.L,2026-10-05,297.0
SNR.L,2026-10-06,297.5
SNR.L,2026-10-07,297.5
SNR.L,2026-10-08,297.5
SNY,2026-10-02,39.92
SNY,2026-10-05,39.51
SNY,2026-10-06,39.56
SNY,2026-10-07,40.2
SNY,2026-10-08,40.23
SO,2026-10-02,83.72
SO,2026-10-05,83.79
SO,2026-10-06,85.44
SO,2026-10-07,85.44
SO,2026-10-08,86.15
SOI.L,2026-10-05,462.0
SOI.L,2026-10-06,460.0
SOI.L,2026-10-07,458.0
SOI.L,2026-10-08,451.0
SOI.L,2026-10-09,455.5
SOLV,2026-10-02,87.85
SOLV,2026-10-05,88.03
SOLV,2026-10-06,87.04
SOLV,2026-10-07,85.88
SOLV,2026-10-08,86.41
SPG,2026-10-02,200.95
SPG,2026-10-05,201.4
SPG,2026-10-06,201.74
SPG,2026-10-07,197.59
SPG,2026-10-08,199.61
SPGI,2026-10-02,386.27
SPGI,2026-10-05,390.92
SPGI,2026-10-06,396.13
SPGI,2026-10-07,395.18
SPGI,2026-10-08,402.73
SPI.L,2026-10-05,247.0
SPI.L,2026-10-06,247.0
SPI.L,2026-10-07,247.0
SPI.L,2026-10-08,246.5
SPI.L,2026-10-09,247.0
SPM.MI,2026-10-05,4.455
SPM.MI,2026-10-06,4.376
SPM.MI,2026-10-07,4.381
SPM.MI,2026-10-08,4.406
SPM.MI,2026-10-09,4.522
SPX.L,2026-10-05,7275.0
SPX.L,2026-10-06,7360.0
SPX.L,2026-10-07,7140.0
SPX.L,2026-10-08,7015.0
SPX.L,2026-10-09,7235.0
SPY,2026-10-02,769.64
SPY,2026-10-05,774.83
SPY,2026-10-06,779.09
SPY,2026-10-07,777.22
SPY,2026-10-08,773.93
SRE,2026-10-02,78.38
SRE,2026-10-05,78.16
SRE,2026-10-06,79.97
SRE,2026-10-07,79.69
SRE,2026-10-08,80.08
SRE.L,2026-10-05,88.35
SRE.L,2026-10-06,88.8
SRE.L,2026-10-07,88.2
SRE.L,2026-10-08,88.75
SRE.L,2026-10-09,89.7
SRG.MI,2026-10-05,5.538
SRG.MI,2026-10-06,5.548
SRG.MI,2026-10-07,5.544
SRG.MI,2026-10-08,5.6
SRG.MI,2026-10-09,5.613
SRP.L,2026-10-05,252.0
SRP.L,2026-10-06,249.8
SRP.L,2026-10-07,248.8
SRP.L,2026-10-08,251.8
SRP.L,2026-10-09,254.8
SSE.L,2026-10-05,2466.0
SSE.L,2026-10-06,2472.0
SSE.L,2026-10-07,2459.0
SSE.L,2026-10-08,2437.0
SSE.L,2026-10-09,2465.0
SSIT.L,2026-10-05,201.0
SSIT.L,2026-10-06,199.8
SSIT.L,2026-10-07,192.4
SSIT.L,2026-10-08,191.6
SSIT.L,2026-10-09,202.244
SSPG.L,2026-10-05,187.5
SSPG.L,2026-10-06,188.9
SSPG.L,2026-10-07,191.0
SSPG.L,2026-10-08,188.0
SSPG.L,2026-10-09,182.2
STAN.L,2026-10-05,2246.0
STAN.L,2026-10-06,2253.0
STAN.L,2026-10-07,2151.0
STAN.L,2026-10-08,2108.0
STAN.L,2026-10-09,2137.0
STE,2026-10-02,208.54
STE,2026-10-05,211.07
STE,2026-10-06,208.65
STE,2026-10-07,209.68
STE,2026-10-08,210.76
STJ.L,2026-10-05,1039.0
STJ.L,2026-10-06,1038.5
STJ.L,2026-10-07,1027.0
STJ.L,2026-10-08,1020.0
STJ.L,2026-10-09,1047.0
STLA,2026-10-02,4.4
STLA,2026-10-05,4.49
STLA,2026-10-06,4.61
STLA,2026-10-07,4.61
STLA,2026-10-08,4.52
STLAM.MI,2026-10-05,3.9845
STLAM.MI,2026-10-06,4.069
STLAM.MI,2026-10-07,4.1245
STLAM.MI,2026-10-08,4.0015
STLAM.MI,2026-10-09,4.0585
STLAP.PA,2026-10-05,3.985
STLAP.PA,2026-10-06,4.0655
STLAP.PA,2026-10-07,4.1295
STLAP.PA,2026-10-08,3.9925
STLAP.PA,2026-10-09,4.0585
STLD,2026-10-02,231.99
STLD,2026-10-05,241.04
STLD,2026-10-06,238.17
STLD,2026-10-07,234.09
STLD,2026-10-08,234.17
STM,2026-10-02,57.26
STM,2026-10-05,57.68
STM,2026-10-06,58.72
STM,2026-10-07,56.18
STM,2026-10-08,52.71
STMMI.MI,2026-10-05,50.86
STMMI.MI,2026-10-06,51.99
STMMI.MI,2026-10-07,49.875
STMMI.MI,2026-10-08,48.005
STMMI.MI,2026-10-09,47.85
STMPA.PA,2026-10-05,50.87
STMPA.PA,2026-10-06,52.0
STMPA.PA,2026-10-07,49.895
STMPA.PA,2026-10-08,47.985
STMPA.PA,2026-10-09,47.83
STT,2026-10-02,175.96
STT,2026-10-05,176.37
STT,2026-10-06,175.75
STT,2026-10-07,174.19
STT,2026-10-08,175.09
STX,2026-10-02,848.99
STX,2026-10-05,887.09
STX,2026-10-06,805.63
STX,2026-10-07,807.57
STX,2026-10-08,774.83
STZ,2026-10-02,112.87
STZ,2026-10-05,113.31
STZ,2026-10-06,115.67
STZ,2026-10-07,118.39
STZ,2026-10-08,123.63
SU.PA,2026-10-05,272.8
SU.PA,2026-10-06,260.5
SU.PA,2026-10-07,254.55
SU.PA,2026-10-08,261.1
SU.PA,2026-10-09,265.85
SUPR.L,2026-10-05,80.35
SUPR.L,2026-10-06,80.75
SUPR.L,2026-10-07,80.15
SUPR.L,2026-10-08,80.0
SUPR.L,2026-10-09,80.262
SVS.L,2026-10-05,970.0
SVS.L,2026-10-06,973.0
SVS.L,2026-10-07,953.0
SVS.L,2026-10-08,955.0
SVS.L,2026-10-09,989.0
SVT.L,2026-10-05,3102.0
SVT.L,2026-10-06,3114.0
SVT.L,2026-10-07,3058.0
SVT.L,2026-10-08,3096.0
SVT.L,2026-10-09,3116.0
SW,2026-10-02,42.54
SW,2026-10-05,42.41
SW,2026-10-06,42.39
SW,2026-10-07,41.29
SW,2026-10-08,41.45
SWK,2026-10-02,91.34
SWK,2026-10-05,89.68
SWK,2026-10-06,89.99
SWK,2026-10-07,88.31
SWK,2026-10-08,89.17
SWKS,2026-10-02,85.03
SWKS,2026-10-05,83.91
SWKS,2026-10-06,82.79
SWKS,2026-10-07,83.43
SWKS,2026-10-08,80.75
SY1.DE,2026-10-05,90.78
SY1.DE,2026-10-06,91.72
SY1.DE,2026-10-07,91.04
SY1.DE,2026-10-08,90.94
SY1.DE,2026-10-09,92.38
SYF,2026-10-02,71.77
SYF,2026-10-05,71.88
SYF,2026-10-06,72.16
SYF,2026-10-07,71.93
SYF,2026-10-08,73.72
SYK,2026-10-02,275.43
SYK,2026-10-05,285.22
SYK,2026-10-06,278.2
SYK,2026-10-07,275.4
SYK,2026-10-08,276.97
SYNC.L,2026-10-05,122.0
SYNC.L,2026-10-06,122.0
SYNC.L,2026-10-07,122.4
SYNC.L,2026-10-08,122.8
SYNC.L,2026-10-09,123.8
SYY,2026-10-02,77.49
SYY,2026-10-05,76.38
SYY,2026-10-06,77.45
SYY,2026-10-07,76.79
SYY,2026-10-08,78.2
T,2026-10-02,24.3
T,2026-10-05,24.24
T,2026-10-06,24.43
T,2026-10-07,24.47
T,2026-10-08,24.87
TATE.L,2026-10-05,559.5
TATE.L,2026-10-06,561.0
TATE.L,2026-10-07,560.0
TATE.L,2026-10-08,559.5
TATE.L,2026-10-09,559.0
TBCG.L,2026-10-05,5080.0
TBCG.L,2026-10-06,5100.0
TBCG.L,2026-10-07,4960.0
TBCG.L,2026-10-08,4828.0
TBCG.L,2026-10-09,4892.0
TCAP.L,2026-10-05,325.0
TCAP.L,2026-10-06,325.2
TCAP.L,2026-10-07,323.0
TCAP.L,2026-10-08,322.0
TCAP.L,2026-10-09,328.2
TDG,2026-10-02,1090.38
TDG,2026-10-05,1092.66
TDG,2026-10-06,1103.33
TDG,2026-10-07,1096.21
TDG,2026-10-08,1089.3
TDY,2026-10-02,617.17
TDY,2026-10-05,619.64
TDY,2026-10-06,622.22
TDY,2026-10-07,604.15
TDY,2026-10-08,604.82
TECH,2026-10-02,72.4
TECH,2026-10-05,72.58
TECH,2026-10-06,72.43
TECH,2026-10-07,72.53
TECH,2026-10-08,72.45
TEL,2026-10-02,220.36
TEL,2026-10-05,218.93
TEL,2026-10-06,219.51
TEL,2026-10-07,215.83
TEL,2026-10-08,214.31
TEM.L,2026-10-05,339.5
TEM.L,2026-10-06,339.0
TEM.L,2026-10-07,336.0
TEM.L,2026-10-08,332.0
TEM.L,2026-10-09,334.5
TEN.MI,2026-10-05,26.04
TEN.MI,2026-10-06,25.3
TEN.MI,2026-10-07,24.92
TEN.MI,2026-10-08,25.25
TEN.MI,2026-10-09,25.38
TEP.L,2026-10-05,825.0
TEP.L,2026-10-06,843.0
TEP.L,2026-10-07,850.0
TEP.L,2026-10-08,839.0
TEP.L,2026-10-09,852.0
TEP.PA,2026-10-05,68.66
TEP.PA,2026-10-06,70.04
TEP.PA,2026-10-07,70.76
TEP.PA,2026-10-08,69.96
TEP.PA,2026-10-09,72.0
TER,2026-10-02,449.04
TER,2026-10-05,444.53
TER,2026-10-06,430.32
TER,2026-10-07,411.78
TER,2026-10-08,398.72
TFC,2026-10-02,46.45
TFC,2026-10-05,46.33
TFC,2026-10-06,46.25
TFC,2026-10-07,45.58
TFC,2026-10-08,46.18
TFIF.L,2026-10-05,107.8
TFIF.L,2026-10-06,108.6
TFIF.L,2026-10-07,109.0
TFIF.L,2026-10-08,109.0
TFIF.L,2026-10-09,108.9
TGT,2026-10-02,156.0
TGT,2026-10-05,152.99
TGT,2026-10-06,154.33
TGT,2026-10-07,150.92
TGT,2026-10-08,154.76
THG.L,2026-10-05,26.28
THG.L,2026-10-06,26.3
THG.L,2026-10-07,26.8
THG.L,2026-10-08,26.92
THG.L,2026-10-09,27.32
THRL.L,2026-10-05,112.2
THRL.L,2026-10-06,113.2
THRL.L,2026-10-07,113.0
THRL.L,2026-10-08,112.4
THRL.L,2026-10-09,112.6
TIT.MI,2026-10-05,6.26
TIT.MI,2026-10-06,6.031
TIT.MI,2026-10-07,5.837
TIT.MI,2026-10-08,5.625
TIT.MI,2026-10-09,5.595
TJX,2026-10-02,132.68
TJX,2026-10-05,134.41
TJX,2026-10-06,137.03
TJX,2026-10-07,138.8
TJX,2026-10-08,138.75
TKO,2026-10-02,175.58
TKO,2026-10-05,177.04
TKO,2026-10-06,176.46
TKO,2026-10-07,178.64
TKO,2026-10-08,181.63
TMO,2026-10-02,654.8
TMO,2026-10-05,676.76
TMO,2026-10-06,656.58
TMO,2026-10-07,662.06
TMO,2026-10-08,651.98
TMPL.L,2026-10-05,411.5
TMPL.L,2026-10-06,411.5
TMPL.L,2026-10-07,409.5
TMPL.L,2026-10-08,410.0
TMPL.L,2026-10-09,416.5
TMUS,2026-10-02,163.64
TMUS,2026-10-05,164.64
TMUS,2026-10-06,165.93
TMUS,2026-10-07,167.65
TMUS,2026-10-08,171.31
TPK.L,2026-10-05,579.0
TPK.L,2026-10-06,572.5
TPK.L,2026-10-07,563.5
TPK.L,2026-10-08,549.5
TPK.L,2026-10-09,562.5
TPL,2026-10-02,340.19
TPL,2026-10-05,344.67
TPL,2026-10-06,355.16
TPL,2026-10-07,345.79
TPL,2026-10-08,357.78
TPR,2026-10-02,118.12
TPR,2026-10-05,116.95
TPR,2026-10-06,116.75
TPR,2026-10-07,113.42
TPR,2026-10-08,115.82
TRGP,2026-10-02,281.74
TRGP,2026-10-05,287.4
TRGP,2026-10-06,285.72
TRGP,2026-10-07,283.96
TRGP,2026-10-08,288.49
TRIG.L,2026-10-05,76.1
TRIG.L,2026-10-06,75.9
TRIG.L,2026-10-07,75.7
TRIG.L,2026-10-08,75.4
TRIG.L,2026-10-09,76.5258
TRMB,2026-10-02,57.52
TRMB,2026-10-05,58.81
TRMB,2026-10-06,60.95
TRMB,2026-10-07,60.06
TRMB,2026-10-08,59.85
TRN.L,2026-10-05,194.7
TRN.L,2026-10-06,196.5
TRN.L,2026-10-07,198.3
TRN.L,2026-10-08,201.8
TRN.L,2026-10-09,211.8
TRN.MI,2026-10-05,9.09
TRN.MI,2026-10-06,9.14
TRN.MI,2026-10-07,9.042
TRN.MI,2026-10-08,9.128
TRN.MI,2026-10-09,9.13
TROW,2026-10-02,104.62
TROW,2026-10-05,103.93
TROW,2026-10-06,103.6
TROW,2026-10-07,104.07
TROW,2026-10-08,104.23
TRST.L,2026-10-05,238.2
TRST.L,2026-10-06,230.8
TRST.L,2026-10-07,231.0
TRST.L,2026-10-08,233.8
TRST.L,2026-10-09,248.6
TRV,2026-10-02,360.38
TRV,2026-10-05,360.7
TRV,2026-10-06,360.64
TRV,2026-10-07,360.61
TRV,2026-10-08,370.27
TRY.L,2026-10-05,272.0
TRY.L,2026-10-06,275.0
TRY.L,2026-10-07,271.0
TRY.L,2026-10-08,268.5
TRY.L,2026-10-09,270.54
TS,2026-10-02,55.99
TS,2026-10-05,58.46
TS,2026-10-06,56.87
TS,2026-10-07,55.58
TS,2026-10-08,56.59
TSCO,2026-10-02,31.09
TSCO,2026-10-05,31.42
TSCO,2026-10-06,32.29
TSCO,2026-10-07,32.52
TSCO,2026-10-08,33.48
TSCO.L,2026-10-05,470.2
TSCO.L,2026-10-06,470.0
TSCO.L,2026-10-07,475.8
TSCO.L,2026-10-08,500.4
TSCO.L,2026-10-09,507.2722
TSLA,2026-10-02,370.59
TSLA,2026-10-05,378.73
TSLA,2026-10-06,380.68
TSLA,2026-10-07,377.81
TSLA,2026-10-08,375.0
TSN,2026-10-02,51.89
TSN,2026-10-05,51.71
TSN,2026-10-06,51.97
TSN,2026-10-07,51.7
TSN,2026-10-08,52.34
TT,2026-10-02,463.91
TT,2026-10-05,470.76
TT,2026-10-06,476.39
TT,2026-10-07,467.27
TT,2026-10-08,469.94
TTE,2026-10-02,84.4
TTE,2026-10-05,84.37
TTE,2026-10-06,83.98
TTE,2026-10-07,84.23
TTE,2026-10-08,86.02
TTE.PA,2026-10-05,75.8
TTE.PA,2026-10-06,75.72
TTE.PA,2026-10-07,75.42
TTE.PA,2026-10-08,77.58
TTE.PA,2026-10-09,77.56
TTWO,2026-10-02,202.73
TTWO,2026-10-05,203.46
TTWO,2026-10-06,202.53
TTWO,2026-10-07,204.01
TTWO,2026-10-08,209.37
TW.L,2026-10-05,78.68
TW.L,2026-10-06,79.88
TW.L,2026-10-07,77.1
TW.L,2026-10-08,74.4
TW.L,2026-10-09,74.88
TXN,2026-10-02,293.8
TXN,2026-10-05,294.9
TXN,2026-10-06,297.23
TXN,2026-10-07,288.98
TXN,2026-10-08,288.2
TXT,2026-10-02,77.26
TXT,2026-10-05,75.75
TXT,2026-10-06,75.53
TXT,2026-10-07,73.03
TXT,2026-10-08,73.22
TYL,2026-10-02,322.81
TYL,2026-10-05,328.32
TYL,2026-10-06,330.91
TYL,2026-10-07,332.34
TYL,2026-10-08,331.15
UAL,2026-10-02,112.51
UAL,2026-10-05,110.0
UAL,2026-10-06,111.87
UAL,2026-10-07,110.17
UAL,2026-10-08,107.44
UBER,2026-10-02,68.11
UBER,2026-10-05,69.48
UBER,2026-10-06,69.08
UBER,2026-10-07,68.45
UBER,2026-10-08,70.24
UCG.MI,2026-10-05,79.8
UCG.MI,2026-10-06,81.11
UCG.MI,2026-10-07,77.72
UCG.MI,2026-10-08,75.33
UCG.MI,2026-10-09,76.61
UDR,2026-10-02,33.27
UDR,2026-10-05,33.84
UDR,2026-10-06,33.91
UDR,2026-10-07,33.32
UDR,2026-10-08,33.57
UEM.L,2026-10-05,287.0
UEM.L,2026-10-06,291.0
UEM.L,2026-10-07,293.0
UEM.L,2026-10-08,295.0
UEM.L,2026-10-09,292.24
UHS,2026-10-02,175.72
UHS,2026-10-05,176.05
UHS,2026-10-06,177.08
UHS,2026-10-07,174.62
UHS,2026-10-08,175.72
UKW.L,2026-10-05,111.1
UKW.L,2026-10-06,111.4
UKW.L,2026-10-07,112.0
UKW.L,2026-10-08,112.2
UKW.L,2026-10-09,112.8
UL,2026-10-02,59.7
UL,2026-10-05,59.98
UL,2026-10-06,60.8
UL,2026-10-07,60.98
UL,2026-10-08,61.94
ULTA,2026-10-02,543.69
ULTA,2026-10-05,542.72
ULTA,2026-10-06,547.29
ULTA,2026-10-07,545.48
ULTA,2026-10-08,564.21
ULVR.L,2026-10-05,4500.5
ULVR.L,2026-10-06,4569.0
ULVR.L,2026-10-07,4623.0
ULVR.L,2026-10-08,4626.0
ULVR.L,2026-10-09,4669.5
UNH,2026-10-02,371.9
UNH,2026-10-05,378.58
UNH,2026-10-06,376.32
UNH,2026-10-07,375.98
UNH,2026-10-08,370.95
UNI.MI,2026-10-05,26.82
UNI.MI,2026-10-06,26.72
UNI.MI,2026-10-07,26.11
UNI.MI,2026-10-08,25.43
UNI.MI,2026-10-09,25.79
UNP,2026-10-02,278.28
UNP,2026-10-05,277.06
UNP,2026-10-06,276.61
UNP,2026-10-07,274.68
UNP,2026-10-08,278.2
UPS,2026-10-02,93.02
UPS,2026-10-05,93.14
UPS,2026-10-06,93.11
UPS,2026-10-07,92.29
UPS,2026-10-08,94.13
URI,2026-10-02,1081.04
URI,2026-10-05,1074.28
URI,2026-10-06,1080.62
URI,2026-10-07,1037.4399
URI,2026-10-08,1050.15
URW.PA,2026-10-05,88.58
URW.PA,2026-10-06,90.5
URW.PA,2026-10-07,88.84
URW.PA,2026-10-08,85.98
URW.PA,2026-10-09,87.22
USA.L,2026-10-05,388.0
USA.L,2026-10-06,396.0
USA.L,2026-10-07,396.0
USA.L,2026-10-08,390.5
USA.L,2026-10-09,392.3406
USB,2026-10-02,57.51
USB,2026-10-05,57.27
USB,2026-10-06,57.29
USB,2026-10-07,56.17
USB,2026-10-08,57.03
UTG.L,2026-10-05,453.8
UTG.L,2026-10-06,450.0
UTG.L,2026-10-07,442.2
UTG.L,2026-10-08,419.8
UTG.L,2026-10-09,428.0
UU.L,2026-10-05,1409.0
UU.L,2026-10-06,1418.0
UU.L,2026-10-07,1398.0
UU.L,2026-10-08,1416.0
UU.L,2026-10-09,1431.552
V,2026-10-02,360.66
V,2026-10-05,369.71
V,2026-10-06,370.64
V,2026-10-07,372.1
V,2026-10-08,375.1
VCT.L,2026-10-05,930.0
VCT.L,2026-10-06,930.0
VCT.L,2026-10-07,929.0
VCT.L,2026-10-08,924.0
VCT.L,2026-10-09,951.0
VEEV,2026-10-02,273.33
VEEV,2026-10-05,283.45
VEEV,2026-10-06,283.5
VEEV,2026-10-07,282.5
VEEV,2026-10-08,284.84
VEIL.L,2026-10-05,722.0
VEIL.L,2026-10-06,722.0
VEIL.L,2026-10-07,722.0
VEIL.L,2026-10-08,718.0
VEIL.L,2026-10-09,729.0
VICI,2026-10-02,22.65
VICI,2026-10-05,22.53
VICI,2026-10-06,22.73
VICI,2026-10-07,22.64
VICI,2026-10-08,22.79
VIE.PA,2026-10-05,30.46
VIE.PA,2026-10-06,31.34
VIE.PA,2026-10-07,30.84
VIE.PA,2026-10-08,30.89
VIE.PA,2026-10-09,31.13
VLO,2026-10-02,406.3
VLO,2026-10-05,419.33
VLO,2026-10-06,419.22
VLO,2026-10-07,424.1
VLO,2026-10-08,443.8
VLTO,2026-10-02,94.68
VLTO,2026-10-05,96.57
VLTO,2026-10-06,96.45
VLTO,2026-10-07,95.73
VLTO,2026-10-08,96.48
VLX.L,2026-10-05,677.0
VLX.L,2026-10-06,699.0
VLX.L,2026-10-07,687.0
VLX.L,2026-10-08,680.0
VLX.L,2026-10-09,695.0
VMC,2026-10-02,243.06
VMC,2026-10-05,245.57
VMC,2026-10-06,248.85
VMC,2026-10-07,244.13
VMC,2026-10-08,246.26
VMRK,2026-10-02,59.79
VMRK,2026-10-05,60.09
VMRK,2026-10-06,60.37
VMRK,2026-10-07,59.29
VMRK,2026-10-08,59.98
VNA.DE,2026-10-05,16.9
VNA.DE,2026-10-06,17.035
VNA.DE,2026-10-07,16.75
VNA.DE,2026-10-08,16.205
VNA.DE,2026-10-09,16.34
VOD,2026-10-02,16.82
VOD,2026-10-05,16.79
VOD,2026-10-06,16.53
VOD,2026-10-07,16.79
VOD,2026-10-08,16.48
VOD.L,2026-10-05,127.2
VOD.L,2026-10-06,125.1
VOD.L,2026-10-07,127.75
VOD.L,2026-10-08,124.4
VOD.L,2026-10-09,118.8
VOF.L,2026-10-05,425.0
VOF.L,2026-10-06,421.0
VOF.L,2026-10-07,424.0
VOF.L,2026-10-08,416.0
VOF.L,2026-10-09,421.5
VOW.DE,2026-10-05,68.65
VOW.DE,2026-10-06,68.95
VOW.DE,2026-10-07,70.05
VOW.DE,2026-10-08,66.9
VOW.DE,2026-10-09,68.1
VOW3.DE,2026-10-05,68.54
VOW3.DE,2026-10-06,68.88
VOW3.DE,2026-10-07,69.74
VOW3.DE,2026-10-08,66.6
VOW3.DE,2026-10-09,67.7
VRSK,2026-10-02,163.88
VRSK,2026-10-05,163.28
VRSK,2026-10-06,165.2
VRSK,2026-10-07,168.68
VRSK,2026-10-08,175.49
VRSN,2026-10-02,288.32
VRSN,2026-10-05,292.26
VRSN,2026-10-06,293.1
VRSN,2026-10-07,294.22
VRSN,2026-10-08,297.79
VRT,2026-10-02,252.18
VRT,2026-10-05,253.62
VRT,2026-10-06,253.14
VRT,2026-10-07,246.49
VRT,2026-10-08,243.73
VRTX,2026-10-02,504.73
VRTX,2026-10-05,503.5
VRTX,2026-10-06,502.31
VRTX,2026-10-07,505.64
VRTX,2026-10-08,503.25
VST,2026-10-02,140.02
VST,2026-10-05,144.89
VST,2026-10-06,160.5
VST,2026-10-07,166.72
VST,2026-10-08,156.14
VSVS.L,2026-10-05,444.2
VSVS.L,2026-10-06,446.0
VSVS.L,2026-10-07,454.2
VSVS.L,2026-10-08,452.6
VSVS.L,2026-10-09,466.4812
VTR,2026-10-02,84.01
VTR,2026-10-05,81.36
VTR,2026-10-06,81.86
VTR,2026-10-07,80.04
VTR,2026-10-08,81.76
VTRS,2026-10-02,17.6
VTRS,2026-10-05,17.62
VTRS,2026-10-06,17.54
VTRS,2026-10-07,17.49
VTRS,2026-10-08,17.44
VTY.L,2026-10-05,238.8
VTY.L,2026-10-06,236.6
VTY.L,2026-10-07,224.6
VTY.L,2026-10-08,217.2
VTY.L,2026-10-09,225.6
VZ,2026-10-02,45.92
VZ,2026-10-05,45.85
VZ,2026-10-06,45.98
VZ,2026-10-07,45.77
VZ,2026-10-08,46.35
WAB,2026-10-02,287.54
WAB,2026-10-05,291.86
WAB,2026-10-06,291.16
WAB,2026-10-07,282.44
WAB,2026-10-08,280.8
WAT,2026-10-02,425.21
WAT,2026-10-05,440.12
WAT,2026-10-06,436.43
WAT,2026-10-07,435.99
WAT,2026-10-08,429.13
WBD,2026-10-05,30.95
WDAY,2026-10-02,186.14
WDAY,2026-10-05,188.96
WDAY,2026-10-06,186.55
WDAY,2026-10-07,184.26
WDAY,2026-10-08,187.81
WDC,2026-10-02,415.29
WDC,2026-10-05,441.64
WDC,2026-10-06,411.04
WDC,2026-10-07,405.42
WDC,2026-10-08,393.31
WEC,2026-10-02,101.59
WEC,2026-10-05,101.3
WEC,2026-10-06,103.19
WEC,2026-10-07,103.18
WEC,2026-10-08,103.61
WEIR.L,2026-10-05,2582.0
WEIR.L,2026-10-06,2662.0
WEIR.L,2026-10-07,2560.0
WEIR.L,2026-10-08,2538.0
WEIR.L,2026-10-09,2624.0
WELL,2026-10-02,227.71
WELL,2026-10-05,224.16
WELL,2026-10-06,225.78
WELL,2026-10-07,221.12
WELL,2026-10-08,223.04
WFC,2026-10-02,80.45
WFC,2026-10-05,81.44
WFC,2026-10-06,81.51
WFC,2026-10-07,80.26
WFC,2026-10-08,82.03
WIX.L,2026-10-05,198.4
WIX.L,2026-10-06,200.0
WIX.L,2026-10-07,200.5
WIX.L,2026-10-08,199.0
WIX.L,2026-10-09,203.5
WIZZ.L,2026-10-05,1039.0
WIZZ.L,2026-10-06,1047.0
WIZZ.L,2026-10-07,1030.0
WIZZ.L,2026-10-08,1004.0
WIZZ.L,2026-10-09,1047.0
WKL.AS,2026-10-05,68.32
WKL.AS,2026-10-06,69.36
WKL.AS,2026-10-07,70.9
WKL.AS,2026-10-08,71.78
WKL.AS,2026-10-09,74.52
WKP.L,2026-10-05,356.4
WKP.L,2026-10-06,367.8
WKP.L,2026-10-07,359.6
WKP.L,2026-10-08,351.4
WKP.L,2026-10-09,358.0
WM,2026-10-02,204.45
WM,2026-10-05,206.66
WM,2026-10-06,207.88
WM,2026-10-07,208.94
WM,2026-10-08,210.1
WMB,2026-10-02,70.54
WMB,2026-10-05,70.81
WMB,2026-10-06,72.39
WMB,2026-10-07,71.46
WMB,2026-10-08,72.34
WMT,2026-10-02,104.26
WMT,2026-10-05,105.07
WMT,2026-10-06,107.2
WMT,2026-10-07,108.16
WMT,2026-10-08,110.56
WOSG.L,2026-10-05,662.5
WOSG.L,2026-10-06,669.5
WOSG.L,2026-10-07,674.0
WOSG.L,2026-10-08,666.5
WOSG.L,2026-10-09,678.0
WPP.L,2026-10-05,372.4
WPP.L,2026-10-06,380.3
WPP.L,2026-10-07,385.0
WPP.L,2026-10-08,372.3
WPP.L,2026-10-09,386.0
WRB,2026-10-02,68.98
WRB,2026-10-05,69.77
WRB,2026-10-06,69.65
WRB,2026-10-07,69.73
WRB,2026-10-08,72.05
WSM,2026-10-02,232.3
WSM,2026-10-05,238.7
WSM,2026-10-06,242.25
WSM,2026-10-07,240.46
WSM,2026-10-08,239.0
WST,2026-10-02,364.98
WST,2026-10-05,376.76
WST,2026-10-06,372.64
WST,2026-10-07,366.48
WST,2026-10-08,363.27
WTB.L,2026-10-05,2426.0
WTB.L,2026-10-06,2551.0
WTB.L,2026-10-07,2472.0
WTB.L,2026-10-08,2445.0
WTB.L,2026-10-09,2463.0
WTW,2026-10-02,288.61
WTW,2026-10-05,288.11
WTW,2026-10-06,291.98
WTW,2026-10-07,290.67
WTW,2026-10-08,297.86
WWH.L,2026-10-05,366.5
WWH.L,2026-10-06,369.0
WWH.L,2026-10-07,371.5
WWH.L,2026-10-08,358.0
WWH.L,2026-10-09,365.55
WY,2026-10-02,18.47
WY,2026-10-05,18.49
WY,2026-10-06,18.6
WY,2026-10-07,18.57
WY,2026-10-08,19.17
WYNN,2026-10-02,75.88
WYNN,2026-10-05,77.17
WYNN,2026-10-06,76.62
WYNN,2026-10-07,74.97
WYNN,2026-10-08,75.29
XEL,2026-10-02,71.4
XEL,2026-10-05,71.49
XEL,2026-10-06,72.73
XEL,2026-10-07,72.42
XEL,2026-10-08,73.36
XOM,2026-10-02,164.01
XOM,2026-10-05,164.0
XOM,2026-10-06,164.48
XOM,2026-10-07,164.05
XOM,2026-10-08,168.5
XPP.L,2026-10-05,2010.0
XPP.L,2026-10-06,2045.0
XPP.L,2026-10-07,1984.0
XPP.L,2026-10-08,1946.0
XPP.L,2026-10-09,1961.0
XPS.L,2026-10-05,294.5
XPS.L,2026-10-06,299.0
XPS.L,2026-10-07,301.0
XPS.L,2026-10-08,303.5
XPS.L,2026-10-09,310.5
XYL,2026-10-02,101.79
XYL,2026-10-05,102.42
XYL,2026-10-06,104.57
XYL,2026-10-07,101.82
XYL,2026-10-08,101.99
XYZ,2026-10-02,74.33
XYZ,2026-10-05,76.23
XYZ,2026-10-06,76.54
XYZ,2026-10-07,76.07
XYZ,2026-10-08,75.23
YUM,2026-10-02,136.12
YUM,2026-10-05,136.97
YUM,2026-10-06,139.84
YUM,2026-10-07,140.35
YUM,2026-10-08,143.0
ZAL.DE,2026-10-05,22.22
ZAL.DE,2026-10-06,22.4
ZAL.DE,2026-10-07,22.56
ZAL.DE,2026-10-08,22.81
ZAL.DE,2026-10-09,23.86
ZBH,2026-10-02,88.29
ZBH,2026-10-05,91.57
ZBH,2026-10-06,89.68
ZBH,2026-10-07,88.49
ZBH,2026-10-08,88.88
ZBRA,2026-10-02,375.86
ZBRA,2026-10-05,375.66
ZBRA,2026-10-06,385.78
ZBRA,2026-10-07,386.05
ZBRA,2026-10-08,382.14
ZIG.L,2026-10-05,440.0
ZIG.L,2026-10-06,439.5
ZIG.L,2026-10-07,437.0
ZIG.L,2026-10-08,432.0
ZIG.L,2026-10-09,438.0
ZTS,2026-10-02,69.69
ZTS,2026-10-05,71.41
ZTS,2026-10-06,71.33
ZTS,2026-10-07,71.55
ZTS,2026-10-08,73.08
^FCHI,2026-10-05,7834.1001
^FCHI,2026-10-06,7865.0698
^FCHI,2026-10-07,7769.21
^FCHI,2026-10-08,7729.6899
^FCHI,2026-10-09,7807.9199
^FTMC,2026-10-05,24123.8008
^FTMC,2026-10-06,24215.3008
^FTMC,2026-10-07,24036.8008
^FTMC,2026-10-08,23943.9004
^FTMC,2026-10-09,24301.1797
^FTSE,2026-10-05,10497.9004
^FTSE,2026-10-06,10541.7002
^FTSE,2026-10-07,10458.5
^FTSE,2026-10-08,10441.5996
^FTSE,2026-10-09,10570.3896
^GDAXI,2026-10-05,25254.2109
^GDAXI,2026-10-06,25449.1895
^GDAXI,2026-10-07,25104.3594
^GDAXI,2026-10-08,24806.9707
^GDAXI,2026-10-09,25139.9902
^STOXX50E,2026-10-05,6242.1401
^STOXX50E,2026-10-06,6272.23
^STOXX50E,2026-10-07,6180.29
^STOXX50E,2026-10-08,6126.73
^STOXX50E,2026-10-09,6196.1299
