ticker,date,close
3IN.L,2026-09-24,388.0
3IN.L,2026-09-25,390.0
3IN.L,2026-09-28,387.0
3IN.L,2026-09-29,390.0
3IN.L,2026-09-30,394.0
A,2026-09-23,165.32
A,2026-09-24,172.84
A,2026-09-25,172.79
A,2026-09-28,175.21
A,2026-09-29,175.03
A2A.MI,2026-09-24,2.295
A2A.MI,2026-09-25,2.291
A2A.MI,2026-09-28,2.261
A2A.MI,2026-09-29,2.252
A2A.MI,2026-09-30,2.264
AAF.L,2026-09-24,302.6
AAF.L,2026-09-25,299.6
AAF.L,2026-09-28,306.6
AAF.L,2026-09-29,311.0
AAF.L,2026-09-30,312.4
AAL.L,2026-09-24,3980.0
AAL.L,2026-09-25,4042.0
AAL.L,2026-09-28,3965.0
AAL.L,2026-09-29,3992.0
AAL.L,2026-09-30,4038.0
AAPL,2026-09-23,337.02
AAPL,2026-09-24,335.92
AAPL,2026-09-25,341.07
AAPL,2026-09-28,338.4
AAPL,2026-09-29,329.4
AAS.L,2026-09-24,463.0
AAS.L,2026-09-25,465.0
AAS.L,2026-09-28,457.0
AAS.L,2026-09-29,463.0
AAS.L,2026-09-30,464.0
ABBV,2026-09-23,265.08
ABBV,2026-09-24,265.12
ABBV,2026-09-25,264.34
ABBV,2026-09-28,266.28
ABBV,2026-09-29,263.29
ABDN.L,2026-09-24,241.0
ABDN.L,2026-09-25,245.6
ABDN.L,2026-09-28,247.6
ABDN.L,2026-09-29,246.0
ABDN.L,2026-09-30,249.6
ABF.L,2026-09-24,1842.0
ABF.L,2026-09-25,1860.5
ABF.L,2026-09-28,1856.0
ABF.L,2026-09-29,1860.0
ABF.L,2026-09-30,1881.0
ABI.BR,2026-09-24,68.3
ABI.BR,2026-09-25,67.68
ABI.BR,2026-09-28,67.56
ABI.BR,2026-09-29,65.4
ABI.BR,2026-09-30,65.5
ABNB,2026-09-23,149.58
ABNB,2026-09-24,151.39
ABNB,2026-09-25,157.47
ABNB,2026-09-28,156.08
ABNB,2026-09-29,156.96
ABT,2026-09-23,103.49
ABT,2026-09-24,101.07
ABT,2026-09-25,101.29
ABT,2026-09-28,100.98
ABT,2026-09-29,100.95
AC.PA,2026-09-24,45.22
AC.PA,2026-09-25,45.89
AC.PA,2026-09-28,45.9
AC.PA,2026-09-29,46.15
AC.PA,2026-09-30,46.23
ACA.PA,2026-09-24,17.94
ACA.PA,2026-09-25,18.185
ACA.PA,2026-09-28,17.935
ACA.PA,2026-09-29,17.83
ACA.PA,2026-09-30,17.63
ACGL,2026-09-23,95.16
ACGL,2026-09-24,95.02
ACGL,2026-09-25,94.66
ACGL,2026-09-28,94.9
ACGL,2026-09-29,95.12
ACN,2026-09-23,183.52
ACN,2026-09-24,177.41
ACN,2026-09-25,176.11
ACN,2026-09-28,174.47
ACN,2026-09-29,177.12
AD.AS,2026-09-24,31.6
AD.AS,2026-09-25,31.76
AD.AS,2026-09-28,32.35
AD.AS,2026-09-29,31.98
AD.AS,2026-09-30,32.19
ADBE,2026-09-23,240.69
ADBE,2026-09-24,238.93
ADBE,2026-09-25,235.47
ADBE,2026-09-28,231.01
ADBE,2026-09-29,233.17
ADI,2026-09-23,385.23
ADI,2026-09-24,382.61
ADI,2026-09-25,393.6
ADI,2026-09-28,395.43
ADI,2026-09-29,398.22
ADM,2026-09-23,82.15
ADM,2026-09-24,81.88
ADM,2026-09-25,81.12
ADM,2026-09-28,80.38
ADM,2026-09-29,79.4
ADM.L,2026-09-24,3640.0
ADM.L,2026-09-25,3618.0
ADM.L,2026-09-28,3674.0
ADM.L,2026-09-29,3626.0
ADM.L,2026-09-30,3646.0
ADP,2026-09-23,263.68
ADP,2026-09-24,263.11
ADP,2026-09-25,263.67
ADP,2026-09-28,261.8
ADP,2026-09-29,261.8
ADS.DE,2026-09-24,142.25
ADS.DE,2026-09-25,146.5
ADS.DE,2026-09-28,147.85
ADS.DE,2026-09-29,145.75
ADS.DE,2026-09-30,146.25
ADSK,2026-09-23,217.15
ADSK,2026-09-24,211.35
ADSK,2026-09-25,209.4
ADSK,2026-09-28,207.19
ADSK,2026-09-29,203.18
ADYEN.AS,2026-09-24,843.5
ADYEN.AS,2026-09-25,875.5
ADYEN.AS,2026-09-28,866.4
ADYEN.AS,2026-09-29,870.0
ADYEN.AS,2026-09-30,874.4
AEE,2026-09-23,99.74
AEE,2026-09-24,99.2
AEE,2026-09-25,99.39
AEE,2026-09-28,99.39
AEE,2026-09-29,100.25
AEP,2026-09-23,118.4
AEP,2026-09-24,117.57
AEP,2026-09-25,118.35
AEP,2026-09-28,118.2
AEP,2026-09-29,119.3
AEP.L,2026-09-24,206.0
AEP.L,2026-09-25,209.5
AEP.L,2026-09-28,211.0
AEP.L,2026-09-29,205.5
AEP.L,2026-09-30,210.5
AES,2026-09-23,14.81
AES,2026-09-24,14.85
AES,2026-09-25,14.87
AES,2026-09-28,14.87
AES,2026-09-29,14.86
AFL,2026-09-23,115.23
AFL,2026-09-24,114.01
AFL,2026-09-25,113.72
AFL,2026-09-28,113.55
AFL,2026-09-29,113.66
AGT.L,2026-09-24,257.5
AGT.L,2026-09-25,260.5
AGT.L,2026-09-28,258.5
AGT.L,2026-09-29,257.0
AGT.L,2026-09-30,255.5
AI.PA,2026-09-24,168.12
AI.PA,2026-09-25,167.5
AI.PA,2026-09-28,168.22
AI.PA,2026-09-29,168.88
AI.PA,2026-09-30,169.8
AIE.L,2026-09-24,250.0
AIE.L,2026-09-25,250.5
AIE.L,2026-09-28,246.5
AIE.L,2026-09-29,247.5
AIE.L,2026-09-30,249.5
AIG,2026-09-23,75.58
AIG,2026-09-24,74.82
AIG,2026-09-25,74.17
AIG,2026-09-28,72.78
AIG,2026-09-29,75.27
AIR.PA,2026-09-24,194.38
AIR.PA,2026-09-25,192.4
AIR.PA,2026-09-28,193.1
AIR.PA,2026-09-29,190.48
AIR.PA,2026-09-30,191.24
AIZ,2026-09-23,266.97
AIZ,2026-09-24,261.86
AIZ,2026-09-25,265.0
AIZ,2026-09-28,263.53
AIZ,2026-09-29,263.65
AJB.L,2026-09-24,567.5
AJB.L,2026-09-25,567.0
AJB.L,2026-09-28,574.0
AJB.L,2026-09-29,577.5
AJB.L,2026-09-30,586.5
AJG,2026-09-23,229.64
AJG,2026-09-24,227.13
AJG,2026-09-25,231.1
AJG,2026-09-28,229.46
AJG,2026-09-29,227.75
AKAM,2026-09-23,118.44
AKAM,2026-09-24,110.41
AKAM,2026-09-25,113.94
AKAM,2026-09-28,108.99
AKAM,2026-09-29,108.45
ALB,2026-09-23,113.47
ALB,2026-09-24,108.25
ALB,2026-09-25,109.73
ALB,2026-09-28,107.39
ALB,2026-09-29,107.62
ALFA.L,2026-09-24,155.2
ALFA.L,2026-09-25,155.0
ALFA.L,2026-09-28,154.4
ALFA.L,2026-09-29,154.6
ALFA.L,2026-09-30,155.2
ALGN,2026-09-23,148.17
ALGN,2026-09-24,145.63
ALGN,2026-09-25,146.78
ALGN,2026-09-28,145.0
ALGN,2026-09-29,144.01
ALL,2026-09-23,225.66
ALL,2026-09-24,227.17
ALL,2026-09-25,227.6
ALL,2026-09-28,227.55
ALL,2026-09-29,225.42
ALLE,2026-09-23,154.09
ALLE,2026-09-24,152.48
ALLE,2026-09-25,154.47
ALLE,2026-09-28,155.38
ALLE,2026-09-29,155.43
ALV.DE,2026-09-24,419.2
ALV.DE,2026-09-25,423.5
ALV.DE,2026-09-28,425.5
ALV.DE,2026-09-29,422.8
ALV.DE,2026-09-30,418.0
ALW.L,2026-09-24,1374.0
ALW.L,2026-09-25,1386.0
ALW.L,2026-09-28,1376.0
ALW.L,2026-09-29,1380.0
ALW.L,2026-09-30,1375.0
AMAT,2026-09-23,474.38
AMAT,2026-09-24,474.25
AMAT,2026-09-25,485.0
AMAT,2026-09-28,486.76
AMAT,2026-09-29,512.01
AMCR,2026-09-23,42.8
AMCR,2026-09-24,42.1
AMCR,2026-09-25,42.51
AMCR,2026-09-28,42.79
AMCR,2026-09-29,42.46
AMD,2026-09-23,614.61
AMD,2026-09-24,629.26
AMD,2026-09-25,630.63
AMD,2026-09-28,607.87
AMD,2026-09-29,607.57
AME,2026-09-23,246.45
AME,2026-09-24,247.74
AME,2026-09-25,250.74
AME,2026-09-28,251.67
AME,2026-09-29,250.78
AMGN,2026-09-23,406.09
AMGN,2026-09-24,406.04
AMGN,2026-09-25,414.61
AMGN,2026-09-28,418.13
AMGN,2026-09-29,423.64
AMP,2026-09-23,502.79
AMP,2026-09-24,485.15
AMP,2026-09-25,493.0
AMP,2026-09-28,496.16
AMP,2026-09-29,497.32
AMP.MI,2026-09-24,11.57
AMP.MI,2026-09-25,11.425
AMP.MI,2026-09-28,12.12
AMP.MI,2026-09-29,11.96
AMP.MI,2026-09-30,12.13
AMT,2026-09-23,170.78
AMT,2026-09-24,167.26
AMT,2026-09-25,169.03
AMT,2026-09-28,168.0
AMT,2026-09-29,167.35
AMZN,2026-09-23,249.27
AMZN,2026-09-24,249.38
AMZN,2026-09-25,249.67
AMZN,2026-09-28,246.15
AMZN,2026-09-29,246.67
ANET,2026-09-23,203.47
ANET,2026-09-24,205.7
ANET,2026-09-25,206.55
ANET,2026-09-28,204.92
ANET,2026-09-29,202.86
ANTO.L,2026-09-24,3718.0
ANTO.L,2026-09-25,3730.0
ANTO.L,2026-09-28,3652.0
ANTO.L,2026-09-29,3650.0
ANTO.L,2026-09-30,3756.0
AO.L,2026-09-24,88.8
AO.L,2026-09-25,89.7
AO.L,2026-09-28,89.8
AO.L,2026-09-29,88.9
AO.L,2026-09-30,90.0
AON,2026-09-23,281.6
AON,2026-09-24,276.09
AON,2026-09-25,277.99
AON,2026-09-28,272.1
AON,2026-09-29,275.9
AOS,2026-09-23,57.74
AOS,2026-09-24,57.7
AOS,2026-09-25,58.65
AOS,2026-09-28,58.38
AOS,2026-09-29,58.02
APA,2026-09-23,43.7
APA,2026-09-24,43.68
APA,2026-09-25,42.74
APA,2026-09-28,42.33
APA,2026-09-29,42.19
APD,2026-09-23,286.97
APD,2026-09-24,284.49
APD,2026-09-25,281.76
APD,2026-09-28,278.75
APD,2026-09-29,279.19
APH,2026-09-23,82.19
APH,2026-09-24,83.08
APH,2026-09-25,84.09
APH,2026-09-28,84.62
APH,2026-09-29,84.34
APN.L,2026-09-24,270.5
APN.L,2026-09-25,271.0
APN.L,2026-09-28,274.0
APN.L,2026-09-29,273.0
APN.L,2026-09-30,275.0
APO,2026-09-23,124.36
APO,2026-09-24,120.69
APO,2026-09-25,121.69
APO,2026-09-28,119.0
APO,2026-09-29,119.0
APP,2026-09-23,315.25
APP,2026-09-24,312.47
APP,2026-09-25,310.75
APP,2026-09-28,308.24
APP,2026-09-29,305.66
APTV,2026-09-23,45.17
APTV,2026-09-24,43.58
APTV,2026-09-25,44.79
APTV,2026-09-28,43.64
APTV,2026-09-29,43.37
ARE,2026-09-23,51.86
ARE,2026-09-24,50.48
ARE,2026-09-25,49.93
ARE,2026-09-28,48.66
ARE,2026-09-29,48.47
ARES,2026-09-23,121.48
ARES,2026-09-24,120.11
ARES,2026-09-25,122.01
ARES,2026-09-28,118.34
ARES,2026-09-29,118.97
ARGX,2026-09-23,945.82
ARGX,2026-09-24,962.22
ARGX,2026-09-25,959.49
ARGX,2026-09-28,972.25
ARGX,2026-09-29,970.66
ARGX.BR,2026-09-24,834.8
ARGX.BR,2026-09-25,845.2
ARGX.BR,2026-09-28,844.6
ARGX.BR,2026-09-29,848.4
ARGX.BR,2026-09-30,848.6
ASHM.L,2026-09-24,211.8
ASHM.L,2026-09-25,214.6
ASHM.L,2026-09-28,216.6
ASHM.L,2026-09-29,215.8
ASHM.L,2026-09-30,220.6
ASL.L,2026-09-24,1748.0
ASL.L,2026-09-25,1764.0
ASL.L,2026-09-28,1778.0
ASL.L,2026-09-29,1800.0
ASL.L,2026-09-30,1821.2432
ASML,2026-09-23,1744.61
ASML,2026-09-24,1722.5
ASML,2026-09-25,1743.9399
ASML,2026-09-28,1771.41
ASML,2026-09-29,1834.39
ASML.AS,2026-09-24,1503.2
ASML.AS,2026-09-25,1522.6
ASML.AS,2026-09-28,1537.0
ASML.AS,2026-09-29,1601.2
ASML.AS,2026-09-30,1607.2
ATG.L,2026-09-24,427.8
ATG.L,2026-09-25,434.4
ATG.L,2026-09-28,434.0
ATG.L,2026-09-29,439.6
ATG.L,2026-09-30,449.4
ATO,2026-09-23,156.24
ATO,2026-09-24,156.42
ATO,2026-09-25,157.21
ATO,2026-09-28,157.05
ATO,2026-09-29,157.6
ATR.L,2026-09-24,726.0
ATR.L,2026-09-25,729.0
ATR.L,2026-09-28,728.0
ATR.L,2026-09-29,729.0
ATR.L,2026-09-30,724.8083
ATT.L,2026-09-24,754.0
ATT.L,2026-09-25,761.0
ATT.L,2026-09-28,751.0
ATT.L,2026-09-29,759.0
ATT.L,2026-09-30,756.0
ATYM.L,2026-09-24,1030.0
ATYM.L,2026-09-25,1036.0
ATYM.L,2026-09-28,1042.0
ATYM.L,2026-09-29,1055.0
ATYM.L,2026-09-30,1055.0
AUTO.L,2026-09-24,460.0
AUTO.L,2026-09-25,456.4
AUTO.L,2026-09-28,448.8
AUTO.L,2026-09-29,448.1
AUTO.L,2026-09-30,450.8
AV.L,2026-09-24,697.8
AV.L,2026-09-25,699.2
AV.L,2026-09-28,697.2
AV.L,2026-09-29,694.8
AV.L,2026-09-30,692.2
AVGO,2026-09-23,354.99
AVGO,2026-09-24,350.36
AVGO,2026-09-25,352.81
AVGO,2026-09-28,349.57
AVGO,2026-09-29,355.1
AVIO.MI,2026-09-24,28.33
AVIO.MI,2026-09-25,28.98
AVIO.MI,2026-09-28,28.74
AVIO.MI,2026-09-29,29.56
AVIO.MI,2026-09-30,29.64
AVON.L,2026-09-24,1800.0
AVON.L,2026-09-25,1802.0
AVON.L,2026-09-28,1788.0
AVON.L,2026-09-29,1802.0
AVON.L,2026-09-30,1830.0
AVY,2026-09-23,172.66
AVY,2026-09-24,169.01
AVY,2026-09-25,170.34
AVY,2026-09-28,171.89
AVY,2026-09-29,170.78
AWK,2026-09-23,133.06
AWK,2026-09-24,131.53
AWK,2026-09-25,130.91
AWK,2026-09-28,128.93
AWK,2026-09-29,129.8
AXON,2026-09-23,450.61
AXON,2026-09-24,445.0
AXON,2026-09-25,430.11
AXON,2026-09-28,424.75
AXON,2026-09-29,419.58
AXP,2026-09-23,301.96
AXP,2026-09-24,305.66
AXP,2026-09-25,308.89
AXP,2026-09-28,306.33
AXP,2026-09-29,305.4
AZM.MI,2026-09-24,38.85
AZM.MI,2026-09-25,38.88
AZM.MI,2026-09-28,39.17
AZM.MI,2026-09-29,39.43
AZM.MI,2026-09-30,39.34
AZN,2026-09-23,163.33
AZN,2026-09-24,164.56
AZN,2026-09-25,166.58
AZN,2026-09-28,166.15
AZN,2026-09-29,164.21
AZN.L,2026-09-24,12400.0
AZN.L,2026-09-25,12552.0
AZN.L,2026-09-28,12492.0
AZN.L,2026-09-29,12428.0
AZN.L,2026-09-30,12336.0
AZO,2026-09-23,2843.3401
AZO,2026-09-24,2861.75
AZO,2026-09-25,2872.1599
AZO,2026-09-28,2913.28
AZO,2026-09-29,2875.97
BA,2026-09-23,199.93
BA,2026-09-24,196.8
BA,2026-09-25,198.07
BA,2026-09-28,184.39
BA,2026-09-29,187.68
BA.L,2026-09-24,1992.5
BA.L,2026-09-25,1972.0
BA.L,2026-09-28,1965.5
BA.L,2026-09-29,1947.5
BA.L,2026-09-30,1966.0
BAB.L,2026-09-24,985.4
BAB.L,2026-09-25,988.2
BAB.L,2026-09-28,986.0
BAB.L,2026-09-29,999.0
BAB.L,2026-09-30,1006.0
BAC,2026-09-23,56.0
BAC,2026-09-24,56.03
BAC,2026-09-25,56.7
BAC,2026-09-28,55.47
BAC,2026-09-29,54.96
BAG.L,2026-09-24,594.0
BAG.L,2026-09-25,594.0
BAG.L,2026-09-28,599.0
BAG.L,2026-09-29,578.0
BAG.L,2026-09-30,576.384
BALL,2026-09-23,58.82
BALL,2026-09-24,56.66
BALL,2026-09-25,56.83
BALL,2026-09-28,57.13
BALL,2026-09-29,56.65
BAMI.MI,2026-09-24,16.215
BAMI.MI,2026-09-25,16.4
BAMI.MI,2026-09-28,16.39
BAMI.MI,2026-09-29,16.255
BAMI.MI,2026-09-30,16.085
BARC.L,2026-09-24,456.6
BARC.L,2026-09-25,463.9
BARC.L,2026-09-28,462.4
BARC.L,2026-09-29,459.0
BARC.L,2026-09-30,457.95
BAS.DE,2026-09-24,52.3
BAS.DE,2026-09-25,50.42
BAS.DE,2026-09-28,50.28
BAS.DE,2026-09-29,49.94
BAS.DE,2026-09-30,50.45
BATS.L,2026-09-24,4243.0
BATS.L,2026-09-25,4180.0
BATS.L,2026-09-28,4223.0
BATS.L,2026-09-29,4144.0
BATS.L,2026-09-30,4164.0
BAX,2026-09-23,23.49
BAX,2026-09-24,23.48
BAX,2026-09-25,23.37
BAX,2026-09-28,23.49
BAX,2026-09-29,23.48
BAYN.DE,2026-09-24,49.38
BAYN.DE,2026-09-25,50.02
BAYN.DE,2026-09-28,50.8
BAYN.DE,2026-09-29,48.88
BAYN.DE,2026-09-30,48.85
BBOX.L,2026-09-24,147.1
BBOX.L,2026-09-25,146.7
BBOX.L,2026-09-28,145.9
BBOX.L,2026-09-29,146.3
BBOX.L,2026-09-30,147.1
BBVA,2026-09-23,28.09
BBVA,2026-09-24,28.47
BBVA,2026-09-25,28.87
BBVA,2026-09-28,28.8
BBVA,2026-09-29,28.64
BBVA.MC,2026-09-24,24.88
BBVA.MC,2026-09-25,25.2
BBVA.MC,2026-09-28,25.23
BBVA.MC,2026-09-29,25.18
BBVA.MC,2026-09-30,25.06
BBY,2026-09-23,90.8
BBY,2026-09-24,91.0
BBY,2026-09-25,90.51
BBY,2026-09-28,89.91
BBY,2026-09-29,88.75
BBY.L,2026-09-24,928.5
BBY.L,2026-09-25,935.0
BBY.L,2026-09-28,945.0
BBY.L,2026-09-29,930.5
BBY.L,2026-09-30,924.0
BC.MI,2026-09-24,80.96
BC.MI,2026-09-25,80.8
BC.MI,2026-09-28,82.4
BC.MI,2026-09-29,82.88
BC.MI,2026-09-30,83.02
BCG.L,2026-09-24,2.1
BCG.L,2026-09-25,2.05
BCG.L,2026-09-28,2.022
BCG.L,2026-09-29,2.04
BCG.L,2026-09-30,2.024
BCS,2026-09-23,24.29
BCS,2026-09-24,24.43
BCS,2026-09-25,24.81
BCS,2026-09-28,24.61
BCS,2026-09-29,24.49
BDX,2026-09-23,182.52
BDX,2026-09-24,179.23
BDX,2026-09-25,183.82
BDX,2026-09-28,183.83
BDX,2026-09-29,181.97
BE,2026-09-23,275.19
BE,2026-09-24,266.65
BE,2026-09-25,288.7
BE,2026-09-28,262.87
BE,2026-09-29,291.25
BEI.DE,2026-09-24,78.18
BEI.DE,2026-09-25,78.56
BEI.DE,2026-09-28,78.56
BEI.DE,2026-09-29,77.58
BEI.DE,2026-09-30,77.94
BEN,2026-09-23,32.71
BEN,2026-09-24,32.55
BEN,2026-09-25,33.02
BEN,2026-09-28,32.68
BEN,2026-09-29,32.67
BEZ.L,2026-09-24,1306.0
BEZ.L,2026-09-25,1306.0
BEZ.L,2026-09-28,1307.0
BEZ.L,2026-09-29,1308.0
BEZ.L,2026-09-30,1308.1
BF-B,2026-09-23,26.29
BF-B,2026-09-24,26.0
BF-B,2026-09-25,26.16
BF-B,2026-09-28,26.03
BF-B,2026-09-29,26.29
BG,2026-09-23,111.48
BG,2026-09-24,110.21
BG,2026-09-25,109.0
BG,2026-09-28,109.06
BG,2026-09-29,108.14
BGEO.L,2026-09-24,14120.0
BGEO.L,2026-09-25,14580.0
BGEO.L,2026-09-28,14600.0
BGEO.L,2026-09-29,14380.0
BGEO.L,2026-09-30,14510.0
BGFD.L,2026-09-24,1072.0
BGFD.L,2026-09-25,1084.0
BGFD.L,2026-09-28,1074.0
BGFD.L,2026-09-29,1082.0
BGFD.L,2026-09-30,1089.37
BHMG.L,2026-09-24,411.5
BHMG.L,2026-09-25,411.5
BHMG.L,2026-09-28,411.5
BHMG.L,2026-09-29,412.0
BHMG.L,2026-09-30,413.0982
BIIB,2026-09-23,227.53
BIIB,2026-09-24,226.36
BIIB,2026-09-25,227.6
BIIB,2026-09-28,228.69
BIIB,2026-09-29,227.07
BKG.L,2026-09-24,3330.0
BKG.L,2026-09-25,3370.0
BKG.L,2026-09-28,3364.0
BKG.L,2026-09-29,3356.0
BKG.L,2026-09-30,3372.0
BKNG,2026-09-23,155.9
BKNG,2026-09-24,157.41
BKNG,2026-09-25,163.95
BKNG,2026-09-28,163.87
BKNG,2026-09-29,162.34
BKR,2026-09-23,58.03
BKR,2026-09-24,57.29
BKR,2026-09-25,57.83
BKR,2026-09-28,57.12
BKR,2026-09-29,55.92
BLK,2026-09-23,1060.89
BLK,2026-09-24,1073.45
BLK,2026-09-25,1086.3101
BLK,2026-09-28,1071.25
BLK,2026-09-29,1067.9399
BLND.L,2026-09-24,395.6
BLND.L,2026-09-25,396.6
BLND.L,2026-09-28,396.4
BLND.L,2026-09-29,393.2
BLND.L,2026-09-30,398.809
BME.L,2026-09-24,245.8
BME.L,2026-09-25,248.4
BME.L,2026-09-28,252.0
BME.L,2026-09-29,252.0
BME.L,2026-09-30,259.8
BMED.MI,2026-09-24,23.23
BMED.MI,2026-09-25,23.28
BMED.MI,2026-09-28,23.57
BMED.MI,2026-09-29,23.56
BMED.MI,2026-09-30,23.86
BMPS.MI,2026-09-24,11.816
BMPS.MI,2026-09-25,11.966
BMPS.MI,2026-09-28,11.958
BMPS.MI,2026-09-29,11.916
BMPS.MI,2026-09-30,11.862
BMW.DE,2026-09-24,56.46
BMW.DE,2026-09-25,55.72
BMW.DE,2026-09-28,55.18
BMW.DE,2026-09-29,54.5
BMW.DE,2026-09-30,55.98
BMY,2026-09-23,61.15
BMY,2026-09-24,61.5
BMY,2026-09-25,62.86
BMY,2026-09-28,63.88
BMY,2026-09-29,62.86
BMY.L,2026-09-24,619.0
BMY.L,2026-09-25,620.0
BMY.L,2026-09-28,627.0
BMY.L,2026-09-29,637.0
BMY.L,2026-09-30,631.0
BN.PA,2026-09-24,60.14
BN.PA,2026-09-25,59.56
BN.PA,2026-09-28,59.5
BN.PA,2026-09-29,58.76
BN.PA,2026-09-30,59.06
BNKR.L,2026-09-24,152.8
BNKR.L,2026-09-25,153.4
BNKR.L,2026-09-28,153.4
BNKR.L,2026-09-29,154.0
BNKR.L,2026-09-30,153.695
BNP.PA,2026-09-24,98.43
BNP.PA,2026-09-25,99.3
BNP.PA,2026-09-28,98.26
BNP.PA,2026-09-29,97.4
BNP.PA,2026-09-30,95.48
BNR.DE,2026-09-24,58.86
BNR.DE,2026-09-25,59.56
BNR.DE,2026-09-28,59.6
BNR.DE,2026-09-29,59.28
BNR.DE,2026-09-30,59.56
BNY,2026-09-23,149.51
BNY,2026-09-24,150.19
BNY,2026-09-25,150.15
BNY,2026-09-28,148.44
BNY,2026-09-29,146.98
BNZL.L,2026-09-24,2688.0
BNZL.L,2026-09-25,2638.0
BNZL.L,2026-09-28,2654.0
BNZL.L,2026-09-29,2618.0
BNZL.L,2026-09-30,2620.0
BOWL.L,2026-09-24,244.5
BOWL.L,2026-09-25,245.5
BOWL.L,2026-09-28,248.5
BOWL.L,2026-09-29,249.5
BOWL.L,2026-09-30,254.5
BOY.L,2026-09-24,950.0
BOY.L,2026-09-25,946.5
BOY.L,2026-09-28,917.0
BOY.L,2026-09-29,917.5
BOY.L,2026-09-30,917.5
BP,2026-09-23,44.49
BP,2026-09-24,44.41
BP,2026-09-25,44.15
BP,2026-09-28,44.43
BP,2026-09-29,43.52
BP.L,2026-09-24,571.8
BP.L,2026-09-25,558.5
BP.L,2026-09-28,563.5
BP.L,2026-09-29,550.7
BP.L,2026-09-30,545.3
BPCR.L,2026-09-24,0.972
BPCR.L,2026-09-25,0.982
BPCR.L,2026-09-28,0.984
BPCR.L,2026-09-29,0.984
BPCR.L,2026-09-30,0.984
BPE.MI,2026-09-24,14.056
BPE.MI,2026-09-25,14.346
BPE.MI,2026-09-28,14.26
BPE.MI,2026-09-29,14.196
BPE.MI,2026-09-30,14.22
BPT.L,2026-09-24,300.0
BPT.L,2026-09-25,300.0
BPT.L,2026-09-28,318.0
BPT.L,2026-09-29,321.6
BPT.L,2026-09-30,332.8
BR,2026-09-23,163.45
BR,2026-09-24,162.66
BR,2026-09-25,163.77
BR,2026-09-28,162.92
BR,2026-09-29,160.95
BRBY.L,2026-09-24,1024.5
BRBY.L,2026-09-25,1017.0
BRBY.L,2026-09-28,1023.5
BRBY.L,2026-09-29,1028.5
BRBY.L,2026-09-30,1033.5
BREE.L,2026-09-24,305.8
BREE.L,2026-09-25,308.6
BREE.L,2026-09-28,335.6
BREE.L,2026-09-29,332.2
BREE.L,2026-09-30,329.4
BRGE.L,2026-09-24,589.0
BRGE.L,2026-09-25,594.0
BRGE.L,2026-09-28,589.0
BRGE.L,2026-09-29,595.0
BRGE.L,2026-09-30,593.0
BRK-B,2026-09-23,507.17
BRK-B,2026-09-24,505.18
BRK-B,2026-09-25,505.48
BRK-B,2026-09-28,503.09
BRK-B,2026-09-29,502.35
BRO,2026-09-23,61.7
BRO,2026-09-24,60.33
BRO,2026-09-25,60.82
BRO,2026-09-28,60.24
BRO,2026-09-29,60.6
BRSC.L,2026-09-24,264.0
BRSC.L,2026-09-25,264.5
BRSC.L,2026-09-28,266.5
BRSC.L,2026-09-29,266.5
BRSC.L,2026-09-30,269.5
BRWM.L,2026-09-24,972.0
BRWM.L,2026-09-25,981.0
BRWM.L,2026-09-28,958.0
BRWM.L,2026-09-29,954.0
BRWM.L,2026-09-30,963.305
BSX,2026-09-23,44.62
BSX,2026-09-24,44.68
BSX,2026-09-25,43.92
BSX,2026-09-28,44.11
BSX,2026-09-29,43.88
BT-A.L,2026-09-24,193.4
BT-A.L,2026-09-25,196.55
BT-A.L,2026-09-28,194.45
BT-A.L,2026-09-29,196.0
BT-A.L,2026-09-30,193.35
BTI,2026-09-23,55.85
BTI,2026-09-24,56.02
BTI,2026-09-25,55.63
BTI,2026-09-28,56.05
BTI,2026-09-29,54.85
BTRW.L,2026-09-24,304.0
BTRW.L,2026-09-25,309.0
BTRW.L,2026-09-28,345.2
BTRW.L,2026-09-29,340.4
BTRW.L,2026-09-30,339.7
BUD,2026-09-23,77.06
BUD,2026-09-24,77.42
BUD,2026-09-25,78.0
BUD,2026-09-28,77.1
BUD,2026-09-29,74.29
BUT.L,2026-09-24,1554.0
BUT.L,2026-09-25,1558.0
BUT.L,2026-09-28,1554.0
BUT.L,2026-09-29,1558.0
BUT.L,2026-09-30,1558.1903
BVI.PA,2026-09-24,26.76
BVI.PA,2026-09-25,26.89
BVI.PA,2026-09-28,26.57
BVI.PA,2026-09-29,27.07
BVI.PA,2026-09-30,26.83
BWY.L,2026-09-24,2042.0
BWY.L,2026-09-25,2068.0
BWY.L,2026-09-28,2282.0
BWY.L,2026-09-29,2242.0
BWY.L,2026-09-30,2246.0
BX,2026-09-23,119.27
BX,2026-09-24,117.21
BX,2026-09-25,118.42
BX,2026-09-28,114.56
BX,2026-09-29,114.0
BXP,2026-09-23,62.36
BXP,2026-09-24,62.27
BXP,2026-09-25,63.4
BXP,2026-09-28,62.43
BXP,2026-09-29,61.71
BYG.L,2026-09-24,822.0
BYG.L,2026-09-25,820.0
BYG.L,2026-09-28,827.5
BYG.L,2026-09-29,820.5
BYG.L,2026-09-30,833.0
BYIT.L,2026-09-24,436.2
BYIT.L,2026-09-25,440.0
BYIT.L,2026-09-28,437.2
BYIT.L,2026-09-29,443.6
BYIT.L,2026-09-30,446.56
BZU.MI,2026-09-24,36.7
BZU.MI,2026-09-25,37.18
BZU.MI,2026-09-28,37.48
BZU.MI,2026-09-29,37.5
BZU.MI,2026-09-30,37.48
C,2026-09-23,131.93
C,2026-09-24,132.1
C,2026-09-25,134.28
C,2026-09-28,131.31
C,2026-09-29,130.8
CA.PA,2026-09-24,16.14
CA.PA,2026-09-25,16.2
CA.PA,2026-09-28,16.49
CA.PA,2026-09-29,16.265
CA.PA,2026-09-30,16.025
CAH,2026-09-23,221.27
CAH,2026-09-24,222.62
CAH,2026-09-25,220.22
CAH,2026-09-28,220.29
CAH,2026-09-29,223.91
CAP.PA,2026-09-24,103.75
CAP.PA,2026-09-25,104.5
CAP.PA,2026-09-28,102.95
CAP.PA,2026-09-29,103.5
CAP.PA,2026-09-30,103.4
CARR,2026-09-23,55.1
CARR,2026-09-24,54.87
CARR,2026-09-25,56.37
CARR,2026-09-28,55.87
CARR,2026-09-29,55.38
CASY,2026-09-23,597.31
CASY,2026-09-24,598.85
CASY,2026-09-25,598.46
CASY,2026-09-28,606.24
CASY,2026-09-29,599.9
CAT,2026-09-23,812.02
CAT,2026-09-24,805.25
CAT,2026-09-25,821.58
CAT,2026-09-28,819.95
CAT,2026-09-29,826.64
CB,2026-09-23,335.21
CB,2026-09-24,334.84
CB,2026-09-25,333.37
CB,2026-09-28,331.37
CB,2026-09-29,332.08
CBG.L,2026-09-24,381.2
CBG.L,2026-09-25,386.8
CBG.L,2026-09-28,386.0
CBG.L,2026-09-29,445.8
CBG.L,2026-09-30,441.3558
CBK.DE,2026-09-24,41.07
CBK.DE,2026-09-25,42.19
CBK.DE,2026-09-28,42.38
CBK.DE,2026-09-29,41.99
CBK.DE,2026-09-30,40.74
CBOE,2026-09-23,268.87
CBOE,2026-09-24,267.57
CBOE,2026-09-25,258.03
CBOE,2026-09-28,253.26
CBOE,2026-09-29,261.75
CBRE,2026-09-23,136.41
CBRE,2026-09-24,136.53
CBRE,2026-09-25,134.55
CBRE,2026-09-28,130.35
CBRE,2026-09-29,130.84
CCC.L,2026-09-24,5240.0
CCC.L,2026-09-25,5410.0
CCC.L,2026-09-28,5330.0
CCC.L,2026-09-29,5320.0
CCC.L,2026-09-30,5345.0
CCEP.L,2026-09-24,7600.0
CCEP.L,2026-09-25,7620.0
CCEP.L,2026-09-28,7690.0
CCEP.L,2026-09-29,7740.0
CCEP.L,2026-09-30,7750.0
CCH.L,2026-09-24,4360.0
CCH.L,2026-09-25,4372.0
CCH.L,2026-09-28,4288.0
CCH.L,2026-09-29,4348.0
CCH.L,2026-09-30,4376.0
CCI,2026-09-23,70.23
CCI,2026-09-24,67.63
CCI,2026-09-25,67.84
CCI,2026-09-28,67.1
CCI,2026-09-29,67.07
CCL,2026-09-23,21.8
CCL,2026-09-24,21.79
CCL,2026-09-25,22.25
CCL,2026-09-28,22.14
CCL,2026-09-29,25.11
CDNS,2026-09-23,309.09
CDNS,2026-09-24,322.0
CDNS,2026-09-25,326.13
CDNS,2026-09-28,326.7
CDNS,2026-09-29,324.17
CDW,2026-09-23,146.16
CDW,2026-09-24,139.46
CDW,2026-09-25,135.43
CDW,2026-09-28,130.33
CDW,2026-09-29,129.71
CEG,2026-09-23,263.88
CEG,2026-09-24,261.62
CEG,2026-09-25,263.27
CEG,2026-09-28,260.43
CEG,2026-09-29,264.58
CF,2026-09-23,120.64
CF,2026-09-24,118.44
CF,2026-09-25,114.67
CF,2026-09-28,115.51
CF,2026-09-29,115.71
CFG,2026-09-23,64.61
CFG,2026-09-24,64.73
CFG,2026-09-25,65.53
CFG,2026-09-28,64.8
CFG,2026-09-29,63.89
CGT.L,2026-09-24,512.0
CGT.L,2026-09-25,512.0
CGT.L,2026-09-28,511.0
CGT.L,2026-09-29,515.0
CGT.L,2026-09-30,514.0
CHD,2026-09-23,96.02
CHD,2026-09-24,95.33
CHD,2026-09-25,96.38
CHD,2026-09-28,95.62
CHD,2026-09-29,94.95
CHG.L,2026-09-24,535.0
CHG.L,2026-09-25,535.5
CHG.L,2026-09-28,535.0
CHG.L,2026-09-29,537.5
CHG.L,2026-09-30,548.5
CHRW,2026-09-23,149.67
CHRW,2026-09-24,146.2
CHRW,2026-09-25,147.1
CHRW,2026-09-28,148.24
CHRW,2026-09-29,149.71
CHTR,2026-09-23,116.61
CHTR,2026-09-24,117.55
CHTR,2026-09-25,112.91
CHTR,2026-09-28,111.4
CHTR,2026-09-29,110.67
CI,2026-09-23,268.27
CI,2026-09-24,265.5
CI,2026-09-25,272.01
CI,2026-09-28,271.83
CI,2026-09-29,275.26
CIEN,2026-09-23,355.91
CIEN,2026-09-24,358.43
CIEN,2026-09-25,356.91
CIEN,2026-09-28,344.19
CIEN,2026-09-29,354.92
CINF,2026-09-23,162.57
CINF,2026-09-24,162.33
CINF,2026-09-25,162.54
CINF,2026-09-28,161.92
CINF,2026-09-29,161.13
CKN.L,2026-09-24,5125.0
CKN.L,2026-09-25,5150.0
CKN.L,2026-09-28,5095.0
CKN.L,2026-09-29,5100.0
CKN.L,2026-09-30,5075.0
CL,2026-09-23,85.93
CL,2026-09-24,85.32
CL,2026-09-25,86.06
CL,2026-09-28,86.52
CL,2026-09-29,86.46
CLDN.L,2026-09-24,379.0
CLDN.L,2026-09-25,380.5
CLDN.L,2026-09-28,378.5
CLDN.L,2026-09-29,377.5
CLDN.L,2026-09-30,376.7222
CLX,2026-09-23,83.94
CLX,2026-09-24,81.8
CLX,2026-09-25,83.8
CLX,2026-09-28,81.42
CLX,2026-09-29,81.6
CMCSA,2026-09-23,22.55
CMCSA,2026-09-24,22.13
CMCSA,2026-09-25,21.91
CMCSA,2026-09-28,21.79
CMCSA,2026-09-29,21.6
CMCX.L,2026-09-24,669.0
CMCX.L,2026-09-25,677.0
CMCX.L,2026-09-28,663.0
CMCX.L,2026-09-29,661.0
CMCX.L,2026-09-30,666.0
CME,2026-09-23,270.8
CME,2026-09-24,268.91
CME,2026-09-25,264.48
CME,2026-09-28,263.24
CME,2026-09-29,263.22
CMG,2026-09-23,32.71
CMG,2026-09-24,32.01
CMG,2026-09-25,31.33
CMG,2026-09-28,31.85
CMG,2026-09-29,31.88
CMI,2026-09-23,524.65
CMI,2026-09-24,521.07
CMI,2026-09-25,525.06
CMI,2026-09-28,517.84
CMI,2026-09-29,521.37
CMS,2026-09-23,63.15
CMS,2026-09-24,62.77
CMS,2026-09-25,62.95
CMS,2026-09-28,62.6
CMS,2026-09-29,63.45
CNA.L,2026-09-24,149.3
CNA.L,2026-09-25,147.4
CNA.L,2026-09-28,146.55
CNA.L,2026-09-29,146.6
CNA.L,2026-09-30,148.5
CNC,2026-09-23,62.08
CNC,2026-09-24,61.92
CNC,2026-09-25,61.82
CNC,2026-09-28,62.53
CNC,2026-09-29,62.21
CNP,2026-09-23,37.16
CNP,2026-09-24,36.82
CNP,2026-09-25,36.84
CNP,2026-09-28,36.62
CNP,2026-09-29,36.94
COA.L,2026-09-24,80.9
COA.L,2026-09-25,81.15
COA.L,2026-09-28,82.1
COA.L,2026-09-29,81.7
COA.L,2026-09-30,83.0
COF,2026-09-23,196.1
COF,2026-09-24,196.61
COF,2026-09-25,200.2
COF,2026-09-28,196.46
COF,2026-09-29,196.46
COHR,2026-09-23,300.6
COHR,2026-09-24,290.61
COHR,2026-09-25,295.83
COHR,2026-09-28,282.45
COHR,2026-09-29,292.21
COIN,2026-09-23,198.13
COIN,2026-09-24,199.21
COIN,2026-09-25,195.11
COIN,2026-09-28,191.79
COIN,2026-09-29,190.02
CON.DE,2026-09-24,69.18
CON.DE,2026-09-25,69.0
CON.DE,2026-09-28,68.76
CON.DE,2026-09-29,68.3
CON.DE,2026-09-30,68.0
COO,2026-09-23,56.07
COO,2026-09-24,55.38
COO,2026-09-25,55.38
COO,2026-09-28,56.57
COO,2026-09-29,56.63
COP,2026-09-23,128.09
COP,2026-09-24,129.34
COP,2026-09-25,127.3
COP,2026-09-28,126.04
COP,2026-09-29,125.44
COR,2026-09-23,312.28
COR,2026-09-24,309.87
COR,2026-09-25,306.92
COR,2026-09-28,303.81
COR,2026-09-29,307.6
CORD.L,2026-09-24,125.0
CORD.L,2026-09-25,127.0
CORD.L,2026-09-28,124.5
CORD.L,2026-09-29,124.0
CORD.L,2026-09-30,124.842
COST,2026-09-23,904.7
COST,2026-09-24,896.48
COST,2026-09-25,922.77
COST,2026-09-28,922.92
COST,2026-09-29,924.59
COST.L,2026-09-24,254.0
COST.L,2026-09-25,256.0
COST.L,2026-09-28,262.5
COST.L,2026-09-29,260.5
COST.L,2026-09-30,260.0
CPAY,2026-09-23,395.16
CPAY,2026-09-24,400.32
CPAY,2026-09-25,398.11
CPAY,2026-09-28,396.23
CPAY,2026-09-29,392.7
CPG.L,2026-09-24,29.12
CPG.L,2026-09-25,29.44
CPG.L,2026-09-28,29.54
CPG.L,2026-09-29,29.45
CPG.L,2026-09-30,29.76
CPR.MI,2026-09-24,5.956
CPR.MI,2026-09-25,5.968
CPR.MI,2026-09-28,5.924
CPR.MI,2026-09-29,6.01
CPR.MI,2026-09-30,6.134
CPRT,2026-09-23,28.87
CPRT,2026-09-24,28.04
CPRT,2026-09-25,27.59
CPRT,2026-09-28,27.22
CPRT,2026-09-29,27.14
CPT,2026-09-23,97.68
CPT,2026-09-24,97.41
CPT,2026-09-25,98.12
CPT,2026-09-28,98.4
CPT,2026-09-29,98.46
CRDA.L,2026-09-24,3227.0
CRDA.L,2026-09-25,3236.0
CRDA.L,2026-09-28,3255.0
CRDA.L,2026-09-29,3276.0
CRDA.L,2026-09-30,3328.0
CRH,2026-09-23,85.23
CRH,2026-09-24,83.96
CRH,2026-09-25,85.04
CRH,2026-09-28,83.75
CRH,2026-09-29,84.53
CRL,2026-09-23,277.33
CRL,2026-09-24,294.44
CRL,2026-09-25,292.84
CRL,2026-09-28,294.59
CRL,2026-09-29,295.96
CRM,2026-09-23,237.58
CRM,2026-09-24,238.22
CRM,2026-09-25,234.02
CRM,2026-09-28,227.27
CRM,2026-09-29,225.31
CRWD,2026-09-23,262.49
CRWD,2026-09-24,259.67
CRWD,2026-09-25,252.13
CRWD,2026-09-28,259.25
CRWD,2026-09-29,262.74
CS.PA,2026-09-24,43.97
CS.PA,2026-09-25,44.0
CS.PA,2026-09-28,43.98
CS.PA,2026-09-29,43.49
CS.PA,2026-09-30,42.51
CSCO,2026-09-23,106.43
CSCO,2026-09-24,106.97
CSCO,2026-09-25,106.7
CSCO,2026-09-28,106.74
CSCO,2026-09-29,106.94
CSGP,2026-09-23,28.26
CSGP,2026-09-24,27.86
CSGP,2026-09-25,28.09
CSGP,2026-09-28,27.02
CSGP,2026-09-29,26.95
CSN.L,2026-09-24,351.0
CSN.L,2026-09-25,352.5
CSN.L,2026-09-28,355.5
CSN.L,2026-09-29,356.5
CSN.L,2026-09-30,356.0
CSX,2026-09-23,47.19
CSX,2026-09-24,46.95
CSX,2026-09-25,46.78
CSX,2026-09-28,46.76
CSX,2026-09-29,46.93
CTAS,2026-09-23,191.97
CTAS,2026-09-24,197.68
CTAS,2026-09-25,199.91
CTAS,2026-09-28,200.58
CTAS,2026-09-29,197.74
CTEC.L,2026-09-24,211.6
CTEC.L,2026-09-25,209.4
CTEC.L,2026-09-28,212.0
CTEC.L,2026-09-29,217.0
CTEC.L,2026-09-30,217.4
CTSH,2026-09-23,59.14
CTSH,2026-09-24,57.17
CTSH,2026-09-25,57.33
CTSH,2026-09-28,56.75
CTSH,2026-09-29,56.84
CTVA,2026-09-23,80.42
CTVA,2026-09-24,79.45
CTVA,2026-09-25,78.52
CTVA,2026-09-28,77.74
CTVA,2026-09-29,77.87
CTY.L,2026-09-24,579.0
CTY.L,2026-09-25,580.0
CTY.L,2026-09-28,581.0
CTY.L,2026-09-29,578.0
CTY.L,2026-09-30,580.0
CURY.L,2026-09-24,146.8
CURY.L,2026-09-25,146.1
CURY.L,2026-09-28,146.8
CURY.L,2026-09-29,146.4
CURY.L,2026-09-30,148.4
CVNA,2026-09-23,63.95
CVNA,2026-09-24,64.18
CVNA,2026-09-25,65.06
CVNA,2026-09-28,60.47
CVNA,2026-09-29,63.62
CVS,2026-09-23,85.86
CVS,2026-09-24,85.05
CVS,2026-09-25,89.13
CVS,2026-09-28,87.85
CVS,2026-09-29,87.1
CVSG.L,2026-09-24,1221.0
CVSG.L,2026-09-25,1208.0
CVSG.L,2026-09-28,1253.0
CVSG.L,2026-09-29,1240.0
CVSG.L,2026-09-30,1232.0
CVX,2026-09-23,205.51
CVX,2026-09-24,205.65
CVX,2026-09-25,204.45
CVX,2026-09-28,206.37
CVX,2026-09-29,204.38
CWK.L,2026-09-24,5080.0
CWK.L,2026-09-25,5030.0
CWK.L,2026-09-28,5110.0
CWK.L,2026-09-29,5060.0
CWK.L,2026-09-30,5120.0
CWR.L,2026-09-24,388.6
CWR.L,2026-09-25,417.8
CWR.L,2026-09-28,387.8
CWR.L,2026-09-29,393.0
CWR.L,2026-09-30,406.18
D,2026-09-23,61.17
D,2026-09-24,60.4
D,2026-09-25,60.68
D,2026-09-28,60.28
D,2026-09-29,60.64
DAL,2026-09-23,81.75
DAL,2026-09-24,82.76
DAL,2026-09-25,84.94
DAL,2026-09-28,84.03
DAL,2026-09-29,84.87
DASH,2026-09-23,189.27
DASH,2026-09-24,187.53
DASH,2026-09-25,193.36
DASH,2026-09-28,178.39
DASH,2026-09-29,187.1
DASTY,2026-09-23,24.01
DASTY,2026-09-24,24.13
DASTY,2026-09-25,23.95
DASTY,2026-09-28,23.82
DASTY,2026-09-29,23.39
DATA.L,2026-09-24,57.6
DATA.L,2026-09-25,58.0
DATA.L,2026-09-28,58.7
DATA.L,2026-09-29,57.6
DATA.L,2026-09-30,58.0
DB,2026-09-23,35.87
DB,2026-09-24,35.62
DB,2026-09-25,36.57
DB,2026-09-28,36.08
DB,2026-09-29,36.11
DB1.DE,2026-09-24,282.8
DB1.DE,2026-09-25,284.8
DB1.DE,2026-09-28,287.1
DB1.DE,2026-09-29,287.1
DB1.DE,2026-09-30,288.0
DBK.DE,2026-09-24,30.93
DBK.DE,2026-09-25,31.76
DBK.DE,2026-09-28,31.565
DBK.DE,2026-09-29,31.75
DBK.DE,2026-09-30,31.73
DCC.L,2026-09-24,6440.0
DCC.L,2026-09-25,6435.0
DCC.L,2026-09-28,6440.0
DCC.L,2026-09-29,6435.0
DCC.L,2026-09-30,6440.0
DD,2026-09-23,130.88
DD,2026-09-24,130.22
DD,2026-09-25,131.71
DD,2026-09-28,130.98
DD,2026-09-29,130.12
DDOG,2026-09-23,251.49
DDOG,2026-09-24,256.92
DDOG,2026-09-25,268.13
DDOG,2026-09-28,268.7
DDOG,2026-09-29,268.56
DE,2026-09-23,709.48
DE,2026-09-24,694.94
DE,2026-09-25,690.46
DE,2026-09-28,689.59
DE,2026-09-29,680.5
DECK,2026-09-23,78.59
DECK,2026-09-24,78.68
DECK,2026-09-25,78.67
DECK,2026-09-28,78.36
DECK,2026-09-29,77.68
DELL,2026-09-23,549.83
DELL,2026-09-24,536.02
DELL,2026-09-25,562.89
DELL,2026-09-28,543.43
DELL,2026-09-29,539.59
DEO,2026-09-23,86.11
DEO,2026-09-24,86.83
DEO,2026-09-25,87.52
DEO,2026-09-28,86.24
DEO,2026-09-29,85.34
DG,2026-09-23,120.6
DG,2026-09-24,122.53
DG,2026-09-25,124.84
DG,2026-09-28,124.37
DG,2026-09-29,122.64
DG.PA,2026-09-24,110.5
DG.PA,2026-09-25,111.3
DG.PA,2026-09-28,111.15
DG.PA,2026-09-29,108.5
DG.PA,2026-09-30,106.5
DGE.L,2026-09-24,1642.5
DGE.L,2026-09-25,1642.0
DGE.L,2026-09-28,1619.5
DGE.L,2026-09-29,1610.0
DGE.L,2026-09-30,1628.5
DGX,2026-09-23,233.0
DGX,2026-09-24,236.59
DGX,2026-09-25,236.32
DGX,2026-09-28,237.62
DGX,2026-09-29,231.97
DHI,2026-09-23,140.17
DHI,2026-09-24,140.35
DHI,2026-09-25,141.51
DHI,2026-09-28,139.42
DHI,2026-09-29,139.4
DHL.DE,2026-09-24,56.48
DHL.DE,2026-09-25,57.2
DHL.DE,2026-09-28,56.98
DHL.DE,2026-09-29,56.96
DHL.DE,2026-09-30,57.06
DHR,2026-09-23,221.56
DHR,2026-09-24,223.77
DHR,2026-09-25,224.49
DHR,2026-09-28,227.33
DHR,2026-09-29,226.11
DIA.MI,2026-09-24,78.54
DIA.MI,2026-09-25,78.8
DIA.MI,2026-09-28,79.28
DIA.MI,2026-09-29,78.5
DIA.MI,2026-09-30,77.92
DIS,2026-09-23,103.46
DIS,2026-09-24,105.56
DIS,2026-09-25,106.15
DIS,2026-09-28,105.59
DIS,2026-09-29,105.41
DLN.L,2026-09-24,1792.0
DLN.L,2026-09-25,1810.0
DLN.L,2026-09-28,1798.0
DLN.L,2026-09-29,1804.0
DLN.L,2026-09-30,1824.0
DLR,2026-09-23,181.45
DLR,2026-09-24,181.0
DLR,2026-09-25,178.61
DLR,2026-09-28,177.18
DLR,2026-09-29,176.56
DLTR,2026-09-23,113.16
DLTR,2026-09-24,113.5
DLTR,2026-09-25,114.07
DLTR,2026-09-28,116.02
DLTR,2026-09-29,113.3
DNLM.L,2026-09-24,775.0
DNLM.L,2026-09-25,782.0
DNLM.L,2026-09-28,803.0
DNLM.L,2026-09-29,801.5
DNLM.L,2026-09-30,807.5
DOC,2026-09-23,20.48
DOC,2026-09-24,20.27
DOC,2026-09-25,20.31
DOC,2026-09-28,20.1
DOC,2026-09-29,20.13
DOCS.L,2026-09-24,67.6
DOCS.L,2026-09-25,67.8
DOCS.L,2026-09-28,68.9
DOCS.L,2026-09-29,69.2
DOCS.L,2026-09-30,70.4
DOM.L,2026-09-24,207.2
DOM.L,2026-09-25,209.2
DOM.L,2026-09-28,211.2
DOM.L,2026-09-29,212.8
DOM.L,2026-09-30,216.2
DOV,2026-09-23,189.03
DOV,2026-09-24,187.89
DOV,2026-09-25,191.88
DOV,2026-09-28,191.48
DOV,2026-09-29,189.7
DOW,2026-09-23,28.65
DOW,2026-09-24,28.56
DOW,2026-09-25,28.02
DOW,2026-09-28,27.89
DOW,2026-09-29,27.61
DPLM.L,2026-09-24,7715.0
DPLM.L,2026-09-25,7750.0
DPLM.L,2026-09-28,7710.0
DPLM.L,2026-09-29,7825.0
DPLM.L,2026-09-30,7765.0
DPZ,2026-09-23,296.43
DPZ,2026-09-24,293.03
DPZ,2026-09-25,292.14
DPZ,2026-09-28,292.27
DPZ,2026-09-29,301.81
DRI,2026-09-23,213.69
DRI,2026-09-24,207.24
DRI,2026-09-25,199.75
DRI,2026-09-28,197.02
DRI,2026-09-29,195.11
DRX.L,2026-09-24,807.5
DRX.L,2026-09-25,807.5
DRX.L,2026-09-28,806.5
DRX.L,2026-09-29,808.0
DRX.L,2026-09-30,820.0
DSCV.L,2026-09-24,803.0
DSCV.L,2026-09-25,813.0
DSCV.L,2026-09-28,810.0
DSCV.L,2026-09-29,822.0
DSCV.L,2026-09-30,826.0
DSY.PA,2026-09-24,21.17
DSY.PA,2026-09-25,21.07
DSY.PA,2026-09-28,21.07
DSY.PA,2026-09-29,20.64
DSY.PA,2026-09-30,20.32
DTE,2026-09-23,122.89
DTE,2026-09-24,121.18
DTE,2026-09-25,121.44
DTE,2026-09-28,120.83
DTE,2026-09-29,122.39
DTE.DE,2026-09-24,26.89
DTE.DE,2026-09-25,27.0
DTE.DE,2026-09-28,26.67
DTE.DE,2026-09-29,26.4
DTE.DE,2026-09-30,26.21
DTG.DE,2026-09-24,41.86
DTG.DE,2026-09-25,42.54
DTG.DE,2026-09-28,43.01
DTG.DE,2026-09-29,42.16
DTG.DE,2026-09-30,42.3
DUK,2026-09-23,114.17
DUK,2026-09-24,113.23
DUK,2026-09-25,113.35
DUK,2026-09-28,113.41
DUK,2026-09-29,114.21
DVA,2026-09-23,183.14
DVA,2026-09-24,174.67
DVA,2026-09-25,178.47
DVA,2026-09-28,178.07
DVA,2026-09-29,175.19
DVN,2026-09-23,48.04
DVN,2026-09-24,48.9
DVN,2026-09-25,47.05
DVN,2026-09-28,46.73
DVN,2026-09-29,46.6
DXCM,2026-09-23,87.73
DXCM,2026-09-24,87.47
DXCM,2026-09-25,86.62
DXCM,2026-09-28,86.68
DXCM,2026-09-29,86.64
E,2026-09-23,54.83
E,2026-09-24,55.04
E,2026-09-25,54.71
E,2026-09-28,55.62
E,2026-09-29,54.65
EBAY,2026-09-23,109.09
EBAY,2026-09-24,107.83
EBAY,2026-09-25,107.9
EBAY,2026-09-28,107.32
EBAY,2026-09-29,105.21
ECHO,2026-09-23,92.72
ECHO,2026-09-24,90.38
ECHO,2026-09-25,90.11
ECHO,2026-09-28,89.22
ECHO,2026-09-29,89.89
ECL,2026-09-23,276.72
ECL,2026-09-24,275.37
ECL,2026-09-25,279.49
ECL,2026-09-28,280.23
ECL,2026-09-29,277.87
ED,2026-09-23,102.61
ED,2026-09-24,102.71
ED,2026-09-25,103.1
ED,2026-09-28,102.83
ED,2026-09-29,103.33
EDEN.PA,2026-09-24,27.43
EDEN.PA,2026-09-25,27.46
EDEN.PA,2026-09-28,28.16
EDEN.PA,2026-09-29,28.22
EDEN.PA,2026-09-30,27.94
EDIN.L,2026-09-24,831.0
EDIN.L,2026-09-25,829.0
EDIN.L,2026-09-28,832.0
EDIN.L,2026-09-29,829.0
EDIN.L,2026-09-30,830.52
EDV.L,2026-09-24,4452.0
EDV.L,2026-09-25,4525.0
EDV.L,2026-09-28,4325.0
EDV.L,2026-09-29,4284.0
EDV.L,2026-09-30,4307.0
EFX,2026-09-23,155.32
EFX,2026-09-24,148.8
EFX,2026-09-25,148.11
EFX,2026-09-28,145.78
EFX,2026-09-29,140.83
EG,2026-09-23,372.36
EG,2026-09-24,371.96
EG,2026-09-25,370.43
EG,2026-09-28,369.8
EG,2026-09-29,368.81
EIX,2026-09-23,53.51
EIX,2026-09-24,52.54
EIX,2026-09-25,52.65
EIX,2026-09-28,51.47
EIX,2026-09-29,53.56
EL,2026-09-23,98.83
EL,2026-09-24,95.37
EL,2026-09-25,94.47
EL,2026-09-28,95.57
EL,2026-09-29,94.37
EL.PA,2026-09-24,144.7
EL.PA,2026-09-25,143.9
EL.PA,2026-09-28,146.1
EL.PA,2026-09-29,144.6
EL.PA,2026-09-30,146.5
ELM.L,2026-09-24,175.6
ELM.L,2026-09-25,177.4
ELM.L,2026-09-28,176.2
ELM.L,2026-09-29,174.2
ELM.L,2026-09-30,180.0
ELV,2026-09-23,398.56
ELV,2026-09-24,398.25
ELV,2026-09-25,396.09
ELV,2026-09-28,394.59
ELV,2026-09-29,392.73
EME,2026-09-23,751.8
EME,2026-09-24,751.96
EME,2026-09-25,762.21
EME,2026-09-28,765.52
EME,2026-09-29,762.03
EMG.L,2026-09-24,332.6
EMG.L,2026-09-25,330.0
EMG.L,2026-09-28,329.8
EMG.L,2026-09-29,324.6
EMG.L,2026-09-30,328.6
EMR,2026-09-23,154.59
EMR,2026-09-24,156.14
EMR,2026-09-25,158.23
EMR,2026-09-28,159.39
EMR,2026-09-29,157.24
EN.PA,2026-09-24,43.0
EN.PA,2026-09-25,43.14
EN.PA,2026-09-28,43.0
EN.PA,2026-09-29,42.61
EN.PA,2026-09-30,41.8
ENEL.MI,2026-09-24,8.821
ENEL.MI,2026-09-25,8.913
ENEL.MI,2026-09-28,8.713
ENEL.MI,2026-09-29,8.779
ENEL.MI,2026-09-30,8.764
ENGI.PA,2026-09-24,23.42
ENGI.PA,2026-09-25,23.35
ENGI.PA,2026-09-28,23.2
ENGI.PA,2026-09-29,23.02
ENGI.PA,2026-09-30,22.83
ENI.MI,2026-09-24,24.375
ENI.MI,2026-09-25,24.09
ENI.MI,2026-09-28,24.58
ENI.MI,2026-09-29,24.29
ENI.MI,2026-09-30,24.0
ENOG.L,2026-09-24,748.5
ENOG.L,2026-09-25,718.0
ENOG.L,2026-09-28,733.5
ENOG.L,2026-09-29,711.0
ENOG.L,2026-09-30,713.3342
ENR.DE,2026-09-24,142.1
ENR.DE,2026-09-25,142.6
ENR.DE,2026-09-28,140.88
ENR.DE,2026-09-29,145.82
ENR.DE,2026-09-30,144.88
ENT.L,2026-09-24,446.1
ENT.L,2026-09-25,449.6
ENT.L,2026-09-28,426.9
ENT.L,2026-09-29,424.5
ENT.L,2026-09-30,418.6
EOAN.DE,2026-09-24,17.2
EOAN.DE,2026-09-25,17.185
EOAN.DE,2026-09-28,17.15
EOAN.DE,2026-09-29,16.905
EOAN.DE,2026-09-30,16.99
EOG,2026-09-23,141.84
EOG,2026-09-24,142.86
EOG,2026-09-25,140.35
EOG,2026-09-28,140.63
EOG,2026-09-29,139.66
EQIX,2026-09-23,1037.66
EQIX,2026-09-24,1034.76
EQIX,2026-09-25,1008.08
EQIX,2026-09-28,1011.07
EQIX,2026-09-29,1015.27
EQT,2026-09-23,51.06
EQT,2026-09-24,51.87
EQT,2026-09-25,50.81
EQT,2026-09-28,49.87
EQT,2026-09-29,48.88
ERF.PA,2026-09-24,77.72
ERF.PA,2026-09-25,77.36
ERF.PA,2026-09-28,78.72
ERF.PA,2026-09-29,76.2
ERF.PA,2026-09-30,75.56
ERIE,2026-09-23,225.77
ERIE,2026-09-24,218.96
ERIE,2026-09-25,222.86
ERIE,2026-09-28,221.92
ERIE,2026-09-29,222.43
ES,2026-09-23,64.91
ES,2026-09-24,63.8
ES,2026-09-25,63.67
ES,2026-09-28,63.28
ES,2026-09-29,63.9
ESCT.L,2026-09-24,236.0
ESCT.L,2026-09-25,235.5
ESCT.L,2026-09-28,233.5
ESCT.L,2026-09-29,233.5
ESCT.L,2026-09-30,234.5
ESS,2026-09-23,273.47
ESS,2026-09-24,271.65
ESS,2026-09-25,271.61
ESS,2026-09-28,273.01
ESS,2026-09-29,273.93
ETN,2026-09-23,438.76
ETN,2026-09-24,440.0
ETN,2026-09-25,439.98
ETN,2026-09-28,431.41
ETN,2026-09-29,433.27
ETR,2026-09-23,99.23
ETR,2026-09-24,98.16
ETR,2026-09-25,98.57
ETR,2026-09-28,98.1
ETR,2026-09-29,99.76
EVRG,2026-09-23,78.42
EVRG,2026-09-24,77.66
EVRG,2026-09-25,78.04
EVRG,2026-09-28,77.91
EVRG,2026-09-29,78.73
EW,2026-09-23,86.82
EW,2026-09-24,85.73
EW,2026-09-25,86.29
EW,2026-09-28,86.83
EW,2026-09-29,88.08
EWG.L,2026-09-24,93.0
EWG.L,2026-09-25,93.8
EWG.L,2026-09-28,93.9
EWG.L,2026-09-29,95.1
EWG.L,2026-09-30,94.4
EWI.L,2026-09-24,276.5
EWI.L,2026-09-25,277.5
EWI.L,2026-09-28,275.5
EWI.L,2026-09-29,278.5
EWI.L,2026-09-30,279.0511
EXC,2026-09-23,40.69
EXC,2026-09-24,40.2
EXC,2026-09-25,40.34
EXC,2026-09-28,40.32
EXC,2026-09-29,40.65
EXE,2026-09-23,87.04
EXE,2026-09-24,88.62
EXE,2026-09-25,86.84
EXE,2026-09-28,85.31
EXE,2026-09-29,84.18
EXPD,2026-09-23,188.03
EXPD,2026-09-24,183.66
EXPD,2026-09-25,187.46
EXPD,2026-09-28,188.58
EXPD,2026-09-29,188.16
EXPE,2026-09-23,259.04
EXPE,2026-09-24,261.75
EXPE,2026-09-25,264.17
EXPE,2026-09-28,264.23
EXPE,2026-09-29,266.33
EXPN.L,2026-09-24,2636.0
EXPN.L,2026-09-25,2610.0
EXPN.L,2026-09-28,2517.0
EXPN.L,2026-09-29,2472.0
EXPN.L,2026-09-30,2450.6201
EXR,2026-09-23,133.84
EXR,2026-09-24,132.23
EXR,2026-09-25,133.35
EXR,2026-09-28,131.68
EXR,2026-09-29,133.49
EZJ.L,2026-09-24,670.0
EZJ.L,2026-09-25,675.0
EZJ.L,2026-09-28,674.0
EZJ.L,2026-09-29,677.8
EZJ.L,2026-09-30,677.0
F,2026-09-23,12.94
F,2026-09-24,12.6
F,2026-09-25,12.71
F,2026-09-28,12.38
F,2026-09-29,12.3
FAN.L,2026-09-24,638.0
FAN.L,2026-09-25,639.0
FAN.L,2026-09-28,653.0
FAN.L,2026-09-29,654.0
FAN.L,2026-09-30,656.0
FANG,2026-09-23,185.65
FANG,2026-09-24,189.01
FANG,2026-09-25,186.67
FANG,2026-09-28,185.23
FANG,2026-09-29,183.95
FAST,2026-09-23,50.99
FAST,2026-09-24,50.73
FAST,2026-09-25,50.43
FAST,2026-09-28,50.49
FAST,2026-09-29,49.96
FBK.MI,2026-09-24,21.9
FBK.MI,2026-09-25,21.86
FBK.MI,2026-09-28,21.67
FBK.MI,2026-09-29,22.0
FBK.MI,2026-09-30,22.32
FCH.L,2026-09-24,180.0
FCH.L,2026-09-25,183.4
FCH.L,2026-09-28,182.8
FCH.L,2026-09-29,184.6
FCH.L,2026-09-30,186.7
FCIT.L,2026-09-24,343.2
FCIT.L,2026-09-25,345.4
FCIT.L,2026-09-28,345.4
FCIT.L,2026-09-29,345.6
FCIT.L,2026-09-30,344.3986
FCSS.L,2026-09-24,253.5
FCSS.L,2026-09-25,253.5
FCSS.L,2026-09-28,253.0
FCSS.L,2026-09-29,251.0
FCSS.L,2026-09-30,251.0
FCT.MI,2026-09-24,11.755
FCT.MI,2026-09-25,11.78
FCT.MI,2026-09-28,11.63
FCT.MI,2026-09-29,12.16
FCT.MI,2026-09-30,12.265
FCX,2026-09-23,72.58
FCX,2026-09-24,72.08
FCX,2026-09-25,72.31
FCX,2026-09-28,71.96
FCX,2026-09-29,70.79
FDS,2026-09-23,279.43
FDS,2026-09-24,271.25
FDS,2026-09-25,273.08
FDS,2026-09-28,267.67
FDS,2026-09-29,259.97
FDX,2026-09-23,291.5
FDX,2026-09-24,279.54
FDX,2026-09-25,285.85
FDX,2026-09-28,289.65
FDX,2026-09-29,287.47
FDXF,2026-09-23,119.22
FDXF,2026-09-24,113.81
FDXF,2026-09-25,113.18
FDXF,2026-09-28,112.3
FDXF,2026-09-29,112.06
FE,2026-09-23,43.65
FE,2026-09-24,43.19
FE,2026-09-25,43.3
FE,2026-09-28,43.02
FE,2026-09-29,43.64
FEML.L,2026-09-24,1516.0
FEML.L,2026-09-25,1522.0
FEML.L,2026-09-28,1492.0
FEML.L,2026-09-29,1486.0
FEML.L,2026-09-30,1470.0
FERG,2026-09-23,221.17
FERG,2026-09-24,220.17
FERG,2026-09-25,222.74
FERG,2026-09-28,227.3
FERG,2026-09-29,223.87
FEV.L,2026-09-24,425.0
FEV.L,2026-09-25,423.5
FEV.L,2026-09-28,425.0
FEV.L,2026-09-29,426.0
FEV.L,2026-09-30,425.0
FFIV,2026-09-23,455.99
FFIV,2026-09-24,446.55
FFIV,2026-09-25,443.06
FFIV,2026-09-28,435.56
FFIV,2026-09-29,438.07
FGEN.L,2026-09-24,88.2
FGEN.L,2026-09-25,87.3
FGEN.L,2026-09-28,87.1
FGEN.L,2026-09-29,87.6
FGEN.L,2026-09-30,88.8
FGP.L,2026-09-24,175.1
FGP.L,2026-09-25,177.5
FGP.L,2026-09-28,178.9
FGP.L,2026-09-29,180.3
FGP.L,2026-09-30,182.4
FGT.L,2026-09-24,779.0
FGT.L,2026-09-25,778.0
FGT.L,2026-09-28,772.0
FGT.L,2026-09-29,767.0
FGT.L,2026-09-30,768.0
FICO,2026-09-23,879.62
FICO,2026-09-24,856.48
FICO,2026-09-25,863.09
FICO,2026-09-28,840.89
FICO,2026-09-29,617.87
FIS,2026-09-23,34.67
FIS,2026-09-24,34.99
FIS,2026-09-25,35.41
FIS,2026-09-28,34.31
FIS,2026-09-29,33.35
FISV,2026-09-23,45.95
FISV,2026-09-24,45.98
FISV,2026-09-25,46.48
FISV,2026-09-28,46.02
FISV,2026-09-29,45.36
FITB,2026-09-23,51.69
FITB,2026-09-24,51.46
FITB,2026-09-25,52.1
FITB,2026-09-28,51.57
FITB,2026-09-29,50.97
FIX,2026-09-23,1625.9
FIX,2026-09-24,1643.39
FIX,2026-09-25,1658.91
FIX,2026-09-28,1658.3
FIX,2026-09-29,1665.05
FLEX,2026-09-23,112.3
FLEX,2026-09-24,112.4
FLEX,2026-09-25,114.68
FLEX,2026-09-28,113.04
FLEX,2026-09-29,113.83
FME.DE,2026-09-24,39.35
FME.DE,2026-09-25,39.8
FME.DE,2026-09-28,40.48
FME.DE,2026-09-29,39.2
FME.DE,2026-09-30,39.37
FMS,2026-09-23,22.41
FMS,2026-09-24,22.35
FMS,2026-09-25,22.69
FMS,2026-09-28,22.95
FMS,2026-09-29,22.27
FOUR.L,2026-09-24,4528.0
FOUR.L,2026-09-25,4516.0
FOUR.L,2026-09-28,4526.0
FOUR.L,2026-09-29,4496.0
FOUR.L,2026-09-30,4519.0581
FOX,2026-09-23,56.96
FOX,2026-09-24,57.2
FOX,2026-09-25,56.54
FOX,2026-09-28,56.55
FOX,2026-09-29,55.83
FOXA,2026-09-23,63.96
FOXA,2026-09-24,63.84
FOXA,2026-09-25,63.07
FOXA,2026-09-28,63.06
FOXA,2026-09-29,62.48
FRAS.L,2026-09-24,795.0
FRAS.L,2026-09-25,805.0
FRAS.L,2026-09-28,807.0
FRAS.L,2026-09-29,803.5
FRAS.L,2026-09-30,806.0
FRE.DE,2026-09-24,45.735
FRE.DE,2026-09-25,46.15
FRE.DE,2026-09-28,46.465
FRE.DE,2026-09-29,44.2
FRE.DE,2026-09-30,44.875
FRES.L,2026-09-24,2823.0
FRES.L,2026-09-25,2890.0
FRES.L,2026-09-28,2743.0
FRES.L,2026-09-29,2724.0
FRES.L,2026-09-30,2730.0
FRT,2026-09-23,109.39
FRT,2026-09-24,110.35
FRT,2026-09-25,110.52
FRT,2026-09-28,109.83
FRT,2026-09-29,109.39
FSG.L,2026-09-24,426.0
FSG.L,2026-09-25,430.5
FSG.L,2026-09-28,434.5
FSG.L,2026-09-29,434.0
FSG.L,2026-09-30,448.0
FSLR,2026-09-23,191.97
FSLR,2026-09-24,172.16
FSLR,2026-09-25,177.71
FSLR,2026-09-28,172.97
FSLR,2026-09-29,176.93
FSV.L,2026-09-24,459.0
FSV.L,2026-09-25,461.0
FSV.L,2026-09-28,462.0
FSV.L,2026-09-29,467.0
FSV.L,2026-09-30,470.8988
FTNT,2026-09-23,178.74
FTNT,2026-09-24,178.67
FTNT,2026-09-25,173.46
FTNT,2026-09-28,176.33
FTNT,2026-09-29,175.96
FTSEMIB.MI,2026-09-24,51543.0
FTSEMIB.MI,2026-09-25,51867.0
FTSEMIB.MI,2026-09-28,51760.0
FTSEMIB.MI,2026-09-29,51805.0
FTSEMIB.MI,2026-09-30,51656.2305
FTV,2026-09-23,56.26
FTV,2026-09-24,55.44
FTV,2026-09-25,56.09
FTV,2026-09-28,55.76
FTV,2026-09-29,55.41
G.MI,2026-09-24,43.32
G.MI,2026-09-25,43.72
G.MI,2026-09-28,43.07
G.MI,2026-09-29,43.51
G.MI,2026-09-30,42.9
G1A.DE,2026-09-24,66.05
G1A.DE,2026-09-25,66.65
G1A.DE,2026-09-28,67.05
G1A.DE,2026-09-29,66.75
G1A.DE,2026-09-30,66.55
G24.DE,2026-09-24,68.5
G24.DE,2026-09-25,67.35
G24.DE,2026-09-28,66.65
G24.DE,2026-09-29,67.1
G24.DE,2026-09-30,67.0
GAMA.L,2026-09-24,1120.0
GAMA.L,2026-09-25,1122.0
GAMA.L,2026-09-28,1120.0
GAMA.L,2026-09-29,1125.0
GAMA.L,2026-09-30,1126.0
GAW.L,2026-09-24,17430.0
GAW.L,2026-09-25,17570.0
GAW.L,2026-09-28,17750.0
GAW.L,2026-09-29,17670.0
GAW.L,2026-09-30,17840.0
GCP.L,2026-09-24,84.4
GCP.L,2026-09-25,85.0
GCP.L,2026-09-28,83.7
GCP.L,2026-09-29,83.2
GCP.L,2026-09-30,83.1
GD,2026-09-23,343.33
GD,2026-09-24,336.29
GD,2026-09-25,336.72
GD,2026-09-28,334.16
GD,2026-09-29,332.34
GDDY,2026-09-23,96.38
GDDY,2026-09-24,100.81
GDDY,2026-09-25,97.14
GDDY,2026-09-28,93.71
GDDY,2026-09-29,94.06
GDWN.L,2026-09-24,14000.0
GDWN.L,2026-09-25,14060.0
GDWN.L,2026-09-28,13940.0
GDWN.L,2026-09-29,14420.0
GDWN.L,2026-09-30,13781.0
GE,2026-09-23,319.8
GE,2026-09-24,319.78
GE,2026-09-25,327.09
GE,2026-09-28,318.24
GE,2026-09-29,317.89
GEHC,2026-09-23,66.09
GEHC,2026-09-24,66.38
GEHC,2026-09-25,66.63
GEHC,2026-09-28,66.78
GEHC,2026-09-29,66.46
GEN,2026-09-23,26.23
GEN,2026-09-24,23.07
GEN,2026-09-25,21.62
GEN,2026-09-28,20.85
GEN,2026-09-29,20.85
GEN.L,2026-09-24,262.2
GEN.L,2026-09-25,265.8
GEN.L,2026-09-28,306.4
GEN.L,2026-09-29,290.8
GEN.L,2026-09-30,292.0
GEV,2026-09-23,951.82
GEV,2026-09-24,955.04
GEV,2026-09-25,957.63
GEV,2026-09-28,949.77
GEV,2026-09-29,962.49
GFRD.L,2026-09-24,704.0
GFRD.L,2026-09-25,698.0
GFRD.L,2026-09-28,703.0
GFRD.L,2026-09-29,692.0
GFRD.L,2026-09-30,698.0
GFTU.L,2026-09-24,959.9
GFTU.L,2026-09-25,963.9
GFTU.L,2026-09-28,988.5
GFTU.L,2026-09-29,988.0
GFTU.L,2026-09-30,985.5
GILD,2026-09-23,151.37
GILD,2026-09-24,149.69
GILD,2026-09-25,150.93
GILD,2026-09-28,152.21
GILD,2026-09-29,151.28
GIS,2026-09-23,35.82
GIS,2026-09-24,34.83
GIS,2026-09-25,33.64
GIS,2026-09-28,33.6
GIS,2026-09-29,33.82
GL,2026-09-23,168.75
GL,2026-09-24,167.32
GL,2026-09-25,167.04
GL,2026-09-28,166.69
GL,2026-09-29,166.08
GLE.PA,2026-09-24,69.87
GLE.PA,2026-09-25,72.31
GLE.PA,2026-09-28,71.46
GLE.PA,2026-09-29,70.63
GLE.PA,2026-09-30,69.78
GLEN.L,2026-09-24,549.0
GLEN.L,2026-09-25,561.1
GLEN.L,2026-09-28,551.5
GLEN.L,2026-09-29,551.8
GLEN.L,2026-09-30,553.4
GLW,2026-09-23,154.48
GLW,2026-09-24,154.15
GLW,2026-09-25,156.74
GLW,2026-09-28,151.59
GLW,2026-09-29,158.71
GM,2026-09-23,83.77
GM,2026-09-24,80.57
GM,2026-09-25,82.63
GM,2026-09-28,80.64
GM,2026-09-29,80.47
GNC.L,2026-09-24,245.2
GNC.L,2026-09-25,247.8
GNC.L,2026-09-28,246.0
GNC.L,2026-09-29,246.0
GNC.L,2026-09-30,256.2
GNRC,2026-09-23,199.42
GNRC,2026-09-24,198.05
GNRC,2026-09-25,208.14
GNRC,2026-09-28,205.21
GNRC,2026-09-29,212.22
GNS.L,2026-09-24,2074.0
GNS.L,2026-09-25,2092.0
GNS.L,2026-09-28,2132.0
GNS.L,2026-09-29,2186.0
GNS.L,2026-09-30,2180.0
GOOG,2026-09-23,334.98
GOOG,2026-09-24,339.01
GOOG,2026-09-25,341.08
GOOG,2026-09-28,339.16
GOOG,2026-09-29,337.32
GOOGL,2026-09-23,337.83
GOOGL,2026-09-24,342.36
GOOGL,2026-09-25,343.92
GOOGL,2026-09-28,342.75
GOOGL,2026-09-29,340.92
GPC,2026-09-23,128.76
GPC,2026-09-24,129.26
GPC,2026-09-25,129.61
GPC,2026-09-28,128.13
GPC,2026-09-29,126.95
GPE.L,2026-09-24,305.4
GPE.L,2026-09-25,307.4
GPE.L,2026-09-28,306.0
GPE.L,2026-09-29,313.2
GPE.L,2026-09-30,314.0
GPN,2026-09-23,84.0
GPN,2026-09-24,85.31
GPN,2026-09-25,86.49
GPN,2026-09-28,84.7
GPN,2026-09-29,83.33
GRG.L,2026-09-24,1789.0
GRG.L,2026-09-25,1861.0
GRG.L,2026-09-28,1848.0
GRG.L,2026-09-29,1875.0
GRG.L,2026-09-30,2014.0
GRI.L,2026-09-24,164.0
GRI.L,2026-09-25,163.3
GRI.L,2026-09-28,164.5
GRI.L,2026-09-29,167.5
GRI.L,2026-09-30,168.4
GRMN,2026-09-23,287.58
GRMN,2026-09-24,295.04
GRMN,2026-09-25,294.14
GRMN,2026-09-28,294.05
GRMN,2026-09-29,290.23
GROW.L,2026-09-24,662.5
GROW.L,2026-09-25,670.5
GROW.L,2026-09-28,679.0
GROW.L,2026-09-29,686.5
GROW.L,2026-09-30,692.5
GS,2026-09-23,936.36
GS,2026-09-24,923.29
GS,2026-09-25,935.45
GS,2026-09-28,916.28
GS,2026-09-29,916.24
GSCT.L,2026-09-24,190.4
GSCT.L,2026-09-25,190.8
GSCT.L,2026-09-28,190.4
GSCT.L,2026-09-29,190.0
GSCT.L,2026-09-30,190.6
GSK,2026-09-23,49.71
GSK,2026-09-24,49.65
GSK,2026-09-25,49.24
GSK,2026-09-28,49.7
GSK,2026-09-29,49.35
GSK.L,2026-09-24,1877.0
GSK.L,2026-09-25,1851.0
GSK.L,2026-09-28,1860.0
GSK.L,2026-09-29,1856.0
GSK.L,2026-09-30,1849.325
GWW,2026-09-23,1270.67
GWW,2026-09-24,1279.47
GWW,2026-09-25,1243.0699
GWW,2026-09-28,1255.6899
GWW,2026-09-29,1248.67
HAL,2026-09-23,33.01
HAL,2026-09-24,32.76
HAL,2026-09-25,32.76
HAL,2026-09-28,32.43
HAL,2026-09-29,31.54
HANA.L,2026-09-24,338.0
HANA.L,2026-09-25,338.0
HANA.L,2026-09-28,335.0
HANA.L,2026-09-29,333.0
HANA.L,2026-09-30,328.0
HAS,2026-09-23,86.52
HAS,2026-09-24,86.81
HAS,2026-09-25,88.09
HAS,2026-09-28,89.45
HAS,2026-09-29,88.26
HAS.L,2026-09-24,63.35
HAS.L,2026-09-25,63.95
HAS.L,2026-09-28,64.2
HAS.L,2026-09-29,63.75
HAS.L,2026-09-30,62.85
HBAN,2026-09-23,15.38
HBAN,2026-09-24,15.31
HBAN,2026-09-25,15.64
HBAN,2026-09-28,15.3
HBAN,2026-09-29,15.27
HBR.L,2026-09-24,280.6
HBR.L,2026-09-25,267.6
HBR.L,2026-09-28,271.4
HBR.L,2026-09-29,261.6
HBR.L,2026-09-30,261.328
HCA,2026-09-23,436.48
HCA,2026-09-24,423.48
HCA,2026-09-25,435.61
HCA,2026-09-28,432.6
HCA,2026-09-29,431.63
HD,2026-09-23,296.72
HD,2026-09-24,292.18
HD,2026-09-25,293.2
HD,2026-09-28,289.89
HD,2026-09-29,288.04
HEI.DE,2026-09-24,143.1
HEI.DE,2026-09-25,144.0
HEI.DE,2026-09-28,143.3
HEI.DE,2026-09-29,144.5
HEI.DE,2026-09-30,143.0
HEN3.DE,2026-09-24,74.12
HEN3.DE,2026-09-25,73.74
HEN3.DE,2026-09-28,74.1
HEN3.DE,2026-09-29,73.82
HEN3.DE,2026-09-30,73.28
HER.MI,2026-09-24,3.576
HER.MI,2026-09-25,3.554
HER.MI,2026-09-28,3.52
HER.MI,2026-09-29,3.52
HER.MI,2026-09-30,3.558
HFD.L,2026-09-24,257.0
HFD.L,2026-09-25,258.5
HFD.L,2026-09-28,261.5
HFD.L,2026-09-29,261.5
HFD.L,2026-09-30,268.5249
HFEL.L,2026-09-24,271.5
HFEL.L,2026-09-25,273.0
HFEL.L,2026-09-28,270.0
HFEL.L,2026-09-29,273.0
HFEL.L,2026-09-30,270.5
HFG.L,2026-09-24,693.5
HFG.L,2026-09-25,700.5
HFG.L,2026-09-28,715.5
HFG.L,2026-09-29,719.0
HFG.L,2026-09-30,732.0
HGT.L,2026-09-24,383.0
HGT.L,2026-09-25,379.0
HGT.L,2026-09-28,381.0
HGT.L,2026-09-29,382.0
HGT.L,2026-09-30,388.0006
HICL.L,2026-09-24,133.0
HICL.L,2026-09-25,133.6
HICL.L,2026-09-28,133.0
HICL.L,2026-09-29,133.4
HICL.L,2026-09-30,134.2
HIG,2026-09-23,126.59
HIG,2026-09-24,125.69
HIG,2026-09-25,124.23
HIG,2026-09-28,126.04
HIG,2026-09-29,125.85
HII,2026-09-23,269.8
HII,2026-09-24,266.0
HII,2026-09-25,264.02
HII,2026-09-28,257.05
HII,2026-09-29,259.64
HIK.L,2026-09-24,1625.0
HIK.L,2026-09-25,1590.0
HIK.L,2026-09-28,1592.0
HIK.L,2026-09-29,1609.0
HIK.L,2026-09-30,1628.348
HILS.L,2026-09-24,3140.0
HILS.L,2026-09-25,3250.0
HILS.L,2026-09-28,3260.0
HILS.L,2026-09-29,3275.0
HILS.L,2026-09-30,3302.4951
HLMA.L,2026-09-24,3504.0
HLMA.L,2026-09-25,3484.0
HLMA.L,2026-09-28,3466.0
HLMA.L,2026-09-29,3528.0
HLMA.L,2026-09-30,3502.0
HLN,2026-09-23,9.11
HLN,2026-09-24,9.22
HLN,2026-09-25,9.26
HLN,2026-09-28,9.17
HLN,2026-09-29,9.07
HLN.L,2026-09-24,344.9
HLN.L,2026-09-25,342.7
HLN.L,2026-09-28,340.2
HLN.L,2026-09-29,337.1
HLN.L,2026-09-30,341.0
HLT,2026-09-23,307.22
HLT,2026-09-24,312.13
HLT,2026-09-25,313.96
HLT,2026-09-28,320.28
HLT,2026-09-29,323.44
HMSO.L,2026-09-24,347.0
HMSO.L,2026-09-25,344.6
HMSO.L,2026-09-28,344.2
HMSO.L,2026-09-29,342.2
HMSO.L,2026-09-30,344.2
HNR1.DE,2026-09-24,259.0
HNR1.DE,2026-09-25,257.8
HNR1.DE,2026-09-28,258.8
HNR1.DE,2026-09-29,256.2
HNR1.DE,2026-09-30,254.0
HO.PA,2026-09-24,232.2
HO.PA,2026-09-25,229.4
HO.PA,2026-09-28,226.0
HO.PA,2026-09-29,226.6
HO.PA,2026-09-30,225.7
HOC.L,2026-09-24,558.5
HOC.L,2026-09-25,570.5
HOC.L,2026-09-28,529.5
HOC.L,2026-09-29,519.5
HOC.L,2026-09-30,528.0
HON,2026-09-23,212.57
HON,2026-09-24,211.79
HON,2026-09-25,212.55
HON,2026-09-28,211.52
HON,2026-09-29,210.13
HONA,2026-09-23,163.33
HONA,2026-09-24,158.46
HONA,2026-09-25,158.78
HONA,2026-09-28,152.32
HONA,2026-09-29,155.44
HOOD,2026-09-23,122.7
HOOD,2026-09-24,120.82
HOOD,2026-09-25,119.4
HOOD,2026-09-28,116.46
HOOD,2026-09-29,116.22
HPE,2026-09-23,62.33
HPE,2026-09-24,63.52
HPE,2026-09-25,62.94
HPE,2026-09-28,62.63
HPE,2026-09-29,61.49
HPQ,2026-09-23,32.16
HPQ,2026-09-24,31.14
HPQ,2026-09-25,31.3
HPQ,2026-09-28,31.32
HPQ,2026-09-29,30.73
HRI.L,2026-09-24,2910.0
HRI.L,2026-09-25,2950.0
HRI.L,2026-09-28,2935.0
HRI.L,2026-09-29,2950.0
HRI.L,2026-09-30,2970.0
HRL,2026-09-23,19.92
HRL,2026-09-24,19.84
HRL,2026-09-25,19.71
HRL,2026-09-28,19.97
HRL,2026-09-29,19.85
HSBA.L,2026-09-24,1499.8
HSBA.L,2026-09-25,1512.2
HSBA.L,2026-09-28,1516.4
HSBA.L,2026-09-29,1510.0
HSBA.L,2026-09-30,1503.4
HSBC,2026-09-23,100.25
HSBC,2026-09-24,100.17
HSBC,2026-09-25,100.95
HSBC,2026-09-28,101.18
HSBC,2026-09-29,100.72
HSIC,2026-09-23,85.05
HSIC,2026-09-24,85.53
HSIC,2026-09-25,86.37
HSIC,2026-09-28,85.99
HSIC,2026-09-29,84.97
HSL.L,2026-09-24,962.0
HSL.L,2026-09-25,964.0
HSL.L,2026-09-28,970.0
HSL.L,2026-09-29,971.0
HSL.L,2026-09-30,983.6517
HST,2026-09-23,22.15
HST,2026-09-24,22.21
HST,2026-09-25,22.42
HST,2026-09-28,22.66
HST,2026-09-29,22.44
HSX.L,2026-09-24,1873.0
HSX.L,2026-09-25,1873.0
HSX.L,2026-09-28,1881.0
HSX.L,2026-09-29,1880.0
HSX.L,2026-09-30,1875.0
HSY,2026-09-23,168.45
HSY,2026-09-24,166.88
HSY,2026-09-25,166.37
HSY,2026-09-28,164.41
HSY,2026-09-29,161.41
HTG.L,2026-09-24,393.5
HTG.L,2026-09-25,390.0
HTG.L,2026-09-28,395.0
HTG.L,2026-09-29,392.5
HTG.L,2026-09-30,392.7887
HTWS.L,2026-09-24,211.8
HTWS.L,2026-09-25,211.8
HTWS.L,2026-09-28,213.0
HTWS.L,2026-09-29,214.0
HTWS.L,2026-09-30,215.8
HUBB,2026-09-23,463.7
HUBB,2026-09-24,465.88
HUBB,2026-09-25,466.62
HUBB,2026-09-28,465.72
HUBB,2026-09-29,459.09
HUM,2026-09-23,374.78
HUM,2026-09-24,380.32
HUM,2026-09-25,397.93
HUM,2026-09-28,389.63
HUM,2026-09-29,386.87
HVPE.L,2026-09-24,3335.0
HVPE.L,2026-09-25,3335.0
HVPE.L,2026-09-28,3325.0
HVPE.L,2026-09-29,3320.0
HVPE.L,2026-09-30,3324.7549
HWDN.L,2026-09-24,756.0
HWDN.L,2026-09-25,759.0
HWDN.L,2026-09-28,782.0
HWDN.L,2026-09-29,769.0
HWDN.L,2026-09-30,772.5
HWG.L,2026-09-24,178.0
HWG.L,2026-09-25,187.0
HWG.L,2026-09-28,186.6
HWG.L,2026-09-29,187.0
HWG.L,2026-09-30,186.613
HWM,2026-09-23,228.78
HWM,2026-09-24,229.38
HWM,2026-09-25,232.48
HWM,2026-09-28,228.32
HWM,2026-09-29,230.94
IAD.L,2026-09-24,506.0
IAD.L,2026-09-25,508.0
IAD.L,2026-09-28,502.0
IAD.L,2026-09-29,505.0
IAD.L,2026-09-30,501.48
IAG.L,2026-09-24,428.2
IAG.L,2026-09-25,436.2
IAG.L,2026-09-28,437.2
IAG.L,2026-09-29,438.0
IAG.L,2026-09-30,438.5742
IBE.MC,2026-09-24,20.25
IBE.MC,2026-09-25,20.33
IBE.MC,2026-09-28,20.34
IBE.MC,2026-09-29,20.49
IBE.MC,2026-09-30,20.65
IBKR,2026-09-23,91.56
IBKR,2026-09-24,89.82
IBKR,2026-09-25,89.24
IBKR,2026-09-28,87.08
IBKR,2026-09-29,86.18
IBM,2026-09-23,232.76
IBM,2026-09-24,227.06
IBM,2026-09-25,225.51
IBM,2026-09-28,220.67
IBM,2026-09-29,219.99
ICE,2026-09-23,156.35
ICE,2026-09-24,156.93
ICE,2026-09-25,154.31
ICE,2026-09-28,152.91
ICE,2026-09-29,152.19
ICG.L,2026-09-24,1842.0
ICG.L,2026-09-25,1857.0
ICG.L,2026-09-28,1848.0
ICG.L,2026-09-29,1831.0
ICG.L,2026-09-30,1857.0
ICGT.L,2026-09-24,1380.0
ICGT.L,2026-09-25,1386.0
ICGT.L,2026-09-28,1378.0
ICGT.L,2026-09-29,1386.0
ICGT.L,2026-09-30,1364.0
IDXX,2026-09-23,522.02
IDXX,2026-09-24,513.39
IDXX,2026-09-25,519.26
IDXX,2026-09-28,529.06
IDXX,2026-09-29,533.44
IEX,2026-09-23,229.67
IEX,2026-09-24,228.5
IEX,2026-09-25,230.08
IEX,2026-09-28,231.15
IEX,2026-09-29,230.43
IFF,2026-09-23,85.71
IFF,2026-09-24,85.85
IFF,2026-09-25,85.69
IFF,2026-09-28,85.72
IFF,2026-09-29,85.25
IFX.DE,2026-09-24,56.26
IFX.DE,2026-09-25,56.71
IFX.DE,2026-09-28,56.57
IFX.DE,2026-09-29,59.3
IFX.DE,2026-09-30,59.11
IG.MI,2026-09-24,8.424
IG.MI,2026-09-25,8.35
IG.MI,2026-09-28,8.294
IG.MI,2026-09-29,8.386
IG.MI,2026-09-30,8.418
IGG.L,2026-09-24,1317.0
IGG.L,2026-09-25,1305.0
IGG.L,2026-09-28,1298.0
IGG.L,2026-09-29,1315.0
IGG.L,2026-09-30,1319.0
IHG,2026-09-23,156.13
IHG,2026-09-24,157.66
IHG,2026-09-25,158.16
IHG,2026-09-28,161.11
IHG,2026-09-29,163.1
IHG.L,2026-09-24,155.8
IHG.L,2026-09-25,156.35
IHG.L,2026-09-28,158.5
IHG.L,2026-09-29,161.5
IHG.L,2026-09-30,163.2
IHP.L,2026-09-24,360.5
IHP.L,2026-09-25,365.5
IHP.L,2026-09-28,365.0
IHP.L,2026-09-29,370.0
IHP.L,2026-09-30,381.0
III.L,2026-09-24,2617.0
III.L,2026-09-25,2664.0
III.L,2026-09-28,2635.0
III.L,2026-09-29,2652.0
III.L,2026-09-30,2668.0
ILMN,2026-09-23,255.38
ILMN,2026-09-24,273.9
ILMN,2026-09-25,270.0
ILMN,2026-09-28,271.9
ILMN,2026-09-29,272.0
IMB.L,2026-09-24,2475.0
IMB.L,2026-09-25,2442.0
IMB.L,2026-09-28,2450.0
IMB.L,2026-09-29,2447.0
IMB.L,2026-09-30,2476.0
IMI.L,2026-09-24,3110.0
IMI.L,2026-09-25,3120.0
IMI.L,2026-09-28,3126.0
IMI.L,2026-09-29,3134.0
IMI.L,2026-09-30,3160.0
INCH.L,2026-09-24,780.5
INCH.L,2026-09-25,770.0
INCH.L,2026-09-28,757.5
INCH.L,2026-09-29,746.5
INCH.L,2026-09-30,744.5
INCY,2026-09-23,124.64
INCY,2026-09-24,124.44
INCY,2026-09-25,123.89
INCY,2026-09-28,124.82
INCY,2026-09-29,123.2
INF.L,2026-09-24,871.4
INF.L,2026-09-25,876.4
INF.L,2026-09-28,875.4
INF.L,2026-09-29,873.8
INF.L,2026-09-30,870.6
ING,2026-09-23,35.92
ING,2026-09-24,36.11
ING,2026-09-25,36.55
ING,2026-09-28,36.38
ING,2026-09-29,36.08
INGA.AS,2026-09-24,31.515
INGA.AS,2026-09-25,31.795
INGA.AS,2026-09-28,31.88
INGA.AS,2026-09-29,31.725
INGA.AS,2026-09-30,31.565
INPP.L,2026-09-24,138.6
INPP.L,2026-09-25,139.0
INPP.L,2026-09-28,139.4
INPP.L,2026-09-29,138.6
INPP.L,2026-09-30,139.2
INTC,2026-09-23,122.6
INTC,2026-09-24,127.39
INTC,2026-09-25,123.0
INTC,2026-09-28,116.03
INTC,2026-09-29,115.93
INTU,2026-09-23,286.8
INTU,2026-09-24,277.13
INTU,2026-09-25,275.79
INTU,2026-09-28,269.4
INTU,2026-09-29,268.03
INVH,2026-09-23,26.93
INVH,2026-09-24,26.5
INVH,2026-09-25,26.62
INVH,2026-09-28,26.54
INVH,2026-09-29,26.57
INVP.L,2026-09-24,618.0
INVP.L,2026-09-25,616.5
INVP.L,2026-09-28,616.5
INVP.L,2026-09-29,614.0
INVP.L,2026-09-30,620.5
INW.MI,2026-09-24,6.53
INW.MI,2026-09-25,6.5
INW.MI,2026-09-28,6.325
INW.MI,2026-09-29,6.355
INW.MI,2026-09-30,6.52
IP,2026-09-23,35.7
IP,2026-09-24,34.88
IP,2026-09-25,35.02
IP,2026-09-28,34.0
IP,2026-09-29,33.32
IPO.L,2026-09-24,72.0
IPO.L,2026-09-25,72.0
IPO.L,2026-09-28,71.3
IPO.L,2026-09-29,73.6
IPO.L,2026-09-30,75.6
IQV,2026-09-23,267.86
IQV,2026-09-24,275.02
IQV,2026-09-25,270.37
IQV,2026-09-28,270.97
IQV,2026-09-29,268.99
IR,2026-09-23,76.22
IR,2026-09-24,74.78
IR,2026-09-25,76.08
IR,2026-09-28,76.38
IR,2026-09-29,76.48
IRM,2026-09-23,115.09
IRM,2026-09-24,114.09
IRM,2026-09-25,111.38
IRM,2026-09-28,111.05
IRM,2026-09-29,111.5
ISP.MI,2026-09-24,6.724
ISP.MI,2026-09-25,6.788
ISP.MI,2026-09-28,6.762
ISP.MI,2026-09-29,6.753
ISP.MI,2026-09-30,6.705
ISRG,2026-09-23,398.3
ISRG,2026-09-24,399.52
ISRG,2026-09-25,405.18
ISRG,2026-09-28,414.79
ISRG,2026-09-29,412.18
IT,2026-09-23,178.52
IT,2026-09-24,179.32
IT,2026-09-25,187.9
IT,2026-09-28,185.73
IT,2026-09-29,185.85
ITH.L,2026-09-24,296.0
ITH.L,2026-09-25,285.4
ITH.L,2026-09-28,285.6
ITH.L,2026-09-29,275.0
ITH.L,2026-09-30,271.6
ITRK.L,2026-09-24,5860.0
ITRK.L,2026-09-25,5860.0
ITRK.L,2026-09-28,5875.0
ITRK.L,2026-09-29,5880.0
ITRK.L,2026-09-30,5877.0
ITV.L,2026-09-24,68.05
ITV.L,2026-09-25,68.55
ITV.L,2026-09-28,68.0
ITV.L,2026-09-29,67.95
ITV.L,2026-09-30,67.35
ITW,2026-09-23,273.42
ITW,2026-09-24,272.0
ITW,2026-09-25,274.32
ITW,2026-09-28,273.83
ITW,2026-09-29,267.07
ITX.MC,2026-09-24,52.9
ITX.MC,2026-09-25,53.26
ITX.MC,2026-09-28,53.34
ITX.MC,2026-09-29,53.28
ITX.MC,2026-09-30,53.92
IVG.MI,2026-09-24,14.09
IVG.MI,2026-09-25,14.105
IVG.MI,2026-09-28,14.185
IVG.MI,2026-09-29,14.27
IVG.MI,2026-09-30,14.3
IVZ,2026-09-23,30.74
IVZ,2026-09-24,30.68
IVZ,2026-09-25,30.92
IVZ,2026-09-28,30.43
IVZ,2026-09-29,30.42
IWG.L,2026-09-24,171.5
IWG.L,2026-09-25,172.5
IWG.L,2026-09-28,172.7
IWG.L,2026-09-29,173.7
IWG.L,2026-09-30,181.0
J,2026-09-23,141.12
J,2026-09-24,135.33
J,2026-09-25,138.37
J,2026-09-28,138.37
J,2026-09-29,136.48
JAM.L,2026-09-24,1234.0
JAM.L,2026-09-25,1238.0
JAM.L,2026-09-28,1232.0
JAM.L,2026-09-29,1228.0
JAM.L,2026-09-30,1224.0
JBHT,2026-09-23,234.63
JBHT,2026-09-24,229.15
JBHT,2026-09-25,225.46
JBHT,2026-09-28,226.07
JBHT,2026-09-29,229.28
JBL,2026-09-23,308.75
JBL,2026-09-24,310.69
JBL,2026-09-25,316.74
JBL,2026-09-28,318.93
JBL,2026-09-29,318.84
JCH.L,2026-09-24,944.0
JCH.L,2026-09-25,944.0
JCH.L,2026-09-28,952.0
JCH.L,2026-09-29,948.0
JCH.L,2026-09-30,954.0
JCI,2026-09-23,145.9
JCI,2026-09-24,145.36
JCI,2026-09-25,150.2
JCI,2026-09-28,148.89
JCI,2026-09-29,149.42
JD.L,2026-09-24,76.44
JD.L,2026-09-25,77.5
JD.L,2026-09-28,79.18
JD.L,2026-09-29,80.02
JD.L,2026-09-30,81.06
JDW.L,2026-09-24,807.0
JDW.L,2026-09-25,810.5
JDW.L,2026-09-28,810.0
JDW.L,2026-09-29,819.5
JDW.L,2026-09-30,835.541
JEDT.L,2026-09-24,624.0
JEDT.L,2026-09-25,626.0
JEDT.L,2026-09-28,627.0
JEDT.L,2026-09-29,625.0
JEDT.L,2026-09-30,622.998
JEGI.L,2026-09-24,141.8
JEGI.L,2026-09-25,142.8
JEGI.L,2026-09-28,142.6
JEGI.L,2026-09-29,142.8
JEGI.L,2026-09-30,143.2
JEMI.L,2026-09-24,215.0
JEMI.L,2026-09-25,217.0
JEMI.L,2026-09-28,212.0
JEMI.L,2026-09-29,216.0
JEMI.L,2026-09-30,214.0
JFJ.L,2026-09-24,805.0
JFJ.L,2026-09-25,818.0
JFJ.L,2026-09-28,813.0
JFJ.L,2026-09-29,816.0
JFJ.L,2026-09-30,824.44
JGGI.L,2026-09-24,603.0
JGGI.L,2026-09-25,608.5
JGGI.L,2026-09-28,606.5
JGGI.L,2026-09-29,606.5
JGGI.L,2026-09-30,606.362
JKHY,2026-09-23,148.33
JKHY,2026-09-24,147.75
JKHY,2026-09-25,147.79
JKHY,2026-09-28,147.82
JKHY,2026-09-29,146.22
JMAT.L,2026-09-24,2338.0
JMAT.L,2026-09-25,2372.0
JMAT.L,2026-09-28,2362.0
JMAT.L,2026-09-29,2380.0
JMAT.L,2026-09-30,2410.0
JMGI.L,2026-09-24,169.2
JMGI.L,2026-09-25,171.0
JMGI.L,2026-09-28,168.8
JMGI.L,2026-09-29,170.0
JMGI.L,2026-09-30,168.9294
JNJ,2026-09-23,269.17
JNJ,2026-09-24,270.68
JNJ,2026-09-25,271.22
JNJ,2026-09-28,271.95
JNJ,2026-09-29,267.57
JPM,2026-09-23,337.53
JPM,2026-09-24,338.56
JPM,2026-09-25,343.06
JPM,2026-09-28,336.59
JPM,2026-09-29,334.98
JSG.L,2026-09-24,136.2
JSG.L,2026-09-25,137.0
JSG.L,2026-09-28,136.0
JSG.L,2026-09-29,136.5
JSG.L,2026-09-30,139.8
JUP.L,2026-09-24,163.4
JUP.L,2026-09-25,165.2
JUP.L,2026-09-28,167.6
JUP.L,2026-09-29,165.8
JUP.L,2026-09-30,174.2
KDP,2026-09-23,31.76
KDP,2026-09-24,30.88
KDP,2026-09-25,31.95
KDP,2026-09-28,31.46
KDP,2026-09-29,31.03
KER.PA,2026-09-24,225.75
KER.PA,2026-09-25,223.35
KER.PA,2026-09-28,228.2
KER.PA,2026-09-29,223.55
KER.PA,2026-09-30,224.85
KEY,2026-09-23,20.24
KEY,2026-09-24,20.25
KEY,2026-09-25,20.61
KEY,2026-09-28,20.4
KEY,2026-09-29,20.12
KEYS,2026-09-23,353.36
KEYS,2026-09-24,357.54
KEYS,2026-09-25,362.15
KEYS,2026-09-28,359.74
KEYS,2026-09-29,360.65
KGF.L,2026-09-24,328.2
KGF.L,2026-09-25,328.4
KGF.L,2026-09-28,332.6
KGF.L,2026-09-29,328.7
KGF.L,2026-09-30,334.1
KHC,2026-09-23,23.79
KHC,2026-09-24,23.86
KHC,2026-09-25,23.63
KHC,2026-09-28,23.56
KHC,2026-09-29,23.45
KIE.L,2026-09-24,305.0
KIE.L,2026-09-25,309.0
KIE.L,2026-09-28,312.0
KIE.L,2026-09-29,310.2
KIE.L,2026-09-30,309.4
KIM,2026-09-23,22.21
KIM,2026-09-24,22.25
KIM,2026-09-25,22.44
KIM,2026-09-28,22.49
KIM,2026-09-29,22.42
KKR,2026-09-23,97.21
KKR,2026-09-24,95.64
KKR,2026-09-25,96.67
KKR,2026-09-28,93.24
KKR,2026-09-29,93.18
KLAC,2026-09-23,187.86
KLAC,2026-09-24,187.11
KLAC,2026-09-25,187.92
KLAC,2026-09-28,189.17
KLAC,2026-09-29,196.53
KLR.L,2026-09-24,3274.0
KLR.L,2026-09-25,3306.0
KLR.L,2026-09-28,3438.0
KLR.L,2026-09-29,3352.0
KLR.L,2026-09-30,3372.0
KMB,2026-09-23,97.7
KMB,2026-09-24,97.22
KMB,2026-09-25,98.43
KMB,2026-09-28,98.77
KMB,2026-09-29,98.99
KMI,2026-09-23,31.37
KMI,2026-09-24,31.25
KMI,2026-09-25,30.75
KMI,2026-09-28,30.63
KMI,2026-09-29,30.45
KNOS.L,2026-09-24,1224.0
KNOS.L,2026-09-25,1239.0
KNOS.L,2026-09-28,1238.0
KNOS.L,2026-09-29,1227.0
KNOS.L,2026-09-30,1234.0
KO,2026-09-23,88.09
KO,2026-09-24,88.1
KO,2026-09-25,87.81
KO,2026-09-28,87.18
KO,2026-09-29,86.84
KR,2026-09-23,57.64
KR,2026-09-24,58.92
KR,2026-09-25,58.74
KR,2026-09-28,59.69
KR,2026-09-29,60.79
KVUE,2026-09-23,17.67
KVUE,2026-09-24,17.61
KVUE,2026-09-25,17.8
KVUE,2026-09-28,17.88
KVUE,2026-09-29,17.91
L,2026-09-23,105.04
L,2026-09-24,105.07
L,2026-09-25,104.82
L,2026-09-28,104.95
L,2026-09-29,105.93
LAND.L,2026-09-24,618.5
LAND.L,2026-09-25,618.0
LAND.L,2026-09-28,619.5
LAND.L,2026-09-29,617.0
LAND.L,2026-09-30,625.0
LDO.MI,2026-09-24,49.31
LDO.MI,2026-09-25,48.975
LDO.MI,2026-09-28,49.225
LDO.MI,2026-09-29,49.185
LDO.MI,2026-09-30,49.34
LDOS,2026-09-23,124.69
LDOS,2026-09-24,123.35
LDOS,2026-09-25,123.61
LDOS,2026-09-28,122.35
LDOS,2026-09-29,123.1
LEN,2026-09-23,81.52
LEN,2026-09-24,81.47
LEN,2026-09-25,82.15
LEN,2026-09-28,82.03
LEN,2026-09-29,83.01
LGEN.L,2026-09-24,296.4
LGEN.L,2026-09-25,297.5
LGEN.L,2026-09-28,296.8
LGEN.L,2026-09-29,294.3
LGEN.L,2026-09-30,294.65
LH,2026-09-23,303.98
LH,2026-09-24,308.95
LH,2026-09-25,309.64
LH,2026-09-28,309.57
LH,2026-09-29,308.81
LHX,2026-09-23,239.21
LHX,2026-09-24,238.04
LHX,2026-09-25,237.69
LHX,2026-09-28,237.7
LHX,2026-09-29,236.47
LII,2026-09-23,372.34
LII,2026-09-24,367.78
LII,2026-09-25,373.77
LII,2026-09-28,368.41
LII,2026-09-29,360.16
LIN,2026-09-23,469.72
LIN,2026-09-24,468.14
LIN,2026-09-25,469.89
LIN,2026-09-28,472.04
LIN,2026-09-29,473.37
LITE,2026-09-23,937.0
LITE,2026-09-24,929.04
LITE,2026-09-25,941.65
LITE,2026-09-28,921.32
LITE,2026-09-29,973.49
LLOY.L,2026-09-24,107.0
LLOY.L,2026-09-25,108.8
LLOY.L,2026-09-28,108.1
LLOY.L,2026-09-29,107.5
LLOY.L,2026-09-30,107.35
LLY,2026-09-23,1150.99
LLY,2026-09-24,1181.89
LLY,2026-09-25,1183.46
LLY,2026-09-28,1184.78
LLY,2026-09-29,1184.63
LMP.L,2026-09-24,179.3
LMP.L,2026-09-25,178.7
LMP.L,2026-09-28,178.9
LMP.L,2026-09-29,180.1
LMP.L,2026-09-30,180.5
LMT,2026-09-23,524.68
LMT,2026-09-24,523.7
LMT,2026-09-25,519.56
LMT,2026-09-28,518.1
LMT,2026-09-29,512.21
LNT,2026-09-23,63.69
LNT,2026-09-24,63.31
LNT,2026-09-25,63.6
LNT,2026-09-28,63.21
LNT,2026-09-29,64.34
LOW,2026-09-23,191.36
LOW,2026-09-24,188.49
LOW,2026-09-25,189.28
LOW,2026-09-28,187.66
LOW,2026-09-29,187.26
LR.PA,2026-09-24,134.6
LR.PA,2026-09-25,134.85
LR.PA,2026-09-28,134.85
LR.PA,2026-09-29,143.05
LR.PA,2026-09-30,141.5
LRCX,2026-09-23,307.28
LRCX,2026-09-24,307.16
LRCX,2026-09-25,315.21
LRCX,2026-09-28,314.47
LRCX,2026-09-29,323.86
LRE.L,2026-09-24,647.5
LRE.L,2026-09-25,641.5
LRE.L,2026-09-28,647.5
LRE.L,2026-09-29,644.0
LRE.L,2026-09-30,644.5
LSEG.L,2026-09-24,8246.0
LSEG.L,2026-09-25,8200.0
LSEG.L,2026-09-28,8138.0
LSEG.L,2026-09-29,8182.0
LSEG.L,2026-09-30,8100.0
LTMC.MI,2026-09-24,26.59
LTMC.MI,2026-09-25,26.54
LTMC.MI,2026-09-28,26.11
LTMC.MI,2026-09-29,25.69
LTMC.MI,2026-09-30,25.85
LULU,2026-09-23,102.28
LULU,2026-09-24,101.64
LULU,2026-09-25,101.3
LULU,2026-09-28,100.58
LULU,2026-09-29,96.87
LUV,2026-09-23,41.04
LUV,2026-09-24,41.55
LUV,2026-09-25,42.68
LUV,2026-09-28,42.28
LUV,2026-09-29,42.08
LVS,2026-09-23,39.19
LVS,2026-09-24,38.65
LVS,2026-09-25,38.99
LVS,2026-09-28,38.78
LVS,2026-09-29,38.32
LWDB.L,2026-09-24,1226.0
LWDB.L,2026-09-25,1234.0
LWDB.L,2026-09-28,1236.0
LWDB.L,2026-09-29,1234.0
LWDB.L,2026-09-30,1244.0
LYB,2026-09-23,59.97
LYB,2026-09-24,60.18
LYB,2026-09-25,58.14
LYB,2026-09-28,58.27
LYB,2026-09-29,58.18
LYG,2026-09-23,5.64
LYG,2026-09-24,5.65
LYG,2026-09-25,5.77
LYG,2026-09-28,5.72
LYG,2026-09-29,5.69
LYV,2026-09-23,169.03
LYV,2026-09-24,171.06
LYV,2026-09-25,170.87
LYV,2026-09-28,171.89
LYV,2026-09-29,171.09
MA,2026-09-23,559.92
MA,2026-09-24,566.08
MA,2026-09-25,567.65
MA,2026-09-28,568.26
MA,2026-09-29,563.58
MAA,2026-09-23,117.78
MAA,2026-09-24,117.26
MAA,2026-09-25,118.35
MAA,2026-09-28,118.34
MAA,2026-09-29,118.43
MAB.L,2026-09-24,275.0
MAB.L,2026-09-25,277.0
MAB.L,2026-09-28,277.0
MAB.L,2026-09-29,279.5
MAB.L,2026-09-30,288.0
MAR,2026-09-23,351.66
MAR,2026-09-24,351.51
MAR,2026-09-25,352.03
MAR,2026-09-28,358.57
MAR,2026-09-29,361.62
MAS,2026-09-23,68.16
MAS,2026-09-24,67.31
MAS,2026-09-25,68.85
MAS,2026-09-28,68.36
MAS,2026-09-29,68.37
MB.MI,2026-09-24,28.63
MB.MI,2026-09-25,29.05
MB.MI,2026-09-28,28.98
MB.MI,2026-09-29,28.88
MB.MI,2026-09-30,28.78
MBG.DE,2026-09-24,41.245
MBG.DE,2026-09-25,41.285
MBG.DE,2026-09-28,41.43
MBG.DE,2026-09-29,40.665
MBG.DE,2026-09-30,40.91
MC.PA,2026-09-24,397.1
MC.PA,2026-09-25,396.85
MC.PA,2026-09-28,398.8
MC.PA,2026-09-29,394.6
MC.PA,2026-09-30,395.4
MCD,2026-09-23,238.32
MCD,2026-09-24,237.02
MCD,2026-09-25,236.5
MCD,2026-09-28,233.6
MCD,2026-09-29,233.98
MCHP,2026-09-23,75.53
MCHP,2026-09-24,74.69
MCHP,2026-09-25,78.69
MCHP,2026-09-28,77.97
MCHP,2026-09-29,78.78
MCK,2026-09-23,880.5
MCK,2026-09-24,869.36
MCK,2026-09-25,866.64
MCK,2026-09-28,856.29
MCK,2026-09-29,864.82
MCO,2026-09-23,473.85
MCO,2026-09-24,467.35
MCO,2026-09-25,468.7
MCO,2026-09-28,460.08
MCO,2026-09-29,454.82
MDLZ,2026-09-23,61.44
MDLZ,2026-09-24,60.86
MDLZ,2026-09-25,60.25
MDLZ,2026-09-28,60.18
MDLZ,2026-09-29,59.32
MDT,2026-09-23,89.3
MDT,2026-09-24,88.51
MDT,2026-09-25,88.64
MDT,2026-09-28,89.5
MDT,2026-09-29,87.09
MEGP.L,2026-09-24,114.4
MEGP.L,2026-09-25,116.2
MEGP.L,2026-09-28,123.8
MEGP.L,2026-09-29,121.2
MEGP.L,2026-09-30,121.727
MET,2026-09-23,97.2
MET,2026-09-24,97.25
MET,2026-09-25,97.7
MET,2026-09-28,95.82
MET,2026-09-29,95.2
META,2026-09-23,744.1
META,2026-09-24,777.59
META,2026-09-25,751.66
META,2026-09-28,715.62
META,2026-09-29,738.79
MGAM.L,2026-09-24,256.0
MGAM.L,2026-09-25,259.0
MGAM.L,2026-09-28,258.5
MGAM.L,2026-09-29,266.0
MGAM.L,2026-09-30,268.6598
MGM,2026-09-23,37.85
MGM,2026-09-24,33.69
MGM,2026-09-25,32.58
MGM,2026-09-28,31.86
MGM,2026-09-29,31.52
MGNS.L,2026-09-24,4216.0
MGNS.L,2026-09-25,4208.0
MGNS.L,2026-09-28,4300.0
MGNS.L,2026-09-29,4310.0
MGNS.L,2026-09-30,4372.0
MKC,2026-09-23,49.09
MKC,2026-09-24,47.82
MKC,2026-09-25,47.94
MKC,2026-09-28,48.46
MKC,2026-09-29,48.4
MKS.L,2026-09-24,371.0
MKS.L,2026-09-25,374.5
MKS.L,2026-09-28,377.6
MKS.L,2026-09-29,381.6
MKS.L,2026-09-30,388.4
ML.PA,2026-09-24,33.5
ML.PA,2026-09-25,33.8
ML.PA,2026-09-28,33.79
ML.PA,2026-09-29,33.91
ML.PA,2026-09-30,33.71
MLM,2026-09-23,490.45
MLM,2026-09-24,480.1
MLM,2026-09-25,484.3
MLM,2026-09-28,490.77
MLM,2026-09-29,479.09
MMM,2026-09-23,170.3
MMM,2026-09-24,167.52
MMM,2026-09-25,169.55
MMM,2026-09-28,169.48
MMM,2026-09-29,168.49
MNDI.L,2026-09-24,814.6
MNDI.L,2026-09-25,824.2
MNDI.L,2026-09-28,808.2
MNDI.L,2026-09-29,803.0
MNDI.L,2026-09-30,812.0
MNG.L,2026-09-24,326.0
MNG.L,2026-09-25,326.7
MNG.L,2026-09-28,326.7
MNG.L,2026-09-29,324.6
MNG.L,2026-09-30,323.8
MNKS.L,2026-09-24,1650.0
MNKS.L,2026-09-25,1652.0
MNKS.L,2026-09-28,1632.0
MNKS.L,2026-09-29,1644.0
MNKS.L,2026-09-30,1637.8361
MNST,2026-09-23,43.91
MNST,2026-09-24,42.67
MNST,2026-09-25,43.11
MNST,2026-09-28,41.86
MNST,2026-09-29,41.74
MNTN.L,2026-09-24,2.18
MNTN.L,2026-09-25,2.18
MNTN.L,2026-09-28,2.15
MNTN.L,2026-09-29,2.16
MNTN.L,2026-09-30,2.1606
MO,2026-09-23,68.95
MO,2026-09-24,68.88
MO,2026-09-25,68.82
MO,2026-09-28,69.13
MO,2026-09-29,68.72
MONC.MI,2026-09-24,43.61
MONC.MI,2026-09-25,43.56
MONC.MI,2026-09-28,44.7
MONC.MI,2026-09-29,44.5
MONC.MI,2026-09-30,45.01
MONY.L,2026-09-24,179.7
MONY.L,2026-09-25,177.3
MONY.L,2026-09-28,174.6
MONY.L,2026-09-29,175.0
MONY.L,2026-09-30,176.5
MOON.L,2026-09-24,260.8
MOON.L,2026-09-25,262.8
MOON.L,2026-09-28,263.6
MOON.L,2026-09-29,267.0
MOON.L,2026-09-30,271.2
MOS,2026-09-23,24.37
MOS,2026-09-24,23.69
MOS,2026-09-25,23.01
MOS,2026-09-28,22.25
MOS,2026-09-29,22.42
MPC,2026-09-23,388.38
MPC,2026-09-24,390.95
MPC,2026-09-25,393.52
MPC,2026-09-28,389.44
MPC,2026-09-29,392.03
MPWR,2026-09-23,1355.47
MPWR,2026-09-24,1335.55
MPWR,2026-09-25,1367.4301
MPWR,2026-09-28,1351.2
MPWR,2026-09-29,1355.99
MRC.L,2026-09-24,275.0
MRC.L,2026-09-25,276.5
MRC.L,2026-09-28,278.0
MRC.L,2026-09-29,278.0
MRC.L,2026-09-30,280.2219
MRCH.L,2026-09-24,665.0
MRCH.L,2026-09-25,663.0
MRCH.L,2026-09-28,668.0
MRCH.L,2026-09-29,667.0
MRCH.L,2026-09-30,670.0
MRK,2026-09-23,148.08
MRK,2026-09-24,147.98
MRK,2026-09-25,148.78
MRK,2026-09-28,148.69
MRK,2026-09-29,149.28
MRK.DE,2026-09-24,133.95
MRK.DE,2026-09-25,135.0
MRK.DE,2026-09-28,138.45
MRK.DE,2026-09-29,137.4
MRK.DE,2026-09-30,137.6
MRNA,2026-09-23,182.11
MRNA,2026-09-24,194.82
MRNA,2026-09-25,198.88
MRNA,2026-09-28,197.28
MRNA,2026-09-29,203.46
MRO.L,2026-09-24,472.5
MRO.L,2026-09-25,474.0
MRO.L,2026-09-28,473.6
MRO.L,2026-09-29,472.9
MRO.L,2026-09-30,475.6
MRSH,2026-09-23,170.38
MRSH,2026-09-24,169.93
MRSH,2026-09-25,171.12
MRSH,2026-09-28,169.03
MRSH,2026-09-29,170.42
MRVL,2026-09-23,260.9
MRVL,2026-09-24,258.95
MRVL,2026-09-25,261.94
MRVL,2026-09-28,251.9
MRVL,2026-09-29,263.27
MS,2026-09-23,198.39
MS,2026-09-24,196.32
MS,2026-09-25,196.31
MS,2026-09-28,193.64
MS,2026-09-29,192.76
MSCI,2026-09-23,555.7
MSCI,2026-09-24,556.08
MSCI,2026-09-25,551.36
MSCI,2026-09-28,542.72
MSCI,2026-09-29,539.76
MSFT,2026-09-23,500.59
MSFT,2026-09-24,497.93
MSFT,2026-09-25,516.17
MSFT,2026-09-28,509.22
MSFT,2026-09-29,508.96
MSI,2026-09-23,460.44
MSI,2026-09-24,454.91
MSI,2026-09-25,456.88
MSI,2026-09-28,452.08
MSI,2026-09-29,446.12
MT,2026-09-23,71.92
MT,2026-09-24,71.3
MT,2026-09-25,70.7
MT,2026-09-28,69.85
MT,2026-09-29,67.96
MT.AS,2026-09-24,62.0
MT.AS,2026-09-25,61.78
MT.AS,2026-09-28,61.3
MT.AS,2026-09-29,59.82
MT.AS,2026-09-30,59.6
MTB,2026-09-23,219.58
MTB,2026-09-24,218.66
MTB,2026-09-25,221.19
MTB,2026-09-28,220.44
MTB,2026-09-29,217.5
MTD,2026-09-23,1492.34
MTD,2026-09-24,1519.15
MTD,2026-09-25,1511.64
MTD,2026-09-28,1545.26
MTD,2026-09-29,1537.33
MTLN.L,2026-09-24,47.84
MTLN.L,2026-09-25,48.04
MTLN.L,2026-09-28,48.12
MTLN.L,2026-09-29,49.14
MTLN.L,2026-09-30,49.72
MTO.L,2026-09-24,210.4
MTO.L,2026-09-25,210.2
MTO.L,2026-09-28,210.2
MTO.L,2026-09-29,209.8
MTO.L,2026-09-30,210.0
MTRO.L,2026-09-24,170.2
MTRO.L,2026-09-25,175.8
MTRO.L,2026-09-28,171.8
MTRO.L,2026-09-29,171.6
MTRO.L,2026-09-30,171.9
MTX.DE,2026-09-24,368.1
MTX.DE,2026-09-25,369.9
MTX.DE,2026-09-28,368.1
MTX.DE,2026-09-29,371.0
MTX.DE,2026-09-30,375.9
MU,2026-09-23,1071.88
MU,2026-09-24,1080.53
MU,2026-09-25,1082.28
MU,2026-09-28,1053.98
MU,2026-09-29,1065.08
MUT.L,2026-09-24,970.0
MUT.L,2026-09-25,974.0
MUT.L,2026-09-28,977.0
MUT.L,2026-09-29,975.0
MUT.L,2026-09-30,975.8858
MUV2.DE,2026-09-24,512.6
MUV2.DE,2026-09-25,510.4
MUV2.DE,2026-09-28,514.0
MUV2.DE,2026-09-29,507.6
MUV2.DE,2026-09-30,504.4
MYI.L,2026-09-24,365.0
MYI.L,2026-09-25,366.5
MYI.L,2026-09-28,364.5
MYI.L,2026-09-29,364.5
MYI.L,2026-09-30,363.451
N91.L,2026-09-24,208.8
N91.L,2026-09-25,209.2
N91.L,2026-09-28,208.8
N91.L,2026-09-29,207.4
N91.L,2026-09-30,209.6
NAIT.L,2026-09-24,425.0
NAIT.L,2026-09-25,427.0
NAIT.L,2026-09-28,424.0
NAIT.L,2026-09-29,428.0
NAIT.L,2026-09-30,425.66
NAS.L,2026-09-24,420.0
NAS.L,2026-09-25,423.0
NAS.L,2026-09-28,424.0
NAS.L,2026-09-29,430.0
NAS.L,2026-09-30,428.0
NBPE.L,2026-09-24,1462.0
NBPE.L,2026-09-25,1472.0
NBPE.L,2026-09-28,1474.0
NBPE.L,2026-09-29,1460.0
NBPE.L,2026-09-30,1463.4364
NCC.L,2026-09-24,140.6
NCC.L,2026-09-25,142.0
NCC.L,2026-09-28,150.2
NCC.L,2026-09-29,144.2
NCC.L,2026-09-30,146.7293
NCLH,2026-09-23,14.18
NCLH,2026-09-24,14.19
NCLH,2026-09-25,14.61
NCLH,2026-09-28,14.31
NCLH,2026-09-29,14.8
NDA-FI.HE,2026-09-24,17.77
NDA-FI.HE,2026-09-25,17.865
NDA-FI.HE,2026-09-28,17.89
NDA-FI.HE,2026-09-29,17.595
NDA-FI.HE,2026-09-30,17.69
NDAQ,2026-09-23,95.44
NDAQ,2026-09-24,94.55
NDAQ,2026-09-25,93.55
NDAQ,2026-09-28,92.62
NDAQ,2026-09-29,91.85
NDSN,2026-09-23,321.42
NDSN,2026-09-24,323.26
NDSN,2026-09-25,325.77
NDSN,2026-09-28,331.32
NDSN,2026-09-29,329.53
NEE,2026-09-23,77.02
NEE,2026-09-24,75.62
NEE,2026-09-25,76.08
NEE,2026-09-28,75.49
NEE,2026-09-29,75.89
NEM,2026-09-23,123.55
NEM,2026-09-24,121.3
NEM,2026-09-25,121.43
NEM,2026-09-28,116.05
NEM,2026-09-29,117.09
NEXI.MI,2026-09-24,4.1
NEXI.MI,2026-09-25,4.167
NEXI.MI,2026-09-28,4.175
NEXI.MI,2026-09-29,4.134
NEXI.MI,2026-09-30,4.201
NFLX,2026-09-23,71.36
NFLX,2026-09-24,71.72
NFLX,2026-09-25,71.15
NFLX,2026-09-28,69.23
NFLX,2026-09-29,70.3
NG.L,2026-09-24,1135.5
NG.L,2026-09-25,1127.0
NG.L,2026-09-28,1127.5
NG.L,2026-09-29,1123.0
NG.L,2026-09-30,1151.5
NGG,2026-09-23,75.25
NGG,2026-09-24,75.23
NGG,2026-09-25,75.49
NGG,2026-09-28,75.24
NGG,2026-09-29,74.94
NI,2026-09-23,39.25
NI,2026-09-24,39.12
NI,2026-09-25,39.42
NI,2026-09-28,39.1
NI,2026-09-29,39.32
NKE,2026-09-23,36.05
NKE,2026-09-24,35.99
NKE,2026-09-25,35.75
NKE,2026-09-28,36.39
NKE,2026-09-29,35.84
NOC,2026-09-23,514.42
NOC,2026-09-24,508.98
NOC,2026-09-25,510.52
NOC,2026-09-28,505.8
NOC,2026-09-29,504.61
NOW,2026-09-23,140.78
NOW,2026-09-24,137.78
NOW,2026-09-25,135.62
NOW,2026-09-28,131.45
NOW,2026-09-29,129.94
NRG,2026-09-23,100.72
NRG,2026-09-24,97.85
NRG,2026-09-25,100.37
NRG,2026-09-28,97.0
NRG,2026-09-29,97.17
NSC,2026-09-23,315.01
NSC,2026-09-24,313.17
NSC,2026-09-25,313.0
NSC,2026-09-28,313.05
NSC,2026-09-29,313.0
NTAP,2026-09-23,196.33
NTAP,2026-09-24,197.24
NTAP,2026-09-25,201.15
NTAP,2026-09-28,204.41
NTAP,2026-09-29,209.18
NTRS,2026-09-23,173.99
NTRS,2026-09-24,174.5
NTRS,2026-09-25,175.73
NTRS,2026-09-28,174.55
NTRS,2026-09-29,172.94
NUE,2026-09-23,246.98
NUE,2026-09-24,247.96
NUE,2026-09-25,247.25
NUE,2026-09-28,244.49
NUE,2026-09-29,236.24
NVDA,2026-09-23,225.51
NVDA,2026-09-24,224.58
NVDA,2026-09-25,225.07
NVDA,2026-09-28,228.86
NVDA,2026-09-29,227.21
NVR,2026-09-23,6241.6099
NVR,2026-09-24,6235.4902
NVR,2026-09-25,6297.6001
NVR,2026-09-28,6267.8901
NVR,2026-09-29,6234.6299
NWG,2026-09-23,17.91
NWG,2026-09-24,18.14
NWG,2026-09-25,18.49
NWG,2026-09-28,18.34
NWG,2026-09-29,18.26
NWG.L,2026-09-24,684.6
NWG.L,2026-09-25,694.4
NWG.L,2026-09-28,690.0
NWG.L,2026-09-29,688.0
NWG.L,2026-09-30,688.0
NWS,2026-09-23,31.22
NWS,2026-09-24,31.56
NWS,2026-09-25,31.75
NWS,2026-09-28,32.24
NWS,2026-09-29,31.5
NWSA,2026-09-23,28.12
NWSA,2026-09-24,28.44
NWSA,2026-09-25,28.49
NWSA,2026-09-28,29.1
NWSA,2026-09-29,28.52
NXPI,2026-09-23,235.44
NXPI,2026-09-24,230.16
NXPI,2026-09-25,238.08
NXPI,2026-09-28,236.32
NXPI,2026-09-29,236.47
NXT.L,2026-09-24,14400.0
NXT.L,2026-09-25,14655.0
NXT.L,2026-09-28,14580.0
NXT.L,2026-09-29,14605.0
NXT.L,2026-09-30,14780.0
O,2026-09-23,55.61
O,2026-09-24,55.41
O,2026-09-25,55.54
O,2026-09-28,55.35
O,2026-09-29,55.14
OCDO.L,2026-09-24,230.8
OCDO.L,2026-09-25,236.6
OCDO.L,2026-09-28,253.2
OCDO.L,2026-09-29,250.0
OCDO.L,2026-09-30,257.131
OCI.L,2026-09-24,524.0
OCI.L,2026-09-25,528.0
OCI.L,2026-09-28,520.0
OCI.L,2026-09-29,518.0
OCI.L,2026-09-30,521.24
ODFL,2026-09-23,177.72
ODFL,2026-09-24,174.93
ODFL,2026-09-25,173.3
ODFL,2026-09-28,176.85
ODFL,2026-09-29,177.46
OKE,2026-09-23,90.54
OKE,2026-09-24,91.18
OKE,2026-09-25,88.63
OKE,2026-09-28,88.62
OKE,2026-09-29,86.86
OMC,2026-09-23,75.49
OMC,2026-09-24,74.7
OMC,2026-09-25,76.15
OMC,2026-09-28,75.1
OMC,2026-09-29,74.14
ON,2026-09-23,74.1
ON,2026-09-24,73.15
ON,2026-09-25,77.2
ON,2026-09-28,75.65
ON,2026-09-29,75.95
ONT.L,2026-09-24,173.5
ONT.L,2026-09-25,181.6
ONT.L,2026-09-28,182.5
ONT.L,2026-09-29,199.4
ONT.L,2026-09-30,215.8
OR.PA,2026-09-24,384.65
OR.PA,2026-09-25,381.85
OR.PA,2026-09-28,385.0
OR.PA,2026-09-29,380.75
OR.PA,2026-09-30,382.15
ORA.PA,2026-09-24,14.015
ORA.PA,2026-09-25,14.16
ORA.PA,2026-09-28,13.94
ORA.PA,2026-09-29,13.73
ORA.PA,2026-09-30,13.58
ORCL,2026-09-23,144.56
ORCL,2026-09-24,139.54
ORCL,2026-09-25,137.1
ORCL,2026-09-28,132.6
ORCL,2026-09-29,137.79
ORLY,2026-09-23,85.9
ORLY,2026-09-24,86.24
ORLY,2026-09-25,86.12
ORLY,2026-09-28,86.51
ORLY,2026-09-29,86.07
OSB.L,2026-09-24,501.5
OSB.L,2026-09-25,504.0
OSB.L,2026-09-28,508.5
OSB.L,2026-09-29,508.0
OSB.L,2026-09-30,511.5
OTIS,2026-09-23,68.32
OTIS,2026-09-24,66.68
OTIS,2026-09-25,65.94
OTIS,2026-09-28,66.33
OTIS,2026-09-29,65.63
OXB.L,2026-09-24,490.0
OXB.L,2026-09-25,507.0
OXB.L,2026-09-28,515.0
OXB.L,2026-09-29,504.0
OXB.L,2026-09-30,518.0
OXIG.L,2026-09-24,2872.0
OXIG.L,2026-09-25,2930.0
OXIG.L,2026-09-28,2892.0
OXIG.L,2026-09-29,2976.0
OXIG.L,2026-09-30,2976.0
OXY,2026-09-23,57.36
OXY,2026-09-24,58.05
OXY,2026-09-25,56.86
OXY,2026-09-28,56.1
OXY,2026-09-29,54.94
P,2026-09-23,109.65
P,2026-09-24,121.88
P,2026-09-25,126.0
P,2026-09-28,129.4
P,2026-09-29,130.05
PAF.L,2026-09-24,120.9
PAF.L,2026-09-25,123.4
PAF.L,2026-09-28,117.2
PAF.L,2026-09-29,118.0
PAF.L,2026-09-30,119.1
PAG.L,2026-09-24,742.5
PAG.L,2026-09-25,745.0
PAG.L,2026-09-28,742.5
PAG.L,2026-09-29,745.0
PAG.L,2026-09-30,742.5
PAGE.L,2026-09-24,214.4
PAGE.L,2026-09-25,219.2
PAGE.L,2026-09-28,215.2
PAGE.L,2026-09-29,214.0
PAGE.L,2026-09-30,209.6
PAH3.DE,2026-09-24,25.59
PAH3.DE,2026-09-25,25.77
PAH3.DE,2026-09-28,25.25
PAH3.DE,2026-09-29,25.32
PAH3.DE,2026-09-30,25.87
PANW,2026-09-23,393.3
PANW,2026-09-24,389.92
PANW,2026-09-25,374.74
PANW,2026-09-28,392.09
PANW,2026-09-29,388.41
PAYX,2026-09-23,104.49
PAYX,2026-09-24,101.59
PAYX,2026-09-25,101.37
PAYX,2026-09-28,99.3
PAYX,2026-09-29,99.31
PCAR,2026-09-23,112.09
PCAR,2026-09-24,110.67
PCAR,2026-09-25,111.31
PCAR,2026-09-28,111.65
PCAR,2026-09-29,111.8
PCG,2026-09-23,12.41
PCG,2026-09-24,12.32
PCG,2026-09-25,12.34
PCG,2026-09-28,11.95
PCG,2026-09-29,12.18
PCGH.L,2026-09-24,439.5
PCGH.L,2026-09-25,438.5
PCGH.L,2026-09-28,439.5
PCGH.L,2026-09-29,437.5
PCGH.L,2026-09-30,438.645
PCT.L,2026-09-24,690.0
PCT.L,2026-09-25,699.0
PCT.L,2026-09-28,684.0
PCT.L,2026-09-29,695.5
PCT.L,2026-09-30,693.0
PEG,2026-09-23,67.31
PEG,2026-09-24,66.56
PEG,2026-09-25,67.02
PEG,2026-09-28,66.73
PEG,2026-09-29,67.68
PEP,2026-09-23,130.18
PEP,2026-09-24,128.15
PEP,2026-09-25,128.63
PEP,2026-09-28,128.5
PEP,2026-09-29,128.69
PETS.L,2026-09-24,207.0
PETS.L,2026-09-25,211.2
PETS.L,2026-09-28,211.8
PETS.L,2026-09-29,213.8
PETS.L,2026-09-30,217.8
PEY.L,2026-09-24,6.8
PEY.L,2026-09-25,6.8
PEY.L,2026-09-28,6.76
PEY.L,2026-09-29,6.74
PEY.L,2026-09-30,6.76
PFD.L,2026-09-24,194.5
PFD.L,2026-09-25,195.1
PFD.L,2026-09-28,196.0
PFD.L,2026-09-29,195.0
PFD.L,2026-09-30,197.2
PFE,2026-09-23,28.18
PFE,2026-09-24,28.41
PFE,2026-09-25,28.67
PFE,2026-09-28,28.72
PFE,2026-09-29,28.72
PFG,2026-09-23,113.92
PFG,2026-09-24,114.15
PFG,2026-09-25,114.77
PFG,2026-09-28,114.64
PFG,2026-09-29,113.97
PG,2026-09-23,147.39
PG,2026-09-24,145.68
PG,2026-09-25,146.23
PG,2026-09-28,149.03
PG,2026-09-29,148.32
PGR,2026-09-23,203.13
PGR,2026-09-24,202.17
PGR,2026-09-25,205.5
PGR,2026-09-28,209.47
PGR,2026-09-29,210.52
PH,2026-09-23,971.21
PH,2026-09-24,974.98
PH,2026-09-25,978.33
PH,2026-09-28,969.55
PH,2026-09-29,970.37
PHI.L,2026-09-24,1132.0
PHI.L,2026-09-25,1146.0
PHI.L,2026-09-28,1120.0
PHI.L,2026-09-29,1136.0
PHI.L,2026-09-30,1124.0
PHM,2026-09-23,118.71
PHM,2026-09-24,118.18
PHM,2026-09-25,119.85
PHM,2026-09-28,119.13
PHM,2026-09-29,118.5
PHP.L,2026-09-24,92.0
PHP.L,2026-09-25,91.8
PHP.L,2026-09-28,91.35
PHP.L,2026-09-29,91.5
PHP.L,2026-09-30,92.25
PIN.L,2026-09-24,377.0
PIN.L,2026-09-25,385.0
PIN.L,2026-09-28,382.0
PIN.L,2026-09-29,385.0
PIN.L,2026-09-30,383.5
PINE.L,2026-09-24,446.0
PINE.L,2026-09-25,444.5
PINE.L,2026-09-28,446.0
PINE.L,2026-09-29,446.5
PINE.L,2026-09-30,446.03
PINT.L,2026-09-24,118.4
PINT.L,2026-09-25,118.4
PINT.L,2026-09-28,117.2
PINT.L,2026-09-29,117.2
PINT.L,2026-09-30,117.2
PKG,2026-09-23,240.98
PKG,2026-09-24,238.11
PKG,2026-09-25,237.18
PKG,2026-09-28,234.52
PKG,2026-09-29,233.28
PLD,2026-09-23,133.96
PLD,2026-09-24,133.82
PLD,2026-09-25,133.05
PLD,2026-09-28,132.44
PLD,2026-09-29,132.61
PLTR,2026-09-23,191.79
PLTR,2026-09-24,192.59
PLTR,2026-09-25,189.67
PLTR,2026-09-28,187.48
PLTR,2026-09-29,186.97
PLUS.L,2026-09-24,3442.0
PLUS.L,2026-09-25,3426.0
PLUS.L,2026-09-28,3382.0
PLUS.L,2026-09-29,3404.0
PLUS.L,2026-09-30,3430.0
PM,2026-09-23,190.84
PM,2026-09-24,191.5
PM,2026-09-25,190.48
PM,2026-09-28,193.76
PM,2026-09-29,193.9
PNC,2026-09-23,224.03
PNC,2026-09-24,223.34
PNC,2026-09-25,225.64
PNC,2026-09-28,223.67
PNC,2026-09-29,221.65
PNL.L,2026-09-24,544.0
PNL.L,2026-09-25,545.0
PNL.L,2026-09-28,541.0
PNL.L,2026-09-29,544.0
PNL.L,2026-09-30,543.4456
PNN.L,2026-09-24,450.8
PNN.L,2026-09-25,448.0
PNN.L,2026-09-28,445.0
PNN.L,2026-09-29,442.0
PNN.L,2026-09-30,467.2
PNR,2026-09-23,55.25
PNR,2026-09-24,53.03
PNR,2026-09-25,53.66
PNR,2026-09-28,53.03
PNR,2026-09-29,53.47
PNW,2026-09-23,92.05
PNW,2026-09-24,91.08
PNW,2026-09-25,91.74
PNW,2026-09-28,91.32
PNW,2026-09-29,93.4
PODD,2026-09-23,136.49
PODD,2026-09-24,135.78
PODD,2026-09-25,136.13
PODD,2026-09-28,133.11
PODD,2026-09-29,132.84
POLN.L,2026-09-24,904.0
POLN.L,2026-09-25,920.0
POLN.L,2026-09-28,921.0
POLN.L,2026-09-29,900.0
POLN.L,2026-09-30,911.824
PPET.L,2026-09-24,598.0
PPET.L,2026-09-25,604.0
PPET.L,2026-09-28,598.0
PPET.L,2026-09-29,604.0
PPET.L,2026-09-30,598.6245
PPG,2026-09-23,107.2
PPG,2026-09-24,106.32
PPG,2026-09-25,107.52
PPG,2026-09-28,107.01
PPG,2026-09-29,106.02
PPH.L,2026-09-24,1470.0
PPH.L,2026-09-25,1494.0
PPH.L,2026-09-28,1470.0
PPH.L,2026-09-29,1478.0
PPH.L,2026-09-30,1492.0
PPL,2026-09-23,32.25
PPL,2026-09-24,31.97
PPL,2026-09-25,32.03
PPL,2026-09-28,32.11
PPL,2026-09-29,32.58
PRN.L,2026-09-24,333.0
PRN.L,2026-09-25,334.0
PRN.L,2026-09-28,333.5
PRN.L,2026-09-29,328.0
PRN.L,2026-09-30,334.5
PRU,2026-09-23,117.59
PRU,2026-09-24,118.75
PRU,2026-09-25,119.45
PRU,2026-09-28,116.09
PRU,2026-09-29,115.06
PRU.L,2026-09-24,949.6
PRU.L,2026-09-25,941.8
PRU.L,2026-09-28,940.0
PRU.L,2026-09-29,944.4
PRU.L,2026-09-30,939.8
PRX.AS,2026-09-24,35.44
PRX.AS,2026-09-25,36.09
PRX.AS,2026-09-28,36.015
PRX.AS,2026-09-29,36.06
PRX.AS,2026-09-30,35.46
PRY.MI,2026-09-24,122.35
PRY.MI,2026-09-25,122.4
PRY.MI,2026-09-28,122.55
PRY.MI,2026-09-29,124.8
PRY.MI,2026-09-30,125.9
PSA,2026-09-23,286.73
PSA,2026-09-24,284.56
PSA,2026-09-25,287.97
PSA,2026-09-28,284.79
PSA,2026-09-29,285.58
PSH.L,2026-09-24,3622.0
PSH.L,2026-09-25,3722.0
PSH.L,2026-09-28,3630.0
PSH.L,2026-09-29,3638.0
PSH.L,2026-09-30,3668.0
PSKY,2026-09-23,9.96
PSKY,2026-09-24,10.18
PSKY,2026-09-25,9.96
PSKY,2026-09-28,10.28
PSKY,2026-09-29,9.99
PSN.L,2026-09-24,1148.5
PSN.L,2026-09-25,1154.5
PSN.L,2026-09-28,1324.0
PSN.L,2026-09-29,1329.5
PSN.L,2026-09-30,1327.5
PSO,2026-09-23,15.89
PSO,2026-09-24,16.02
PSO,2026-09-25,16.13
PSO,2026-09-28,15.94
PSO,2026-09-29,15.96
PSON.L,2026-09-24,1212.5
PSON.L,2026-09-25,1218.5
PSON.L,2026-09-28,1202.5
PSON.L,2026-09-29,1208.0
PSON.L,2026-09-30,1198.0
PST.MI,2026-09-24,25.71
PST.MI,2026-09-25,25.82
PST.MI,2026-09-28,25.88
PST.MI,2026-09-29,25.08
PST.MI,2026-09-30,24.76
PSX,2026-09-23,256.48
PSX,2026-09-24,255.87
PSX,2026-09-25,255.75
PSX,2026-09-28,253.55
PSX,2026-09-29,252.25
PTC,2026-09-23,140.4
PTC,2026-09-24,137.41
PTC,2026-09-25,138.12
PTC,2026-09-28,139.69
PTC,2026-09-29,137.56
PTEC.L,2026-09-24,387.2
PTEC.L,2026-09-25,388.6
PTEC.L,2026-09-28,387.6
PTEC.L,2026-09-29,376.8
PTEC.L,2026-09-30,376.0
PUB.PA,2026-09-24,97.66
PUB.PA,2026-09-25,97.86
PUB.PA,2026-09-28,96.14
PUB.PA,2026-09-29,95.78
PUB.PA,2026-09-30,93.54
PUK,2026-09-23,25.26
PUK,2026-09-24,25.3
PUK,2026-09-25,25.25
PUK,2026-09-28,25.2
PUK,2026-09-29,25.23
PWR,2026-09-23,634.9
PWR,2026-09-24,643.5
PWR,2026-09-25,649.13
PWR,2026-09-28,644.36
PWR,2026-09-29,651.79
PYPL,2026-09-23,52.51
PYPL,2026-09-24,52.6
PYPL,2026-09-25,55.04
PYPL,2026-09-28,54.28
PYPL,2026-09-29,53.89
Q,2026-09-23,124.5
Q,2026-09-24,122.31
Q,2026-09-25,124.69
Q,2026-09-28,124.91
Q,2026-09-29,125.61
QCOM,2026-09-23,197.24
QCOM,2026-09-24,194.26
QCOM,2026-09-25,201.97
QCOM,2026-09-28,187.48
QCOM,2026-09-29,184.1
QGEN,2026-09-23,43.71
QGEN,2026-09-24,44.56
QGEN,2026-09-25,44.18
QGEN,2026-09-28,45.01
QGEN,2026-09-29,44.4
QIA.DE,2026-09-24,38.835
QIA.DE,2026-09-25,38.955
QIA.DE,2026-09-28,39.305
QIA.DE,2026-09-29,39.115
QIA.DE,2026-09-30,39.305
QLT.L,2026-09-24,178.9
QLT.L,2026-09-25,178.6
QLT.L,2026-09-28,178.2
QLT.L,2026-09-29,177.2
QLT.L,2026-09-30,179.9
QQ.L,2026-09-24,489.8
QQ.L,2026-09-25,489.2
QQ.L,2026-09-28,483.2
QQ.L,2026-09-29,483.4
QQ.L,2026-09-30,490.2
RACE,2026-09-23,413.05
RACE,2026-09-24,411.82
RACE,2026-09-25,411.33
RACE,2026-09-28,398.0
RACE,2026-09-29,402.05
RACE.MI,2026-09-24,360.65
RACE.MI,2026-09-25,357.05
RACE.MI,2026-09-28,347.95
RACE.MI,2026-09-29,352.05
RACE.MI,2026-09-30,349.3
RAT.L,2026-09-24,1550.0
RAT.L,2026-09-25,1550.0
RAT.L,2026-09-28,1552.0
RAT.L,2026-09-29,1560.0
RAT.L,2026-09-30,1576.0
RCL,2026-09-23,230.3
RCL,2026-09-24,238.98
RCL,2026-09-25,242.7
RCL,2026-09-28,242.59
RCL,2026-09-29,260.67
RCP.L,2026-09-24,2515.0
RCP.L,2026-09-25,2515.0
RCP.L,2026-09-28,2515.0
RCP.L,2026-09-29,2515.0
RCP.L,2026-09-30,2516.2412
RDDT,2026-09-23,151.98
RDDT,2026-09-24,152.72
RDDT,2026-09-25,149.84
RDDT,2026-09-28,143.08
RDDT,2026-09-29,145.36
REC.MI,2026-09-24,53.0
REC.MI,2026-09-25,53.05
REC.MI,2026-09-28,53.15
REC.MI,2026-09-29,53.0
REC.MI,2026-09-30,53.0
REG,2026-09-23,72.73
REG,2026-09-24,72.92
REG,2026-09-25,73.23
REG,2026-09-28,73.33
REG,2026-09-29,72.66
REGN,2026-09-23,801.82
REGN,2026-09-24,796.02
REGN,2026-09-25,788.04
REGN,2026-09-28,752.25
REGN,2026-09-29,750.51
REL.L,2026-09-24,2525.0
REL.L,2026-09-25,2527.0
REL.L,2026-09-28,2480.0
REL.L,2026-09-29,2497.0
REL.L,2026-09-30,2474.5
RELX,2026-09-23,33.22
RELX,2026-09-24,33.51
RELX,2026-09-25,33.52
RELX,2026-09-28,33.07
RELX,2026-09-29,33.24
RF,2026-09-23,27.39
RF,2026-09-24,27.26
RF,2026-09-25,27.62
RF,2026-09-28,27.26
RF,2026-09-29,26.89
RHIM.L,2026-09-24,2810.0
RHIM.L,2026-09-25,2820.0
RHIM.L,2026-09-28,2825.0
RHIM.L,2026-09-29,2820.0
RHIM.L,2026-09-30,2975.0
RHM.DE,2026-09-24,990.0
RHM.DE,2026-09-25,982.4
RHM.DE,2026-09-28,966.3
RHM.DE,2026-09-29,960.4
RHM.DE,2026-09-30,965.5
RI.PA,2026-09-24,59.58
RI.PA,2026-09-25,59.04
RI.PA,2026-09-28,58.72
RI.PA,2026-09-29,60.0
RI.PA,2026-09-30,60.94
RICA.L,2026-09-24,297.5
RICA.L,2026-09-25,297.0
RICA.L,2026-09-28,295.5
RICA.L,2026-09-29,295.0
RICA.L,2026-09-30,296.5
RIO,2026-09-23,95.25
RIO,2026-09-24,94.47
RIO,2026-09-25,94.56
RIO,2026-09-28,94.41
RIO,2026-09-29,94.16
RIO.L,2026-09-24,7070.0
RIO.L,2026-09-25,7088.0
RIO.L,2026-09-28,7059.0
RIO.L,2026-09-29,7072.0
RIO.L,2026-09-30,7166.0
RJF,2026-09-23,158.23
RJF,2026-09-24,158.76
RJF,2026-09-25,159.87
RJF,2026-09-28,161.16
RJF,2026-09-29,159.85
RKT.L,2026-09-24,4923.0
RKT.L,2026-09-25,4905.0
RKT.L,2026-09-28,4897.0
RKT.L,2026-09-29,4890.0
RKT.L,2026-09-30,5058.0
RL,2026-09-23,337.47
RL,2026-09-24,351.86
RL,2026-09-25,357.1
RL,2026-09-28,357.16
RL,2026-09-29,355.92
RMD,2026-09-23,222.3
RMD,2026-09-24,221.89
RMD,2026-09-25,222.0
RMD,2026-09-28,222.1
RMD,2026-09-29,222.83
RMS.PA,2026-09-24,1354.5
RMS.PA,2026-09-25,1347.5
RMS.PA,2026-09-28,1381.5
RMS.PA,2026-09-29,1352.5
RMS.PA,2026-09-30,1363.0
RMV.L,2026-09-24,448.0
RMV.L,2026-09-25,440.9
RMV.L,2026-09-28,440.1
RMV.L,2026-09-29,441.5
RMV.L,2026-09-30,445.5
RNK.L,2026-09-24,75.8
RNK.L,2026-09-25,76.6
RNK.L,2026-09-28,74.3
RNK.L,2026-09-29,75.3
RNK.L,2026-09-30,76.3
RNO.PA,2026-09-24,26.15
RNO.PA,2026-09-25,26.3
RNO.PA,2026-09-28,26.33
RNO.PA,2026-09-29,26.06
RNO.PA,2026-09-30,26.17
ROK,2026-09-23,432.89
ROK,2026-09-24,432.93
ROK,2026-09-25,434.15
ROK,2026-09-28,431.22
ROK,2026-09-29,431.53
ROL,2026-09-23,32.49
ROL,2026-09-24,30.4
ROL,2026-09-25,30.03
ROL,2026-09-28,30.59
ROL,2026-09-29,30.5
ROP,2026-09-23,366.36
ROP,2026-09-24,364.02
ROP,2026-09-25,358.56
ROP,2026-09-28,354.0
ROP,2026-09-29,349.45
ROR.L,2026-09-24,486.0
ROR.L,2026-09-25,485.6
ROR.L,2026-09-28,485.8
ROR.L,2026-09-29,488.0
ROR.L,2026-09-30,488.2
ROSE.L,2026-09-24,315.0
ROSE.L,2026-09-25,312.0
ROSE.L,2026-09-28,312.0
ROSE.L,2026-09-29,310.0
ROSE.L,2026-09-30,311.0
ROST,2026-09-23,233.98
ROST,2026-09-24,235.4
ROST,2026-09-25,236.12
ROST,2026-09-28,237.09
ROST,2026-09-29,234.4
RPI.L,2026-09-24,755.0
RPI.L,2026-09-25,711.5
RPI.L,2026-09-28,618.5
RPI.L,2026-09-29,645.5
RPI.L,2026-09-30,682.5
RR.L,2026-09-24,1484.0
RR.L,2026-09-25,1481.4
RR.L,2026-09-28,1474.4
RR.L,2026-09-29,1481.2
RR.L,2026-09-30,1467.4
RS1.L,2026-09-24,755.0
RS1.L,2026-09-25,757.0
RS1.L,2026-09-28,766.0
RS1.L,2026-09-29,771.5
RS1.L,2026-09-30,770.5
RSG,2026-09-23,213.1
RSG,2026-09-24,212.72
RSG,2026-09-25,212.1
RSG,2026-09-28,212.93
RSG,2026-09-29,211.92
RSW.L,2026-09-24,5600.0
RSW.L,2026-09-25,5660.0
RSW.L,2026-09-28,5565.0
RSW.L,2026-09-29,5690.0
RSW.L,2026-09-30,5665.0
RTO,2026-09-23,21.41
RTO,2026-09-24,20.55
RTO,2026-09-25,20.64
RTO,2026-09-28,20.5
RTO,2026-09-29,20.05
RTO.L,2026-09-24,309.2
RTO.L,2026-09-25,308.7
RTO.L,2026-09-28,304.0
RTO.L,2026-09-29,298.5
RTO.L,2026-09-30,300.0
RTW.L,2026-09-24,2.34
RTW.L,2026-09-25,2.36
RTW.L,2026-09-28,2.34
RTW.L,2026-09-29,2.33
RTW.L,2026-09-30,2.35
RTX,2026-09-23,192.19
RTX,2026-09-24,188.61
RTX,2026-09-25,189.4
RTX,2026-09-28,187.66
RTX,2026-09-29,186.94
RVTY,2026-09-23,142.11
RVTY,2026-09-24,150.68
RVTY,2026-09-25,151.11
RVTY,2026-09-28,151.02
RVTY,2026-09-29,152.77
RWE.DE,2026-09-24,59.16
RWE.DE,2026-09-25,59.4
RWE.DE,2026-09-28,59.14
RWE.DE,2026-09-29,58.92
RWE.DE,2026-09-30,59.6
SAF.PA,2026-09-24,334.3
SAF.PA,2026-09-25,336.3
SAF.PA,2026-09-28,333.0
SAF.PA,2026-09-29,335.1
SAF.PA,2026-09-30,335.9
SAFE.L,2026-09-24,524.5
SAFE.L,2026-09-25,522.0
SAFE.L,2026-09-28,524.5
SAFE.L,2026-09-29,525.5
SAFE.L,2026-09-30,528.452
SAGA.L,2026-09-24,604.0
SAGA.L,2026-09-25,616.0
SAGA.L,2026-09-28,605.0
SAGA.L,2026-09-29,641.0
SAGA.L,2026-09-30,769.64
SAIN.L,2026-09-24,553.0
SAIN.L,2026-09-25,553.0
SAIN.L,2026-09-28,550.0
SAIN.L,2026-09-29,551.0
SAIN.L,2026-09-30,549.0
SAN,2026-09-23,14.2
SAN,2026-09-24,14.28
SAN,2026-09-25,14.42
SAN,2026-09-28,14.22
SAN,2026-09-29,14.19
SAN.MC,2026-09-24,12.528
SAN.MC,2026-09-25,12.572
SAN.MC,2026-09-28,12.502
SAN.MC,2026-09-29,12.51
SAN.MC,2026-09-30,12.438
SAN.PA,2026-09-24,72.1
SAN.PA,2026-09-25,71.79
SAN.PA,2026-09-28,72.0
SAN.PA,2026-09-29,71.47
SAN.PA,2026-09-30,71.79
SAP,2026-09-23,210.62
SAP,2026-09-24,209.11
SAP,2026-09-25,210.68
SAP,2026-09-28,209.31
SAP,2026-09-29,210.85
SAP.DE,2026-09-24,184.18
SAP.DE,2026-09-25,185.92
SAP.DE,2026-09-28,184.02
SAP.DE,2026-09-29,185.32
SAP.DE,2026-09-30,183.38
SBAC,2026-09-23,170.53
SBAC,2026-09-24,166.12
SBAC,2026-09-25,166.15
SBAC,2026-09-28,163.43
SBAC,2026-09-29,162.81
SBRY.L,2026-09-24,337.0
SBRY.L,2026-09-25,337.0
SBRY.L,2026-09-28,336.6
SBRY.L,2026-09-29,329.6
SBRY.L,2026-09-30,332.8
SBUX,2026-09-23,94.14
SBUX,2026-09-24,93.65
SBUX,2026-09-25,94.86
SBUX,2026-09-28,95.27
SBUX,2026-09-29,95.43
SCHW,2026-09-23,99.5
SCHW,2026-09-24,99.49
SCHW,2026-09-25,99.03
SCHW,2026-09-28,98.3
SCHW,2026-09-29,99.1
SCT.L,2026-09-24,1784.0
SCT.L,2026-09-25,1789.0
SCT.L,2026-09-28,1791.0
SCT.L,2026-09-29,1805.0
SCT.L,2026-09-30,1819.0
SDLF.L,2026-09-24,887.0
SDLF.L,2026-09-25,894.0
SDLF.L,2026-09-28,893.5
SDLF.L,2026-09-29,892.0
SDLF.L,2026-09-30,894.1643
SDP.L,2026-09-24,853.0
SDP.L,2026-09-25,859.0
SDP.L,2026-09-28,845.0
SDP.L,2026-09-29,851.0
SDP.L,2026-09-30,842.0
SDR.L,2026-09-24,588.5
SDR.L,2026-09-25,588.5
SDR.L,2026-09-28,588.5
SDR.L,2026-09-29,589.0
SDR.L,2026-09-30,589.0
SEIT.L,2026-09-24,36.45
SEIT.L,2026-09-25,34.6
SEIT.L,2026-09-28,34.45
SEIT.L,2026-09-29,33.3
SEIT.L,2026-09-30,33.4021
SEQI.L,2026-09-24,84.6
SEQI.L,2026-09-25,85.2
SEQI.L,2026-09-28,85.2
SEQI.L,2026-09-29,84.5
SEQI.L,2026-09-30,85.046
SGE.L,2026-09-24,990.0
SGE.L,2026-09-25,1002.5
SGE.L,2026-09-28,982.4
SGE.L,2026-09-29,971.4
SGE.L,2026-09-30,952.4
SGO.PA,2026-09-24,69.82
SGO.PA,2026-09-25,69.82
SGO.PA,2026-09-28,70.5
SGO.PA,2026-09-29,69.8
SGO.PA,2026-09-30,69.24
SGRO.L,2026-09-24,949.0
SGRO.L,2026-09-25,941.2
SGRO.L,2026-09-28,940.0
SGRO.L,2026-09-29,937.6
SGRO.L,2026-09-30,937.8
SHAW.L,2026-09-24,305.0
SHAW.L,2026-09-25,310.0
SHAW.L,2026-09-28,306.0
SHAW.L,2026-09-29,307.5
SHAW.L,2026-09-30,310.5
SHC.L,2026-09-24,137.8
SHC.L,2026-09-25,137.4
SHC.L,2026-09-28,138.1
SHC.L,2026-09-29,137.9
SHC.L,2026-09-30,138.4
SHEL,2026-09-23,95.41
SHEL,2026-09-24,95.6
SHEL,2026-09-25,95.78
SHEL,2026-09-28,96.47
SHEL,2026-09-29,95.14
SHEL.L,2026-09-24,3641.0
SHEL.L,2026-09-25,3611.0
SHEL.L,2026-09-28,3654.5
SHEL.L,2026-09-29,3594.0
SHEL.L,2026-09-30,3559.5
SHL.DE,2026-09-24,37.21
SHL.DE,2026-09-25,37.79
SHL.DE,2026-09-28,38.67
SHL.DE,2026-09-29,38.65
SHL.DE,2026-09-30,38.28
SHW,2026-09-23,326.46
SHW,2026-09-24,320.4
SHW,2026-09-25,329.1
SHW,2026-09-28,332.79
SHW,2026-09-29,330.44
SI,2026-09-23,17.37
SI,2026-09-24,17.01
SI,2026-09-25,16.99
SI,2026-09-28,17.95
SI,2026-09-29,18.79
SIE.DE,2026-09-24,274.8
SIE.DE,2026-09-25,278.3
SIE.DE,2026-09-28,278.45
SIE.DE,2026-09-29,282.0
SIE.DE,2026-09-30,278.35
SJM,2026-09-23,122.41
SJM,2026-09-24,121.66
SJM,2026-09-25,121.0
SJM,2026-09-28,120.63
SJM,2026-09-29,120.7
SLB,2026-09-23,51.87
SLB,2026-09-24,51.43
SLB,2026-09-25,51.54
SLB,2026-09-28,51.49
SLB,2026-09-29,49.87
SMCI,2026-09-23,41.44
SMCI,2026-09-24,41.51
SMCI,2026-09-25,43.26
SMCI,2026-09-28,41.78
SMCI,2026-09-29,41.02
SMIN.L,2026-09-24,2757.0
SMIN.L,2026-09-25,2816.0
SMIN.L,2026-09-28,2827.0
SMIN.L,2026-09-29,2831.0
SMIN.L,2026-09-30,2848.0
SMT.L,2026-09-24,1570.0
SMT.L,2026-09-25,1571.0
SMT.L,2026-09-28,1565.5
SMT.L,2026-09-29,1584.5
SMT.L,2026-09-30,1585.5
SMWH.L,2026-09-24,360.6
SMWH.L,2026-09-25,371.0
SMWH.L,2026-09-28,377.6
SMWH.L,2026-09-29,379.4
SMWH.L,2026-09-30,389.2
SN.L,2026-09-24,1004.5
SN.L,2026-09-25,1008.0
SN.L,2026-09-28,1012.5
SN.L,2026-09-29,1011.5
SN.L,2026-09-30,1018.0
SNA,2026-09-23,370.25
SNA,2026-09-24,367.71
SNA,2026-09-25,369.2
SNA,2026-09-28,369.21
SNA,2026-09-29,367.08
SNDK,2026-09-23,1816.5699
SNDK,2026-09-24,1753.62
SNDK,2026-09-25,1777.8
SNDK,2026-09-28,1712.89
SNDK,2026-09-29,1729.76
SNN,2026-09-23,26.82
SNN,2026-09-24,26.68
SNN,2026-09-25,26.91
SNN,2026-09-28,27.08
SNN,2026-09-29,26.95
SNPS,2026-09-23,413.06
SNPS,2026-09-24,424.91
SNPS,2026-09-25,425.76
SNPS,2026-09-28,417.61
SNPS,2026-09-29,415.09
SNR.L,2026-09-24,295.5
SNR.L,2026-09-25,296.0
SNR.L,2026-09-28,296.0
SNR.L,2026-09-29,297.5
SNR.L,2026-09-30,297.0
SNY,2026-09-23,41.66
SNY,2026-09-24,40.94
SNY,2026-09-25,41.11
SNY,2026-09-28,41.18
SNY,2026-09-29,40.74
SO,2026-09-23,83.47
SO,2026-09-24,82.89
SO,2026-09-25,82.88
SO,2026-09-28,82.35
SO,2026-09-29,83.45
SOI.L,2026-09-24,460.5
SOI.L,2026-09-25,466.5
SOI.L,2026-09-28,459.5
SOI.L,2026-09-29,462.0
SOI.L,2026-09-30,457.49
SOLV,2026-09-23,88.37
SOLV,2026-09-24,88.59
SOLV,2026-09-25,89.5
SOLV,2026-09-28,89.54
SOLV,2026-09-29,89.32
SPG,2026-09-23,204.16
SPG,2026-09-24,204.7
SPG,2026-09-25,204.82
SPG,2026-09-28,204.53
SPG,2026-09-29,204.28
SPGI,2026-09-23,406.5
SPGI,2026-09-24,403.25
SPGI,2026-09-25,403.3
SPGI,2026-09-28,395.92
SPGI,2026-09-29,392.45
SPI.L,2026-09-24,245.5
SPI.L,2026-09-25,245.5
SPI.L,2026-09-28,246.0
SPI.L,2026-09-29,245.5
SPI.L,2026-09-30,245.75
SPM.MI,2026-09-24,4.361
SPM.MI,2026-09-25,4.349
SPM.MI,2026-09-28,4.42
SPM.MI,2026-09-29,4.354
SPM.MI,2026-09-30,4.342
SPX.L,2026-09-24,6970.0
SPX.L,2026-09-25,7050.0
SPX.L,2026-09-28,7140.0
SPX.L,2026-09-29,7195.0
SPX.L,2026-09-30,7300.0
SPY,2026-09-23,767.81
SPY,2026-09-24,767.18
SPY,2026-09-25,771.35
SPY,2026-09-28,765.61
SPY,2026-09-29,764.2
SRE,2026-09-23,79.0
SRE,2026-09-24,77.74
SRE,2026-09-25,77.93
SRE,2026-09-28,76.89
SRE,2026-09-29,78.18
SRE.L,2026-09-24,89.55
SRE.L,2026-09-25,89.6
SRE.L,2026-09-28,88.85
SRE.L,2026-09-29,88.75
SRE.L,2026-09-30,88.85
SRG.MI,2026-09-24,5.59
SRG.MI,2026-09-25,5.588
SRG.MI,2026-09-28,5.592
SRG.MI,2026-09-29,5.612
SRG.MI,2026-09-30,5.616
SRP.L,2026-09-24,252.8
SRP.L,2026-09-25,254.2
SRP.L,2026-09-28,252.0
SRP.L,2026-09-29,251.8
SRP.L,2026-09-30,252.6
SSE.L,2026-09-24,2475.0
SSE.L,2026-09-25,2456.0
SSE.L,2026-09-28,2458.0
SSE.L,2026-09-29,2437.0
SSE.L,2026-09-30,2500.0
SSIT.L,2026-09-24,184.6
SSIT.L,2026-09-25,186.4
SSIT.L,2026-09-28,186.6
SSIT.L,2026-09-29,187.2
SSIT.L,2026-09-30,195.8
SSPG.L,2026-09-24,183.2
SSPG.L,2026-09-25,186.3
SSPG.L,2026-09-28,188.3
SSPG.L,2026-09-29,188.1
SSPG.L,2026-09-30,191.5614
STAN.L,2026-09-24,2257.0
STAN.L,2026-09-25,2313.0
STAN.L,2026-09-28,2322.0
STAN.L,2026-09-29,2329.0
STAN.L,2026-09-30,2320.0
STE,2026-09-23,209.98
STE,2026-09-24,208.77
STE,2026-09-25,208.93
STE,2026-09-28,211.0
STE,2026-09-29,210.65
STJ.L,2026-09-24,1064.5
STJ.L,2026-09-25,1071.0
STJ.L,2026-09-28,1068.0
STJ.L,2026-09-29,1060.0
STJ.L,2026-09-30,1066.5
STLA,2026-09-23,4.62
STLA,2026-09-24,4.47
STLA,2026-09-25,4.6
STLA,2026-09-28,4.62
STLA,2026-09-29,4.43
STLAM.MI,2026-09-24,3.9635
STLAM.MI,2026-09-25,4.0325
STLAM.MI,2026-09-28,4.0475
STLAM.MI,2026-09-29,3.9065
STLAM.MI,2026-09-30,3.933
STLAP.PA,2026-09-24,3.9695
STLAP.PA,2026-09-25,4.0265
STLAP.PA,2026-09-28,4.0445
STLAP.PA,2026-09-29,3.903
STLAP.PA,2026-09-30,3.933
STLD,2026-09-23,234.29
STLD,2026-09-24,235.2
STLD,2026-09-25,233.66
STLD,2026-09-28,230.39
STLD,2026-09-29,221.9
STM,2026-09-23,52.46
STM,2026-09-24,51.58
STM,2026-09-25,51.93
STM,2026-09-28,52.74
STM,2026-09-29,53.24
STMMI.MI,2026-09-24,44.89
STMMI.MI,2026-09-25,45.125
STMMI.MI,2026-09-28,45.85
STMMI.MI,2026-09-29,47.02
STMMI.MI,2026-09-30,46.75
STMPA.PA,2026-09-24,44.88
STMPA.PA,2026-09-25,45.105
STMPA.PA,2026-09-28,45.84
STMPA.PA,2026-09-29,47.035
STMPA.PA,2026-09-30,46.765
STT,2026-09-23,179.95
STT,2026-09-24,181.09
STT,2026-09-25,181.34
STT,2026-09-28,179.73
STT,2026-09-29,177.78
STX,2026-09-23,923.86
STX,2026-09-24,905.92
STX,2026-09-25,916.83
STX,2026-09-28,921.51
STX,2026-09-29,913.45
STZ,2026-09-23,116.57
STZ,2026-09-24,114.21
STZ,2026-09-25,113.63
STZ,2026-09-28,112.92
STZ,2026-09-29,112.77
SU.PA,2026-09-24,289.8
SU.PA,2026-09-25,291.0
SU.PA,2026-09-28,290.5
SU.PA,2026-09-29,296.35
SU.PA,2026-09-30,293.4
SUPR.L,2026-09-24,83.6
SUPR.L,2026-09-25,83.6
SUPR.L,2026-09-28,83.25
SUPR.L,2026-09-29,83.6
SUPR.L,2026-09-30,83.3
SVS.L,2026-09-24,1008.0
SVS.L,2026-09-25,1016.0
SVS.L,2026-09-28,1012.0
SVS.L,2026-09-29,1012.0
SVS.L,2026-09-30,1032.0
SVT.L,2026-09-24,3062.0
SVT.L,2026-09-25,3062.0
SVT.L,2026-09-28,3070.0
SVT.L,2026-09-29,3068.0
SVT.L,2026-09-30,3132.0
SW,2026-09-23,46.49
SW,2026-09-24,46.0
SW,2026-09-25,46.41
SW,2026-09-28,45.07
SW,2026-09-29,44.38
SWK,2026-09-23,91.76
SWK,2026-09-24,90.17
SWK,2026-09-25,91.4
SWK,2026-09-28,88.73
SWK,2026-09-29,88.79
SWKS,2026-09-23,91.45
SWKS,2026-09-24,87.81
SWKS,2026-09-25,89.34
SWKS,2026-09-28,87.59
SWKS,2026-09-29,88.04
SY1.DE,2026-09-24,93.24
SY1.DE,2026-09-25,93.08
SY1.DE,2026-09-28,93.38
SY1.DE,2026-09-29,93.5
SY1.DE,2026-09-30,93.2
SYF,2026-09-23,70.67
SYF,2026-09-24,71.55
SYF,2026-09-25,72.94
SYF,2026-09-28,71.52
SYF,2026-09-29,71.72
SYK,2026-09-23,273.4
SYK,2026-09-24,269.75
SYK,2026-09-25,272.36
SYK,2026-09-28,275.31
SYK,2026-09-29,278.77
SYNC.L,2026-09-24,117.8
SYNC.L,2026-09-25,122.0
SYNC.L,2026-09-28,122.2
SYNC.L,2026-09-29,122.4
SYNC.L,2026-09-30,123.1
SYY,2026-09-23,77.14
SYY,2026-09-24,78.19
SYY,2026-09-25,78.46
SYY,2026-09-28,78.57
SYY,2026-09-29,78.49
T,2026-09-23,25.3
T,2026-09-24,25.45
T,2026-09-25,25.38
T,2026-09-28,24.9
T,2026-09-29,24.48
TATE.L,2026-09-24,559.0
TATE.L,2026-09-25,559.0
TATE.L,2026-09-28,560.0
TATE.L,2026-09-29,559.0
TATE.L,2026-09-30,559.0
TBCG.L,2026-09-24,5250.0
TBCG.L,2026-09-25,5335.0
TBCG.L,2026-09-28,5400.0
TBCG.L,2026-09-29,5415.0
TBCG.L,2026-09-30,5380.0
TCAP.L,2026-09-24,327.6
TCAP.L,2026-09-25,328.4
TCAP.L,2026-09-28,327.8
TCAP.L,2026-09-29,330.8
TCAP.L,2026-09-30,348.6
TDG,2026-09-23,1105.28
TDG,2026-09-24,1105.28
TDG,2026-09-25,1116.2
TDG,2026-09-28,1109.22
TDG,2026-09-29,1099.79
TDY,2026-09-23,621.05
TDY,2026-09-24,612.02
TDY,2026-09-25,614.15
TDY,2026-09-28,610.83
TDY,2026-09-29,605.59
TECH,2026-09-23,72.52
TECH,2026-09-24,72.57
TECH,2026-09-25,72.61
TECH,2026-09-28,72.51
TECH,2026-09-29,72.38
TEL,2026-09-23,214.39
TEL,2026-09-24,213.67
TEL,2026-09-25,218.59
TEL,2026-09-28,214.71
TEL,2026-09-29,212.59
TEM.L,2026-09-24,334.0
TEM.L,2026-09-25,335.0
TEM.L,2026-09-28,329.0
TEM.L,2026-09-29,330.5
TEM.L,2026-09-30,328.727
TEN.MI,2026-09-24,24.89
TEN.MI,2026-09-25,24.42
TEN.MI,2026-09-28,24.8
TEN.MI,2026-09-29,24.3
TEN.MI,2026-09-30,24.33
TEP.L,2026-09-24,812.0
TEP.L,2026-09-25,806.0
TEP.L,2026-09-28,802.0
TEP.L,2026-09-29,799.0
TEP.L,2026-09-30,817.0
TEP.PA,2026-09-24,71.56
TEP.PA,2026-09-25,72.36
TEP.PA,2026-09-28,70.94
TEP.PA,2026-09-29,71.44
TEP.PA,2026-09-30,67.0
TER,2026-09-23,389.14
TER,2026-09-24,387.7
TER,2026-09-25,398.38
TER,2026-09-28,401.3
TER,2026-09-29,403.02
TFC,2026-09-23,47.0
TFC,2026-09-24,47.18
TFC,2026-09-25,47.66
TFC,2026-09-28,47.09
TFC,2026-09-29,46.44
TFIF.L,2026-09-24,108.8
TFIF.L,2026-09-25,108.6
TFIF.L,2026-09-28,108.6
TFIF.L,2026-09-29,108.8
TFIF.L,2026-09-30,108.8
TGT,2026-09-23,156.26
TGT,2026-09-24,156.15
TGT,2026-09-25,157.45
TGT,2026-09-28,158.43
TGT,2026-09-29,156.43
THG.L,2026-09-24,26.32
THG.L,2026-09-25,26.34
THG.L,2026-09-28,26.52
THG.L,2026-09-29,26.22
THG.L,2026-09-30,26.94
THRL.L,2026-09-24,113.0
THRL.L,2026-09-25,113.0
THRL.L,2026-09-28,113.4
THRL.L,2026-09-29,114.8
THRL.L,2026-09-30,114.4
TIT.MI,2026-09-24,7.441
TIT.MI,2026-09-25,7.241
TIT.MI,2026-09-28,7.116
TIT.MI,2026-09-29,6.855
TIT.MI,2026-09-30,6.797
TJX,2026-09-23,131.59
TJX,2026-09-24,131.63
TJX,2026-09-25,130.06
TJX,2026-09-28,130.25
TJX,2026-09-29,133.8
TKO,2026-09-23,189.08
TKO,2026-09-24,185.06
TKO,2026-09-25,182.67
TKO,2026-09-28,181.58
TKO,2026-09-29,177.58
TMO,2026-09-23,665.3
TMO,2026-09-24,678.39
TMO,2026-09-25,675.0
TMO,2026-09-28,678.6
TMO,2026-09-29,679.61
TMPL.L,2026-09-24,412.0
TMPL.L,2026-09-25,415.0
TMPL.L,2026-09-28,416.5
TMPL.L,2026-09-29,416.5
TMPL.L,2026-09-30,415.2194
TMUS,2026-09-23,165.66
TMUS,2026-09-24,165.35
TMUS,2026-09-25,165.43
TMUS,2026-09-28,166.45
TMUS,2026-09-29,162.98
TPK.L,2026-09-24,597.0
TPK.L,2026-09-25,598.5
TPK.L,2026-09-28,620.0
TPK.L,2026-09-29,615.0
TPK.L,2026-09-30,615.5
TPL,2026-09-23,335.74
TPL,2026-09-24,338.25
TPL,2026-09-25,341.07
TPL,2026-09-28,338.15
TPL,2026-09-29,328.7
TPR,2026-09-23,110.51
TPR,2026-09-24,112.12
TPR,2026-09-25,113.88
TPR,2026-09-28,113.45
TPR,2026-09-29,114.12
TRGP,2026-09-23,283.01
TRGP,2026-09-24,283.15
TRGP,2026-09-25,277.84
TRGP,2026-09-28,277.43
TRGP,2026-09-29,273.49
TRIG.L,2026-09-24,78.9
TRIG.L,2026-09-25,79.2
TRIG.L,2026-09-28,79.1
TRIG.L,2026-09-29,79.5
TRIG.L,2026-09-30,79.8
TRMB,2026-09-23,59.32
TRMB,2026-09-24,57.69
TRMB,2026-09-25,57.85
TRMB,2026-09-28,57.51
TRMB,2026-09-29,57.34
TRN.L,2026-09-24,193.5
TRN.L,2026-09-25,194.3
TRN.L,2026-09-28,192.3
TRN.L,2026-09-29,191.2
TRN.L,2026-09-30,195.2
TRN.MI,2026-09-24,9.154
TRN.MI,2026-09-25,9.174
TRN.MI,2026-09-28,9.18
TRN.MI,2026-09-29,9.194
TRN.MI,2026-09-30,9.204
TROW,2026-09-23,104.57
TROW,2026-09-24,104.27
TROW,2026-09-25,105.51
TROW,2026-09-28,103.81
TROW,2026-09-29,104.51
TRST.L,2026-09-24,209.6
TRST.L,2026-09-25,213.6
TRST.L,2026-09-28,207.4
TRST.L,2026-09-29,216.2
TRST.L,2026-09-30,223.0
TRV,2026-09-23,360.39
TRV,2026-09-24,362.39
TRV,2026-09-25,363.04
TRV,2026-09-28,363.16
TRV,2026-09-29,363.21
TRY.L,2026-09-24,283.0
TRY.L,2026-09-25,282.5
TRY.L,2026-09-28,281.0
TRY.L,2026-09-29,281.0
TRY.L,2026-09-30,280.0
TS,2026-09-23,55.77
TS,2026-09-24,55.88
TS,2026-09-25,55.47
TS,2026-09-28,56.12
TS,2026-09-29,55.05
TSCO,2026-09-23,32.29
TSCO,2026-09-24,31.44
TSCO,2026-09-25,32.27
TSCO,2026-09-28,32.07
TSCO,2026-09-29,31.51
TSCO.L,2026-09-24,477.0
TSCO.L,2026-09-25,473.2
TSCO.L,2026-09-28,478.8
TSCO.L,2026-09-29,470.9
TSCO.L,2026-09-30,473.1
TSLA,2026-09-23,380.12
TSLA,2026-09-24,377.94
TSLA,2026-09-25,372.11
TSLA,2026-09-28,357.45
TSLA,2026-09-29,352.84
TSN,2026-09-23,51.36
TSN,2026-09-24,51.14
TSN,2026-09-25,50.92
TSN,2026-09-28,50.95
TSN,2026-09-29,50.98
TT,2026-09-23,437.09
TT,2026-09-24,438.54
TT,2026-09-25,454.44
TT,2026-09-28,452.06
TT,2026-09-29,455.59
TTE,2026-09-23,91.67
TTE,2026-09-24,91.89
TTE,2026-09-25,90.94
TTE,2026-09-28,90.34
TTE,2026-09-29,87.71
TTE.PA,2026-09-24,81.05
TTE.PA,2026-09-25,79.99
TTE.PA,2026-09-28,80.0
TTE.PA,2026-09-29,78.1
TTE.PA,2026-09-30,76.17
TTWO,2026-09-23,206.32
TTWO,2026-09-24,202.98
TTWO,2026-09-25,201.44
TTWO,2026-09-28,202.35
TTWO,2026-09-29,202.78
TW.L,2026-09-24,78.8
TW.L,2026-09-25,80.1
TW.L,2026-09-28,89.32
TW.L,2026-09-29,87.24
TW.L,2026-09-30,87.6
TXN,2026-09-23,272.62
TXN,2026-09-24,270.65
TXN,2026-09-25,278.07
TXN,2026-09-28,278.31
TXN,2026-09-29,281.69
TXT,2026-09-23,76.81
TXT,2026-09-24,76.02
TXT,2026-09-25,76.59
TXT,2026-09-28,77.37
TXT,2026-09-29,77.63
TYL,2026-09-23,332.53
TYL,2026-09-24,326.85
TYL,2026-09-25,325.57
TYL,2026-09-28,324.02
TYL,2026-09-29,316.26
UAL,2026-09-23,110.72
UAL,2026-09-24,111.19
UAL,2026-09-25,113.99
UAL,2026-09-28,111.51
UAL,2026-09-29,112.65
UBER,2026-09-23,69.42
UBER,2026-09-24,69.22
UBER,2026-09-25,69.62
UBER,2026-09-28,68.16
UBER,2026-09-29,69.36
UCG.MI,2026-09-24,82.18
UCG.MI,2026-09-25,83.95
UCG.MI,2026-09-28,84.28
UCG.MI,2026-09-29,83.8
UCG.MI,2026-09-30,83.34
UDR,2026-09-23,33.79
UDR,2026-09-24,33.55
UDR,2026-09-25,33.84
UDR,2026-09-28,33.83
UDR,2026-09-29,33.95
UEM.L,2026-09-24,281.0
UEM.L,2026-09-25,283.0
UEM.L,2026-09-28,282.0
UEM.L,2026-09-29,281.0
UEM.L,2026-09-30,281.0
UHS,2026-09-23,181.39
UHS,2026-09-24,176.99
UHS,2026-09-25,178.86
UHS,2026-09-28,177.48
UHS,2026-09-29,175.73
UKW.L,2026-09-24,113.1
UKW.L,2026-09-25,112.6
UKW.L,2026-09-28,114.0
UKW.L,2026-09-29,114.1
UKW.L,2026-09-30,115.092
UL,2026-09-23,62.16
UL,2026-09-24,62.25
UL,2026-09-25,62.54
UL,2026-09-28,62.53
UL,2026-09-29,61.24
ULTA,2026-09-23,543.81
ULTA,2026-09-24,548.78
ULTA,2026-09-25,545.2
ULTA,2026-09-28,549.13
ULTA,2026-09-29,547.89
ULVR.L,2026-09-24,4708.5
ULVR.L,2026-09-25,4664.5
ULVR.L,2026-09-28,4671.0
ULVR.L,2026-09-29,4615.5
ULVR.L,2026-09-30,4643.0
UNH,2026-09-23,371.29
UNH,2026-09-24,375.01
UNH,2026-09-25,376.59
UNH,2026-09-28,377.83
UNH,2026-09-29,374.94
UNI.MI,2026-09-24,26.88
UNI.MI,2026-09-25,27.08
UNI.MI,2026-09-28,27.01
UNI.MI,2026-09-29,27.21
UNI.MI,2026-09-30,27.05
UNP,2026-09-23,275.53
UNP,2026-09-24,274.07
UNP,2026-09-25,273.79
UNP,2026-09-28,274.1
UNP,2026-09-29,274.15
UPS,2026-09-23,95.82
UPS,2026-09-24,92.05
UPS,2026-09-25,93.96
UPS,2026-09-28,94.25
UPS,2026-09-29,93.93
URI,2026-09-23,1031.99
URI,2026-09-24,1021.67
URI,2026-09-25,1047.0601
URI,2026-09-28,1043.92
URI,2026-09-29,1014.54
URW.PA,2026-09-24,92.36
URW.PA,2026-09-25,91.72
URW.PA,2026-09-28,91.7
URW.PA,2026-09-29,90.66
URW.PA,2026-09-30,89.7
USA.L,2026-09-24,376.0
USA.L,2026-09-25,380.0
USA.L,2026-09-28,377.5
USA.L,2026-09-29,380.0
USA.L,2026-09-30,380.8193
USB,2026-09-23,58.48
USB,2026-09-24,58.4
USB,2026-09-25,59.33
USB,2026-09-28,58.78
USB,2026-09-29,58.14
UTG.L,2026-09-24,457.0
UTG.L,2026-09-25,455.8
UTG.L,2026-09-28,464.6
UTG.L,2026-09-29,471.2
UTG.L,2026-09-30,476.0
UU.L,2026-09-24,1398.0
UU.L,2026-09-25,1402.0
UU.L,2026-09-28,1411.0
UU.L,2026-09-29,1407.0
UU.L,2026-09-30,1433.0
V,2026-09-23,361.52
V,2026-09-24,367.98
V,2026-09-25,367.38
V,2026-09-28,367.74
V,2026-09-29,365.88
VCT.L,2026-09-24,878.0
VCT.L,2026-09-25,905.0
VCT.L,2026-09-28,907.0
VCT.L,2026-09-29,915.0
VCT.L,2026-09-30,934.0
VEEV,2026-09-23,270.75
VEEV,2026-09-24,274.84
VEEV,2026-09-25,280.68
VEEV,2026-09-28,279.96
VEEV,2026-09-29,278.57
VEIL.L,2026-09-24,732.0
VEIL.L,2026-09-25,729.0
VEIL.L,2026-09-28,718.0
VEIL.L,2026-09-29,732.0
VEIL.L,2026-09-30,731.05
VICI,2026-09-23,23.7
VICI,2026-09-24,23.27
VICI,2026-09-25,23.51
VICI,2026-09-28,23.19
VICI,2026-09-29,23.2
VIE.PA,2026-09-24,31.31
VIE.PA,2026-09-25,31.36
VIE.PA,2026-09-28,31.09
VIE.PA,2026-09-29,30.93
VIE.PA,2026-09-30,30.97
VLO,2026-09-23,375.84
VLO,2026-09-24,382.86
VLO,2026-09-25,387.18
VLO,2026-09-28,389.57
VLO,2026-09-29,387.72
VLTO,2026-09-23,95.88
VLTO,2026-09-24,96.2
VLTO,2026-09-25,97.14
VLTO,2026-09-28,96.2
VLTO,2026-09-29,96.65
VLX.L,2026-09-24,624.0
VLX.L,2026-09-25,629.0
VLX.L,2026-09-28,632.0
VLX.L,2026-09-29,648.0
VLX.L,2026-09-30,655.409
VMC,2026-09-23,244.4
VMC,2026-09-24,241.7
VMC,2026-09-25,245.0
VMC,2026-09-28,246.15
VMC,2026-09-29,242.75
VMRK,2026-09-23,61.29
VMRK,2026-09-24,61.05
VMRK,2026-09-25,61.51
VMRK,2026-09-28,61.37
VMRK,2026-09-29,61.35
VNA.DE,2026-09-24,17.09
VNA.DE,2026-09-25,17.17
VNA.DE,2026-09-28,17.055
VNA.DE,2026-09-29,17.405
VNA.DE,2026-09-30,17.235
VOD,2026-09-23,16.35
VOD,2026-09-24,16.49
VOD,2026-09-25,16.62
VOD,2026-09-28,16.58
VOD,2026-09-29,16.33
VOD.L,2026-09-24,125.3
VOD.L,2026-09-25,125.8
VOD.L,2026-09-28,125.45
VOD.L,2026-09-29,123.9
VOD.L,2026-09-30,124.05
VOF.L,2026-09-24,429.5
VOF.L,2026-09-25,431.0
VOF.L,2026-09-28,428.0
VOF.L,2026-09-29,428.0
VOF.L,2026-09-30,426.18
VOW.DE,2026-09-24,70.8
VOW.DE,2026-09-25,71.75
VOW.DE,2026-09-28,71.1
VOW.DE,2026-09-29,71.25
VOW.DE,2026-09-30,71.95
VOW3.DE,2026-09-24,70.82
VOW3.DE,2026-09-25,71.72
VOW3.DE,2026-09-28,70.88
VOW3.DE,2026-09-29,71.04
VOW3.DE,2026-09-30,71.6
VRSK,2026-09-23,171.8
VRSK,2026-09-24,168.65
VRSK,2026-09-25,169.21
VRSK,2026-09-28,167.77
VRSK,2026-09-29,165.94
VRSN,2026-09-23,293.28
VRSN,2026-09-24,291.88
VRSN,2026-09-25,287.25
VRSN,2026-09-28,282.07
VRSN,2026-09-29,279.84
VRT,2026-09-23,248.78
VRT,2026-09-24,245.3
VRT,2026-09-25,253.28
VRT,2026-09-28,244.04
VRT,2026-09-29,248.34
VRTX,2026-09-23,516.34
VRTX,2026-09-24,522.38
VRTX,2026-09-25,526.19
VRTX,2026-09-28,527.67
VRTX,2026-09-29,526.73
VST,2026-09-23,137.97
VST,2026-09-24,137.94
VST,2026-09-25,138.46
VST,2026-09-28,138.02
VST,2026-09-29,140.83
VSVS.L,2026-09-24,367.4
VSVS.L,2026-09-25,372.8
VSVS.L,2026-09-28,374.4
VSVS.L,2026-09-29,467.0
VSVS.L,2026-09-30,479.0
VTR,2026-09-23,86.64
VTR,2026-09-24,86.83
VTR,2026-09-25,86.59
VTR,2026-09-28,87.04
VTR,2026-09-29,86.91
VTRS,2026-09-23,17.12
VTRS,2026-09-24,17.42
VTRS,2026-09-25,17.83
VTRS,2026-09-28,18.27
VTRS,2026-09-29,18.12
VTY.L,2026-09-24,259.6
VTY.L,2026-09-25,259.0
VTY.L,2026-09-28,286.6
VTY.L,2026-09-29,264.2
VTY.L,2026-09-30,264.784
VZ,2026-09-23,46.52
VZ,2026-09-24,47.32
VZ,2026-09-25,47.08
VZ,2026-09-28,46.68
VZ,2026-09-29,45.98
WAB,2026-09-23,292.22
WAB,2026-09-24,290.23
WAB,2026-09-25,288.0
WAB,2026-09-28,292.37
WAB,2026-09-29,291.23
WAT,2026-09-23,420.57
WAT,2026-09-24,430.3
WAT,2026-09-25,433.54
WAT,2026-09-28,442.94
WAT,2026-09-29,443.26
WBD,2026-09-23,30.76
WBD,2026-09-24,30.84
WBD,2026-09-25,30.86
WBD,2026-09-28,30.9
WBD,2026-09-29,30.85
WDAY,2026-09-23,192.38
WDAY,2026-09-24,190.99
WDAY,2026-09-25,189.45
WDAY,2026-09-28,188.6
WDAY,2026-09-29,189.17
WDC,2026-09-23,473.69
WDC,2026-09-24,450.31
WDC,2026-09-25,456.81
WDC,2026-09-28,453.23
WDC,2026-09-29,453.48
WEC,2026-09-23,101.17
WEC,2026-09-24,100.9
WEC,2026-09-25,101.45
WEC,2026-09-28,101.45
WEC,2026-09-29,102.58
WEIR.L,2026-09-24,2620.0
WEIR.L,2026-09-25,2644.0
WEIR.L,2026-09-28,2634.0
WEIR.L,2026-09-29,2712.0
WEIR.L,2026-09-30,2746.0
WELL,2026-09-23,229.87
WELL,2026-09-24,233.61
WELL,2026-09-25,231.37
WELL,2026-09-28,232.96
WELL,2026-09-29,232.9
WFC,2026-09-23,81.9
WFC,2026-09-24,82.18
WFC,2026-09-25,82.97
WFC,2026-09-28,80.81
WFC,2026-09-29,80.48
WIX.L,2026-09-24,198.8
WIX.L,2026-09-25,200.0
WIX.L,2026-09-28,205.5
WIX.L,2026-09-29,207.0
WIX.L,2026-09-30,208.0
WIZZ.L,2026-09-24,1024.0
WIZZ.L,2026-09-25,1055.0
WIZZ.L,2026-09-28,1039.0
WIZZ.L,2026-09-29,1061.0
WIZZ.L,2026-09-30,1068.0
WKL.AS,2026-09-24,68.82
WKL.AS,2026-09-25,68.66
WKL.AS,2026-09-28,67.48
WKL.AS,2026-09-29,68.0
WKL.AS,2026-09-30,67.54
WKP.L,2026-09-24,351.4
WKP.L,2026-09-25,357.0
WKP.L,2026-09-28,363.0
WKP.L,2026-09-29,368.6
WKP.L,2026-09-30,375.4
WM,2026-09-23,207.88
WM,2026-09-24,207.96
WM,2026-09-25,206.83
WM,2026-09-28,206.44
WM,2026-09-29,207.09
WMB,2026-09-23,71.11
WMB,2026-09-24,70.58
WMB,2026-09-25,69.26
WMB,2026-09-28,68.98
WMB,2026-09-29,68.63
WMT,2026-09-23,110.53
WMT,2026-09-24,107.59
WMT,2026-09-25,107.98
WMT,2026-09-28,108.73
WMT,2026-09-29,106.8
WOSG.L,2026-09-24,679.5
WOSG.L,2026-09-25,672.5
WOSG.L,2026-09-28,682.0
WOSG.L,2026-09-29,683.5
WOSG.L,2026-09-30,705.0
WPP.L,2026-09-24,382.2
WPP.L,2026-09-25,393.5
WPP.L,2026-09-28,385.8
WPP.L,2026-09-29,383.6
WPP.L,2026-09-30,365.9
WRB,2026-09-23,67.67
WRB,2026-09-24,67.29
WRB,2026-09-25,66.82
WRB,2026-09-28,67.66
WRB,2026-09-29,68.22
WSM,2026-09-23,227.83
WSM,2026-09-24,228.66
WSM,2026-09-25,231.9
WSM,2026-09-28,231.03
WSM,2026-09-29,229.96
WST,2026-09-23,375.87
WST,2026-09-24,373.6
WST,2026-09-25,370.44
WST,2026-09-28,375.65
WST,2026-09-29,376.63
WTB.L,2026-09-24,2328.0
WTB.L,2026-09-25,2348.0
WTB.L,2026-09-28,2367.0
WTB.L,2026-09-29,2391.0
WTB.L,2026-09-30,2416.0
WTW,2026-09-23,298.99
WTW,2026-09-24,293.63
WTW,2026-09-25,293.99
WTW,2026-09-28,292.11
WTW,2026-09-29,288.57
WWH.L,2026-09-24,380.5
WWH.L,2026-09-25,382.0
WWH.L,2026-09-28,382.5
WWH.L,2026-09-29,381.0
WWH.L,2026-09-30,380.5
WY,2026-09-23,21.17
WY,2026-09-24,20.14
WY,2026-09-25,20.01
WY,2026-09-28,19.72
WY,2026-09-29,19.55
WYNN,2026-09-23,81.45
WYNN,2026-09-24,80.19
WYNN,2026-09-25,81.12
WYNN,2026-09-28,80.52
WYNN,2026-09-29,78.23
XEL,2026-09-23,70.66
XEL,2026-09-24,69.56
XEL,2026-09-25,69.8
XEL,2026-09-28,69.39
XEL,2026-09-29,70.69
XOM,2026-09-23,161.23
XOM,2026-09-24,162.14
XOM,2026-09-25,160.59
XOM,2026-09-28,162.52
XOM,2026-09-29,161.35
XPP.L,2026-09-24,2030.0
XPP.L,2026-09-25,2045.0
XPP.L,2026-09-28,2010.0
XPP.L,2026-09-29,2035.0
XPP.L,2026-09-30,2005.0
XPS.L,2026-09-24,298.5
XPS.L,2026-09-25,296.5
XPS.L,2026-09-28,298.0
XPS.L,2026-09-29,301.5
XPS.L,2026-09-30,305.5
XYL,2026-09-23,108.64
XYL,2026-09-24,102.66
XYL,2026-09-25,102.63
XYL,2026-09-28,100.91
XYL,2026-09-29,100.93
XYZ,2026-09-23,74.68
XYZ,2026-09-24,76.74
XYZ,2026-09-25,76.42
XYZ,2026-09-28,73.31
XYZ,2026-09-29,74.05
YUM,2026-09-23,140.63
YUM,2026-09-24,137.34
YUM,2026-09-25,138.63
YUM,2026-09-28,138.28
YUM,2026-09-29,137.73
ZAL.DE,2026-09-24,22.12
ZAL.DE,2026-09-25,22.03
ZAL.DE,2026-09-28,21.8
ZAL.DE,2026-09-29,21.87
ZAL.DE,2026-09-30,22.55
ZBH,2026-09-23,90.88
ZBH,2026-09-24,89.69
ZBH,2026-09-25,91.04
ZBH,2026-09-28,91.62
ZBH,2026-09-29,91.34
ZBRA,2026-09-23,371.02
ZBRA,2026-09-24,365.1
ZBRA,2026-09-25,370.04
ZBRA,2026-09-28,371.87
ZBRA,2026-09-29,375.97
ZIG.L,2026-09-24,428.0
ZIG.L,2026-09-25,428.5
ZIG.L,2026-09-28,433.0
ZIG.L,2026-09-29,467.5
ZIG.L,2026-09-30,473.25
ZTS,2026-09-23,71.61
ZTS,2026-09-24,70.27
ZTS,2026-09-25,71.05
ZTS,2026-09-28,71.43
ZTS,2026-09-29,70.3
^FCHI,2026-09-24,8081.4302
^FCHI,2026-09-25,8077.7998
^FCHI,2026-09-28,8078.48
^FCHI,2026-09-29,8035.8701
^FCHI,2026-09-30,7989.96
^FTMC,2026-09-24,24154.3008
^FTMC,2026-09-25,24261.0996
^FTMC,2026-09-28,24335.3008
^FTMC,2026-09-29,24374.8008
^FTMC,2026-09-30,24541.6797
^FTSE,2026-09-24,10680.0
^FTSE,2026-09-25,10695.2998
^FTSE,2026-09-28,10684.9004
^FTSE,2026-09-29,10636.7002
^FTSE,2026-09-30,10645.1699
^GDAXI,2026-09-24,25266.5293
^GDAXI,2026-09-25,25408.6406
^GDAXI,2026-09-28,25374.4199
^GDAXI,2026-09-29,25399.2109
^GDAXI,2026-09-30,25318.5508
^STOXX50E,2026-09-24,6272.5
^STOXX50E,2026-09-25,6302.8198
^STOXX50E,2026-09-28,6301.2798
^STOXX50E,2026-09-29,6320.2598
^STOXX50E,2026-09-30,6299.27
